Id,Name,2023-08-01 10:31:30,2023-08-13 23:21:07,2023-08-13 23:23:22,2023-08-13 23:25:25,2023-08-13 23:27:10,2023-08-13 23:27:19,2023-08-14 13:38:47,2023-08-14 13:39:47,2023-08-14 13:54:49,2023-08-14 13:55:22,2023-08-14 13:56:26,2023-08-14 14:01:36,2023-08-14 14:04:04,2023-08-14 14:05:23,2023-08-14 14:14:23,2023-08-14 14:19:22,2023-08-14 14:19:52,2023-08-14 14:21:40,2023-08-14 14:23:56,2023-08-14 14:24:21,2023-08-14 14:25:00,2023-08-14 14:25:59,2023-08-14 14:26:59,2023-08-14 14:27:34,2023-08-14 14:28:21,2023-08-14 14:36:04,2023-08-14 14:36:26,2023-08-14 14:36:38,2023-08-14 14:58:07
19704017,AFOX IH110D4-MA2-V2 에즈윈,"86,740",0,0,0,0,0,0,0,0,0,0,0,0,0,0,0,0,0,0,0,0,0,0,0,0,0,0,0,0
19995881,AFOX IH310C-MA6-V4 에즈윈,"71,640",0,0,0,0,0,0,0,0,0,0,0,0,0,0,0,0,0,0,0,0,0,0,0,0,0,0,0,0
14043278,AFOX IH61-MA5-V2 에즈윈,"98,250",0,0,0,0,0,0,0,0,0,0,0,0,0,0,0,0,0,0,0,0,0,0,0,0,0,0,0,0
6948952,ASRock A320M-HDV R4.0 에즈윈,일시품절,0,0,0,0,0,0,0,0,0,0,0,0,0,0,0,0,0,0,0,0,0,0,0,0,0,0,0,0
10864752,ASRock A320M-HDVP 디앤디컴,"94,000",0,0,0,0,0,0,0,0,0,0,0,0,0,0,0,0,0,0,0,0,0,0,0,0,0,0,0,0
12074723,ASRock A520M PRO4 디앤디컴,일시품절,0,0,0,0,0,0,0,0,0,0,0,0,0,0,0,0,0,0,0,0,0,0,0,0,0,0,0,0
18403331,ASRock A520M-HDV 대원씨티에스,"73,810",0,0,0,0,0,0,0,0,0,0,0,0,0,0,0,0,0,0,0,0,0,0,0,0,0,0,0,0
21695969,ASRock A520M-HDV 대원씨티에스 (벌크),"73,890",0,0,0,0,0,0,0,0,0,0,0,0,0,0,0,0,0,0,0,0,0,0,0,0,0,0,0,0
12092663,ASRock A520M-HDV 디앤디컴,"79,750",0,0,0,0,0,0,0,0,0,0,0,0,0,0,0,0,0,0,0,0,0,0,0,0,0,0,0,0
12130286,ASRock A520M-HDV 에즈윈,"79,610",0,0,0,0,0,0,0,0,0,0,0,0,0,0,0,0,0,0,0,0,0,0,0,0,0,0,0,0
12086510,ASRock A520M-HVS 디앤디컴,"76,810",0,0,0,0,0,0,0,0,0,0,0,0,0,0,0,0,0,0,0,0,0,0,0,0,0,0,0,0
12130319,ASRock A520M-HVS 에즈윈,"76,670",0,0,0,0,0,0,0,0,0,0,0,0,0,0,0,0,0,0,0,0,0,0,0,0,0,0,0,0
20524634,ASRock A520M-HVS 에즈윈 (벌크),"73,260",0,0,0,0,0,0,0,0,0,0,0,0,0,0,0,0,0,0,0,0,0,0,0,0,0,0,0,0
12121013,ASRock A520M-ITX/ac 디앤디컴,"178,380",0,0,0,0,0,0,0,0,0,0,0,0,0,0,0,0,0,0,0,0,0,0,0,0,0,0,0,0
19995209,ASRock A620M Pro RS WIFI 디앤디컴,"219,000",0,0,0,0,0,0,0,0,0,0,0,0,0,0,0,0,0,0,0,0,0,0,0,0,0,0,0,0
20471945,ASRock A620M Pro RS WIFI 에즈윈,"202,970",0,0,0,0,0,0,0,0,0,0,0,0,0,0,0,0,0,0,0,0,0,0,0,0,0,0,0,0
20505809,ASRock A620M Pro RS WiFi 대원씨티에스,"197,140",0,0,0,0,0,0,0,0,0,0,0,0,0,0,0,0,0,0,0,0,0,0,0,0,0,0,0,0
20505392,ASRock A620M Pro RS 대원씨티에스,"173,000",0,0,0,0,0,0,0,0,0,0,0,0,0,0,0,0,0,0,0,0,0,0,0,0,0,0,0,0
19830806,ASRock A620M Pro RS 디앤디컴,"188,940",0,0,0,0,0,0,0,0,0,0,0,0,0,0,0,0,0,0,0,0,0,0,0,0,0,0,0,0
19755455,ASRock A620M Pro RS 에즈윈,"181,580",0,0,0,0,0,0,0,0,0,0,0,0,0,0,0,0,0,0,0,0,0,0,0,0,0,0,0,0
20140877,ASRock A620M-HDV/M.2 + WiFi6E 모듈 패키지 디앤디컴,"163,800",0,0,0,0,0,0,0,0,0,0,0,0,0,0,0,0,0,0,0,0,0,0,0,0,0,0,0,0
19936247,ASRock A620M-HDV/M.2 대원씨티에스,"133,240",0,0,0,0,0,0,0,0,0,0,0,0,0,0,0,0,0,0,0,0,0,0,0,0,0,0,0,0
19827944,ASRock A620M-HDV/M.2 디앤디컴,"134,350",0,0,0,0,0,0,0,0,0,0,0,0,0,0,0,0,0,0,0,0,0,0,0,0,0,0,0,0
20140688,ASRock A620M-HDV/M.2+ + WiFi6E 모듈 패키지 디앤디컴,"178,990",0,0,0,0,0,0,0,0,0,0,0,0,0,0,0,0,0,0,0,0,0,0,0,0,0,0,0,0
20506130,ASRock A620M-HDV/M.2+ 대원씨티에스,"143,570",0,0,0,0,0,0,0,0,0,0,0,0,0,0,0,0,0,0,0,0,0,0,0,0,0,0,0,0
19827572,ASRock A620M-HDV/M.2+ 디앤디컴,"146,720",0,0,0,0,0,0,0,0,0,0,0,0,0,0,0,0,0,0,0,0,0,0,0,0,0,0,0,0
19755890,ASRock A620M-HDV/M.2+ 에즈윈,"147,930",0,0,0,0,0,0,0,0,0,0,0,0,0,0,0,0,0,0,0,0,0,0,0,0,0,0,0,0
1357994,ASRock A780GM-LE (중고),"50,000",0,0,0,0,0,0,0,0,0,0,0,0,0,0,0,0,0,0,0,0,0,0,0,0,0,0,0,0
7015291,ASRock B450 스틸레전드 디앤디컴,"231,000",0,0,0,0,0,0,0,0,0,0,0,0,0,0,0,0,0,0,0,0,0,0,0,0,0,0,0,0
11674511,ASRock B460 스틸레전드 디앤디컴,"276,800",0,0,0,0,0,0,0,0,0,0,0,0,0,0,0,0,0,0,0,0,0,0,0,0,0,0,0,0
11764859,ASRock B550 Phantom Gaming 4 디앤디컴,"138,750",0,0,0,0,0,0,0,0,0,0,0,0,0,0,0,0,0,0,0,0,0,0,0,0,0,0,0,0
11649263,ASRock B550M PRO4 디앤디컴,"137,700",0,0,0,0,0,0,0,0,0,0,0,0,0,0,0,0,0,0,0,0,0,0,0,0,0,0,0,0
18262592,ASRock B550M PRO4 디앤디컴 (벌크),"134,030",0,0,0,0,0,0,0,0,0,0,0,0,0,0,0,0,0,0,0,0,0,0,0,0,0,0,0,0
11572991,ASRock B550M PRO4 에즈윈,"131,990",0,0,0,0,0,0,0,0,0,0,0,0,0,0,0,0,0,0,0,0,0,0,0,0,0,0,0,0
19627397,ASRock B550M Phantom Gaming 4 대원씨티에스,"108,750",0,0,0,0,0,0,0,0,0,0,0,0,0,0,0,0,0,0,0,0,0,0,0,0,0,0,0,0
12487823,ASRock B550M Phantom Gaming 4 디앤디컴,"117,000",0,0,0,0,0,0,0,0,0,0,0,0,0,0,0,0,0,0,0,0,0,0,0,0,0,0,0,0
12464213,ASRock B550M Phantom Gaming 4 에즈윈,"114,170",0,0,0,0,0,0,0,0,0,0,0,0,0,0,0,0,0,0,0,0,0,0,0,0,0,0,0,0
18403334,ASRock B550M-HDV 대원씨티에스,"94,250",0,0,0,0,0,0,0,0,0,0,0,0,0,0,0,0,0,0,0,0,0,0,0,0,0,0,0,0
12797720,ASRock B550M-HDV 디앤디컴,"106,580",0,0,0,0,0,0,0,0,0,0,0,0,0,0,0,0,0,0,0,0,0,0,0,0,0,0,0,0
11573573,ASRock B550M-HDV 에즈윈,"108,000",0,0,0,0,0,0,0,0,0,0,0,0,0,0,0,0,0,0,0,0,0,0,0,0,0,0,0,0
12022880,ASRock B550M-ITX/ac 디앤디컴,"227,810",0,0,0,0,0,0,0,0,0,0,0,0,0,0,0,0,0,0,0,0,0,0,0,0,0,0,0,0
13512974,ASRock B560 PRO4 디앤디컴,일시품절,0,0,0,0,0,0,0,0,0,0,0,0,0,0,0,0,0,0,0,0,0,0,0,0,0,0,0,0
13289012,ASRock B560 PRO4 에즈윈,"175,000",0,0,0,0,0,0,0,0,0,0,0,0,0,0,0,0,0,0,0,0,0,0,0,0,0,0,0,0
13418717,ASRock B560M PRO4 디앤디컴,일시품절,0,0,0,0,0,0,0,0,0,0,0,0,0,0,0,0,0,0,0,0,0,0,0,0,0,0,0,0
13289171,ASRock B560M PRO4 에즈윈,"117,000",0,0,0,0,0,0,0,0,0,0,0,0,0,0,0,0,0,0,0,0,0,0,0,0,0,0,0,0
13601942,ASRock B560M 스틸레전드 디앤디컴,일시품절,0,0,0,0,0,0,0,0,0,0,0,0,0,0,0,0,0,0,0,0,0,0,0,0,0,0,0,0
13425908,ASRock B560M 스틸레전드 에즈윈,"175,000",0,0,0,0,0,0,0,0,0,0,0,0,0,0,0,0,0,0,0,0,0,0,0,0,0,0,0,0
14943890,ASRock B560M-HDV 에즈윈 (벌크),"108,400",0,0,0,0,0,0,0,0,0,0,0,0,0,0,0,0,0,0,0,0,0,0,0,0,0,0,0,0
19754957,ASRock B560M-HDV/M.2 디앤디컴,"93,970",0,0,0,0,0,0,0,0,0,0,0,0,0,0,0,0,0,0,0,0,0,0,0,0,0,0,0,0
20280200,ASRock B560M-HDV/M.2 디앤디컴 (벌크),"117,000",0,0,0,0,0,0,0,0,0,0,0,0,0,0,0,0,0,0,0,0,0,0,0,0,0,0,0,0
19844990,ASRock B560M-HDV/M.2 에즈윈,"93,970",0,0,0,0,0,0,0,0,0,0,0,0,0,0,0,0,0,0,0,0,0,0,0,0,0,0,0,0
18718865,ASRock B650 LiveMixer 대원씨티에스,"317,210",0,0,0,0,0,0,0,0,0,0,0,0,0,0,0,0,0,0,0,0,0,0,0,0,0,0,0,0
18039902,ASRock B650 LiveMixer 디앤디컴,"387,240",0,0,0,0,0,0,0,0,0,0,0,0,0,0,0,0,0,0,0,0,0,0,0,0,0,0,0,0
19649354,ASRock B650 PG Lightning + WiFi6E 모듈 패키지 디앤디컴,"348,250",0,0,0,0,0,0,0,0,0,0,0,0,0,0,0,0,0,0,0,0,0,0,0,0,0,0,0,0
17971598,ASRock B650 PG Lightning 대원씨티에스,"267,510",0,0,0,0,0,0,0,0,0,0,0,0,0,0,0,0,0,0,0,0,0,0,0,0,0,0,0,0
17971196,ASRock B650 PG Lightning 디앤디컴,"317,960",0,0,0,0,0,0,0,0,0,0,0,0,0,0,0,0,0,0,0,0,0,0,0,0,0,0,0,0
17971244,ASRock B650 PG Lightning 에즈윈,"308,030",0,0,0,0,0,0,0,0,0,0,0,0,0,0,0,0,0,0,0,0,0,0,0,0,0,0,0,0
19648718,ASRock B650 Pro RS + WiFi6E 모듈 패키지 디앤디컴,"365,570",0,0,0,0,0,0,0,0,0,0,0,0,0,0,0,0,0,0,0,0,0,0,0,0,0,0,0,0
18718829,ASRock B650 Pro RS 대원씨티에스,"292,910",0,0,0,0,0,0,0,0,0,0,0,0,0,0,0,0,0,0,0,0,0,0,0,0,0,0,0,0
17971202,ASRock B650 Pro RS 디앤디컴,"330,900",0,0,0,0,0,0,0,0,0,0,0,0,0,0,0,0,0,0,0,0,0,0,0,0,0,0,0,0
17971247,ASRock B650 Pro RS 에즈윈,"322,250",0,0,0,0,0,0,0,0,0,0,0,0,0,0,0,0,0,0,0,0,0,0,0,0,0,0,0,0
18007478,ASRock B650E PG Riptide WiFi 대원씨티에스,"357,570",0,0,0,0,0,0,0,0,0,0,0,0,0,0,0,0,0,0,0,0,0,0,0,0,0,0,0,0
17971205,ASRock B650E PG Riptide WiFi 디앤디컴,"400,550",0,0,0,0,0,0,0,0,0,0,0,0,0,0,0,0,0,0,0,0,0,0,0,0,0,0,0,0
17971259,ASRock B650E PG Riptide WiFi 에즈윈,"375,690",0,0,0,0,0,0,0,0,0,0,0,0,0,0,0,0,0,0,0,0,0,0,0,0,0,0,0,0
18007490,ASRock B650E PG-ITX WiFi 대원씨티에스,"455,210",0,0,0,0,0,0,0,0,0,0,0,0,0,0,0,0,0,0,0,0,0,0,0,0,0,0,0,0
18094733,ASRock B650E PG-ITX WiFi 디앤디컴,"484,510",0,0,0,0,0,0,0,0,0,0,0,0,0,0,0,0,0,0,0,0,0,0,0,0,0,0,0,0
17971547,ASRock B650E PG-ITX WiFi 에즈윈,일시품절,0,0,0,0,0,0,0,0,0,0,0,0,0,0,0,0,0,0,0,0,0,0,0,0,0,0,0,0
18007499,ASRock B650E 스틸레전드 WiFi 대원씨티에스,"375,540",0,0,0,0,0,0,0,0,0,0,0,0,0,0,0,0,0,0,0,0,0,0,0,0,0,0,0,0
17971193,ASRock B650E 스틸레전드 WiFi 디앤디컴,"458,990",0,0,0,0,0,0,0,0,0,0,0,0,0,0,0,0,0,0,0,0,0,0,0,0,0,0,0,0
17971604,ASRock B650M PG Riptide 대원씨티에스,"228,360",0,0,0,0,0,0,0,0,0,0,0,0,0,0,0,0,0,0,0,0,0,0,0,0,0,0,0,0
17971199,ASRock B650M PG Riptide 디앤디컴,"272,990",0,0,0,0,0,0,0,0,0,0,0,0,0,0,0,0,0,0,0,0,0,0,0,0,0,0,0,0
17971253,ASRock B650M PG Riptide 에즈윈,"236,450",0,0,0,0,0,0,0,0,0,0,0,0,0,0,0,0,0,0,0,0,0,0,0,0,0,0,0,0
21755828,ASRock B650M Pro RS + WiFi6E 모듈 패키지 디앤디컴,"254,660",0,0,0,0,0,0,0,0,0,0,0,0,0,0,0,0,0,0,0,0,0,0,0,0,0,0,0,0
20444672,ASRock B650M Pro RS WIFI 디앤디컴,"247,760",0,0,0,0,0,0,0,0,0,0,0,0,0,0,0,0,0,0,0,0,0,0,0,0,0,0,0,0
20471387,ASRock B650M Pro RS WIFI 에즈윈,"244,460",0,0,0,0,0,0,0,0,0,0,0,0,0,0,0,0,0,0,0,0,0,0,0,0,0,0,0,0
21628184,ASRock B650M Pro RS WiFi 대원씨티에스,일시품절,0,0,0,0,0,0,0,0,0,0,0,0,0,0,0,0,0,0,0,0,0,0,0,0,0,0,0,0
21627827,ASRock B650M Pro RS 대원씨티에스,가격비교예정,0,0,0,0,0,0,0,0,0,0,0,0,0,0,0,0,0,0,0,0,0,0,0,0,0,0,0,0
20391572,ASRock B650M Pro RS 디앤디컴,"223,590",0,0,0,0,0,0,0,0,0,0,0,0,0,0,0,0,0,0,0,0,0,0,0,0,0,0,0,0
20471477,ASRock B650M Pro RS 에즈윈,"228,000",0,0,0,0,0,0,0,0,0,0,0,0,0,0,0,0,0,0,0,0,0,0,0,0,0,0,0,0
19627259,ASRock B650M-HDV/M.2 대원씨티에스,"185,680",0,0,0,0,0,0,0,0,0,0,0,0,0,0,0,0,0,0,0,0,0,0,0,0,0,0,0,0
19572686,ASRock B650M-HDV/M.2 디앤디컴,"191,100",0,0,0,0,0,0,0,0,0,0,0,0,0,0,0,0,0,0,0,0,0,0,0,0,0,0,0,0
19536692,ASRock B650M-HDV/M.2 에즈윈,"198,190",0,0,0,0,0,0,0,0,0,0,0,0,0,0,0,0,0,0,0,0,0,0,0,0,0,0,0,0
16194251,ASRock B660 Pro RS D4 디앤디컴,"230,720",0,0,0,0,0,0,0,0,0,0,0,0,0,0,0,0,0,0,0,0,0,0,0,0,0,0,0,0
16145474,ASRock B660 Pro RS D4 에즈윈,"216,000",0,0,0,0,0,0,0,0,0,0,0,0,0,0,0,0,0,0,0,0,0,0,0,0,0,0,0,0
16528016,ASRock B660 스틸레전드 D4 디앤디컴,일시품절,0,0,0,0,0,0,0,0,0,0,0,0,0,0,0,0,0,0,0,0,0,0,0,0,0,0,0,0
16405937,ASRock B660 스틸레전드 D4 에즈윈,"279,500",0,0,0,0,0,0,0,0,0,0,0,0,0,0,0,0,0,0,0,0,0,0,0,0,0,0,0,0
16814663,ASRock B660M Phantom Gaming 4 D4 디앤디컴,"136,310",0,0,0,0,0,0,0,0,0,0,0,0,0,0,0,0,0,0,0,0,0,0,0,0,0,0,0,0
16882091,ASRock B660M Phantom Gaming 4 D4 에즈윈,"137,720",0,0,0,0,0,0,0,0,0,0,0,0,0,0,0,0,0,0,0,0,0,0,0,0,0,0,0,0
16637738,ASRock B660M Pro RS D4 + WiFi6E 모듈 패키지 디앤디컴,"178,500",0,0,0,0,0,0,0,0,0,0,0,0,0,0,0,0,0,0,0,0,0,0,0,0,0,0,0,0
16670201,ASRock B660M Pro RS D4 + WiFi6E 모듈 패키지 에즈윈,"841,700",0,0,0,0,0,0,0,0,0,0,0,0,0,0,0,0,0,0,0,0,0,0,0,0,0,0,0,0
16094585,ASRock B660M Pro RS D4 디앤디컴,"149,600",0,0,0,0,0,0,0,0,0,0,0,0,0,0,0,0,0,0,0,0,0,0,0,0,0,0,0,0
16089554,ASRock B660M Pro RS D4 에즈윈,"150,840",0,0,0,0,0,0,0,0,0,0,0,0,0,0,0,0,0,0,0,0,0,0,0,0,0,0,0,0
17353070,ASRock B660M Pro RS/D5 디앤디컴,"177,310",0,0,0,0,0,0,0,0,0,0,0,0,0,0,0,0,0,0,0,0,0,0,0,0,0,0,0,0
17403119,ASRock B660M Pro RS/D5 에즈윈,"208,370",0,0,0,0,0,0,0,0,0,0,0,0,0,0,0,0,0,0,0,0,0,0,0,0,0,0,0,0
16619693,ASRock B660M 스틸레전드 D4 디앤디컴,"1,000,000",0,0,0,0,0,0,0,0,0,0,0,0,0,0,0,0,0,0,0,0,0,0,0,0,0,0,0,0
16094537,ASRock B660M-HDV D4 디앤디컴,"354,900",0,0,0,0,0,0,0,0,0,0,0,0,0,0,0,0,0,0,0,0,0,0,0,0,0,0,0,0
16090028,ASRock B660M-HDV D4 에즈윈,일시품절,0,0,0,0,0,0,0,0,0,0,0,0,0,0,0,0,0,0,0,0,0,0,0,0,0,0,0,0
18742877,ASRock B660M-HDVP/D5 R2.0 디앤디컴,"131,210",0,0,0,0,0,0,0,0,0,0,0,0,0,0,0,0,0,0,0,0,0,0,0,0,0,0,0,0
19305758,ASRock B660M-HDVP/D5 R2.0 디앤디컴 (벌크),"131,700",0,0,0,0,0,0,0,0,0,0,0,0,0,0,0,0,0,0,0,0,0,0,0,0,0,0,0,0
17856809,ASRock B660M-HDVP/D5 R2.0 에즈윈,"136,470",0,0,0,0,0,0,0,0,0,0,0,0,0,0,0,0,0,0,0,0,0,0,0,0,0,0,0,0
17541941,ASRock B660M-HDVP/D5 R2.0 에즈윈 (벌크),"130,850",0,0,0,0,0,0,0,0,0,0,0,0,0,0,0,0,0,0,0,0,0,0,0,0,0,0,0,0
16638353,ASRock B660M-HDVP/D5 디앤디컴,"152,520",0,0,0,0,0,0,0,0,0,0,0,0,0,0,0,0,0,0,0,0,0,0,0,0,0,0,0,0
16479872,ASRock B660M-HDVP/D5 에즈윈 (벌크),"141,000",0,0,0,0,0,0,0,0,0,0,0,0,0,0,0,0,0,0,0,0,0,0,0,0,0,0,0,0
16500779,ASRock B660M-ITX/ac D4 디앤디컴,"193,920",0,0,0,0,0,0,0,0,0,0,0,0,0,0,0,0,0,0,0,0,0,0,0,0,0,0,0,0
16411643,ASRock B660M-ITX/ac D4 에즈윈,"700,000",0,0,0,0,0,0,0,0,0,0,0,0,0,0,0,0,0,0,0,0,0,0,0,0,0,0,0,0
14652515,ASRock B75M-DGS (중고),"33,480",0,0,0,0,0,0,0,0,0,0,0,0,0,0,0,0,0,0,0,0,0,0,0,0,0,0,0,0
18652151,ASRock B760 Pro RS D5 디앤디컴,"240,500",0,0,0,0,0,0,0,0,0,0,0,0,0,0,0,0,0,0,0,0,0,0,0,0,0,0,0,0
18645974,ASRock B760 Pro RS D5 에즈윈,"243,550",0,0,0,0,0,0,0,0,0,0,0,0,0,0,0,0,0,0,0,0,0,0,0,0,0,0,0,0
20524469,ASRock B760M PG LIGHTNING D5 디앤디컴,"168,360",0,0,0,0,0,0,0,0,0,0,0,0,0,0,0,0,0,0,0,0,0,0,0,0,0,0,0,0
20530115,ASRock B760M PG LIGHTNING D5 에즈윈,"163,950",0,0,0,0,0,0,0,0,0,0,0,0,0,0,0,0,0,0,0,0,0,0,0,0,0,0,0,0
20405063,ASRock B760M PG LIGHTNING/D4 디앤디컴,"155,800",0,0,0,0,0,0,0,0,0,0,0,0,0,0,0,0,0,0,0,0,0,0,0,0,0,0,0,0
20101856,ASRock B760M PG Riptide D5 + WiFi6E 모듈 패키지 디앤디컴,"223,720",0,0,0,0,0,0,0,0,0,0,0,0,0,0,0,0,0,0,0,0,0,0,0,0,0,0,0,0
18652586,ASRock B760M PG Riptide D5 디앤디컴,"191,870",0,0,0,0,0,0,0,0,0,0,0,0,0,0,0,0,0,0,0,0,0,0,0,0,0,0,0,0
18646934,ASRock B760M PG Riptide D5 에즈윈,"191,520",0,0,0,0,0,0,0,0,0,0,0,0,0,0,0,0,0,0,0,0,0,0,0,0,0,0,0,0
18652196,ASRock B760M PG SONIC WiFi D5 디앤디컴,"261,450",0,0,0,0,0,0,0,0,0,0,0,0,0,0,0,0,0,0,0,0,0,0,0,0,0,0,0,0
18646154,ASRock B760M PG SONIC WiFi D5 에즈윈,"271,130",0,0,0,0,0,0,0,0,0,0,0,0,0,0,0,0,0,0,0,0,0,0,0,0,0,0,0,0
20103287,ASRock B760M Pro RS D5 + WiFi6E 모듈 패키지 디앤디컴,"222,000",0,0,0,0,0,0,0,0,0,0,0,0,0,0,0,0,0,0,0,0,0,0,0,0,0,0,0,0
19498640,ASRock B760M Pro RS D5 디앤디컴,"193,000",0,0,0,0,0,0,0,0,0,0,0,0,0,0,0,0,0,0,0,0,0,0,0,0,0,0,0,0
19536062,ASRock B760M Pro RS D5 에즈윈,"186,490",0,0,0,0,0,0,0,0,0,0,0,0,0,0,0,0,0,0,0,0,0,0,0,0,0,0,0,0
18652253,ASRock B760M Pro RS/D4 WiFi 디앤디컴,"181,650",0,0,0,0,0,0,0,0,0,0,0,0,0,0,0,0,0,0,0,0,0,0,0,0,0,0,0,0
18645737,ASRock B760M Pro RS/D4 WiFi 에즈윈,"178,480",0,0,0,0,0,0,0,0,0,0,0,0,0,0,0,0,0,0,0,0,0,0,0,0,0,0,0,0
18652220,ASRock B760M Pro RS/D4 디앤디컴,"174,300",0,0,0,0,0,0,0,0,0,0,0,0,0,0,0,0,0,0,0,0,0,0,0,0,0,0,0,0
18645065,ASRock B760M Pro RS/D4 에즈윈,"171,750",0,0,0,0,0,0,0,0,0,0,0,0,0,0,0,0,0,0,0,0,0,0,0,0,0,0,0,0
18652601,ASRock B760M 스틸레전드 WiFi D5 디앤디컴,"223,590",0,0,0,0,0,0,0,0,0,0,0,0,0,0,0,0,0,0,0,0,0,0,0,0,0,0,0,0
18646550,ASRock B760M 스틸레전드 WiFi D5 에즈윈,"227,370",0,0,0,0,0,0,0,0,0,0,0,0,0,0,0,0,0,0,0,0,0,0,0,0,0,0,0,0
21482249,ASRock B760M-H/M.2 D5 디앤디컴,"139,700",0,0,0,0,0,0,0,0,0,0,0,0,0,0,0,0,0,0,0,0,0,0,0,0,0,0,0,0
20126900,ASRock B760M-HDVP D5 에즈윈,"153,010",0,0,0,0,0,0,0,0,0,0,0,0,0,0,0,0,0,0,0,0,0,0,0,0,0,0,0,0
20536331,ASRock B760M-HDVP D5 에즈윈 (벌크),"143,690",0,0,0,0,0,0,0,0,0,0,0,0,0,0,0,0,0,0,0,0,0,0,0,0,0,0,0,0
18647414,ASRock B760M-ITX/D4 WiFi 에즈윈,"211,110",0,0,0,0,0,0,0,0,0,0,0,0,0,0,0,0,0,0,0,0,0,0,0,0,0,0,0,0
5994057,ASRock B85M PRO4 (중고),"38,900",0,0,0,0,0,0,0,0,0,0,0,0,0,0,0,0,0,0,0,0,0,0,0,0,0,0,0,0
17968601,ASRock C621A WS 에즈윈,"1,557,660",0,0,0,0,0,0,0,0,0,0,0,0,0,0,0,0,0,0,0,0,0,0,0,0,0,0,0,0
17021852,ASRock H310CM-HDVP 에즈윈,"135,000",0,0,0,0,0,0,0,0,0,0,0,0,0,0,0,0,0,0,0,0,0,0,0,0,0,0,0,0
11399340,ASRock H470 스틸레전드 디앤디컴,"190,800",0,0,0,0,0,0,0,0,0,0,0,0,0,0,0,0,0,0,0,0,0,0,0,0,0,0,0,0
11399469,ASRock H470M PRO4 디앤디컴,"189,050",0,0,0,0,0,0,0,0,0,0,0,0,0,0,0,0,0,0,0,0,0,0,0,0,0,0,0,0
14836523,ASRock H510M-HDV R2.0 에즈윈 (벌크),"92,750",0,0,0,0,0,0,0,0,0,0,0,0,0,0,0,0,0,0,0,0,0,0,0,0,0,0,0,0
13643204,ASRock H510M-HDV 디앤디컴,"178,000",0,0,0,0,0,0,0,0,0,0,0,0,0,0,0,0,0,0,0,0,0,0,0,0,0,0,0,0
13584227,ASRock H510M-HDV 에즈윈,일시품절,0,0,0,0,0,0,0,0,0,0,0,0,0,0,0,0,0,0,0,0,0,0,0,0,0,0,0,0
13584266,ASRock H510M-HDV 에즈윈 (벌크),"91,000",0,0,0,0,0,0,0,0,0,0,0,0,0,0,0,0,0,0,0,0,0,0,0,0,0,0,0,0
13644035,ASRock H510M-HDV/M.2 디앤디컴,"99,000",0,0,0,0,0,0,0,0,0,0,0,0,0,0,0,0,0,0,0,0,0,0,0,0,0,0,0,0
13653038,ASRock H510M-HDV/M.2 에즈윈,"93,600",0,0,0,0,0,0,0,0,0,0,0,0,0,0,0,0,0,0,0,0,0,0,0,0,0,0,0,0
13602143,ASRock H570 스틸레전드 디앤디컴,"365,700",0,0,0,0,0,0,0,0,0,0,0,0,0,0,0,0,0,0,0,0,0,0,0,0,0,0,0,0
14273075,ASRock H570M PRO4 디앤디컴,"213,610",0,0,0,0,0,0,0,0,0,0,0,0,0,0,0,0,0,0,0,0,0,0,0,0,0,0,0,0
13670681,ASRock H570M PRO4 에즈윈,"166,880",0,0,0,0,0,0,0,0,0,0,0,0,0,0,0,0,0,0,0,0,0,0,0,0,0,0,0,0
16530470,ASRock H610M-HDV D4 디앤디컴,"106,000",0,0,0,0,0,0,0,0,0,0,0,0,0,0,0,0,0,0,0,0,0,0,0,0,0,0,0,0
16660349,ASRock H610M-HDV D4 디앤디컴 (벌크),일시품절,0,0,0,0,0,0,0,0,0,0,0,0,0,0,0,0,0,0,0,0,0,0,0,0,0,0,0,0
16333064,ASRock H610M-HDV D4 에즈윈,"117,000",0,0,0,0,0,0,0,0,0,0,0,0,0,0,0,0,0,0,0,0,0,0,0,0,0,0,0,0
16109294,ASRock H610M-HDV/M.2 D4 디앤디컴,"105,790",0,0,0,0,0,0,0,0,0,0,0,0,0,0,0,0,0,0,0,0,0,0,0,0,0,0,0,0
16660088,ASRock H610M-HDV/M.2 D4 디앤디컴 (벌크),"112,990",0,0,0,0,0,0,0,0,0,0,0,0,0,0,0,0,0,0,0,0,0,0,0,0,0,0,0,0
16134524,ASRock H610M-HDV/M.2 D4 에즈윈,"113,000",0,0,0,0,0,0,0,0,0,0,0,0,0,0,0,0,0,0,0,0,0,0,0,0,0,0,0,0
17792948,ASRock H610M-HDV/M.2 R2.0 D4 디앤디컴,"102,790",0,0,0,0,0,0,0,0,0,0,0,0,0,0,0,0,0,0,0,0,0,0,0,0,0,0,0,0
17831603,ASRock H610M-HDV/M.2 R2.0 D4 디앤디컴 (벌크),"100,720",0,0,0,0,0,0,0,0,0,0,0,0,0,0,0,0,0,0,0,0,0,0,0,0,0,0,0,0
17847224,ASRock H610M-HDV/M.2 R2.0 D4 에즈윈,"101,470",0,0,0,0,0,0,0,0,0,0,0,0,0,0,0,0,0,0,0,0,0,0,0,0,0,0,0,0
17847233,ASRock H610M-HDV/M.2 R2.0 D4 에즈윈 (벌크),"99,960",0,0,0,0,0,0,0,0,0,0,0,0,0,0,0,0,0,0,0,0,0,0,0,0,0,0,0,0
19622384,ASRock H610M-HDVP/D5 R2.0 디앤디컴,"115,400",0,0,0,0,0,0,0,0,0,0,0,0,0,0,0,0,0,0,0,0,0,0,0,0,0,0,0,0
19725047,ASRock H610M-HDVP/D5 R2.0 디앤디컴 (벌크),"112,800",0,0,0,0,0,0,0,0,0,0,0,0,0,0,0,0,0,0,0,0,0,0,0,0,0,0,0,0
19670843,ASRock H610M-HDVP/D5 R2.0 에즈윈,"113,680",0,0,0,0,0,0,0,0,0,0,0,0,0,0,0,0,0,0,0,0,0,0,0,0,0,0,0,0
19671590,ASRock H610M-HDVP/D5 R2.0 에즈윈 (벌크),"124,000",0,0,0,0,0,0,0,0,0,0,0,0,0,0,0,0,0,0,0,0,0,0,0,0,0,0,0,0
16456175,ASRock H610M-HDVP/D5 디앤디컴,일시품절,0,0,0,0,0,0,0,0,0,0,0,0,0,0,0,0,0,0,0,0,0,0,0,0,0,0,0,0
16660295,ASRock H610M-HDVP/D5 디앤디컴 (벌크),"145,550",0,0,0,0,0,0,0,0,0,0,0,0,0,0,0,0,0,0,0,0,0,0,0,0,0,0,0,0
16479920,ASRock H610M-HDVP/D5 에즈윈,"125,000",0,0,0,0,0,0,0,0,0,0,0,0,0,0,0,0,0,0,0,0,0,0,0,0,0,0,0,0
16479983,ASRock H610M-HDVP/D5 에즈윈 (벌크),"141,340",0,0,0,0,0,0,0,0,0,0,0,0,0,0,0,0,0,0,0,0,0,0,0,0,0,0,0,0
16480022,ASRock H610M-HVS D4 디앤디컴,"130,200",0,0,0,0,0,0,0,0,0,0,0,0,0,0,0,0,0,0,0,0,0,0,0,0,0,0,0,0
16660169,ASRock H610M-HVS D4 디앤디컴 (벌크),"125,000",0,0,0,0,0,0,0,0,0,0,0,0,0,0,0,0,0,0,0,0,0,0,0,0,0,0,0,0
16625258,ASRock H610M-HVS D4 에즈윈 (벌크),"101,000",0,0,0,0,0,0,0,0,0,0,0,0,0,0,0,0,0,0,0,0,0,0,0,0,0,0,0,0
17793371,ASRock H610M-HVS/M.2 R2.0 D4 디앤디컴,"97,500",0,0,0,0,0,0,0,0,0,0,0,0,0,0,0,0,0,0,0,0,0,0,0,0,0,0,0,0
17831615,ASRock H610M-HVS/M.2 R2.0 D4 디앤디컴 벌크,"95,030",0,0,0,0,0,0,0,0,0,0,0,0,0,0,0,0,0,0,0,0,0,0,0,0,0,0,0,0
17847248,ASRock H610M-HVS/M.2 R2.0 D4 에즈윈,"98,320",0,0,0,0,0,0,0,0,0,0,0,0,0,0,0,0,0,0,0,0,0,0,0,0,0,0,0,0
17847254,ASRock H610M-HVS/M.2 R2.0 D4 에즈윈 (벌크),"95,100",0,0,0,0,0,0,0,0,0,0,0,0,0,0,0,0,0,0,0,0,0,0,0,0,0,0,0,0
16827602,ASRock H610M-ITX/ac D4 디앤디컴,"173,150",0,0,0,0,0,0,0,0,0,0,0,0,0,0,0,0,0,0,0,0,0,0,0,0,0,0,0,0
16333610,ASRock H610M-ITX/ac D4 에즈윈,"173,770",0,0,0,0,0,0,0,0,0,0,0,0,0,0,0,0,0,0,0,0,0,0,0,0,0,0,0,0
16353665,ASRock H670 PG Riptide D4 디앤디컴,일시품절,0,0,0,0,0,0,0,0,0,0,0,0,0,0,0,0,0,0,0,0,0,0,0,0,0,0,0,0
16250054,ASRock H670M Pro RS D4 디앤디컴,"185,990",0,0,0,0,0,0,0,0,0,0,0,0,0,0,0,0,0,0,0,0,0,0,0,0,0,0,0,0
16191893,ASRock H670M Pro RS D4 에즈윈,일시품절,0,0,0,0,0,0,0,0,0,0,0,0,0,0,0,0,0,0,0,0,0,0,0,0,0,0,0,0
12940763,ASRock J4125-ITX 에즈윈,"181,500",0,0,0,0,0,0,0,0,0,0,0,0,0,0,0,0,0,0,0,0,0,0,0,0,0,0,0,0
24703229,ASRock Rack ROME2D16-2T,가격비교예정,0,0,0,0,0,0,0,0,0,0,0,0,0,0,0,0,0,0,0,0,0,0,0,0,0,0,0,0
21628397,ASRock W790 WS 대원씨티에스,"1,414,700",0,0,0,0,0,0,0,0,0,0,0,0,0,0,0,0,0,0,0,0,0,0,0,0,0,0,0,0
21518960,ASRock W790 WS 디앤디컴,"1,489,990",0,0,0,0,0,0,0,0,0,0,0,0,0,0,0,0,0,0,0,0,0,0,0,0,0,0,0,0
17667608,ASRock WRX80 Creator 대원씨티에스,"1,154,910",0,0,0,0,0,0,0,0,0,0,0,0,0,0,0,0,0,0,0,0,0,0,0,0,0,0,0,0
8507295,ASRock X570 Taichi 에즈윈,"428,600",0,0,0,0,0,0,0,0,0,0,0,0,0,0,0,0,0,0,0,0,0,0,0,0,0,0,0,0
17926763,ASRock X670E PG Lightning 대원씨티에스,"341,620",0,0,0,0,0,0,0,0,0,0,0,0,0,0,0,0,0,0,0,0,0,0,0,0,0,0,0,0
13154523,ASRock X670E PG Lightning 디앤디컴,"457,270",0,0,0,0,0,0,0,0,0,0,0,0,0,0,0,0,0,0,0,0,0,0,0,0,0,0,0,0
17926670,ASRock X670E PG Lightning 에즈윈,"386,170",0,0,0,0,0,0,0,0,0,0,0,0,0,0,0,0,0,0,0,0,0,0,0,0,0,0,0,0
13154493,ASRock X670E Pro RS 디앤디컴,"492,970",0,0,0,0,0,0,0,0,0,0,0,0,0,0,0,0,0,0,0,0,0,0,0,0,0,0,0,0
17926424,ASRock X670E Pro RS 에즈윈,"445,110",0,0,0,0,0,0,0,0,0,0,0,0,0,0,0,0,0,0,0,0,0,0,0,0,0,0,0,0
17926769,ASRock X670E Taichi 대원씨티에스,"842,200",0,0,0,0,0,0,0,0,0,0,0,0,0,0,0,0,0,0,0,0,0,0,0,0,0,0,0,0
17929628,ASRock X670E Taichi 디앤디컴,"920,350",0,0,0,0,0,0,0,0,0,0,0,0,0,0,0,0,0,0,0,0,0,0,0,0,0,0,0,0
17926637,ASRock X670E Taichi 에즈윈,"925,540",0,0,0,0,0,0,0,0,0,0,0,0,0,0,0,0,0,0,0,0,0,0,0,0,0,0,0,0
17926766,ASRock X670E 스틸레전드 대원씨티에스,"449,400",0,0,0,0,0,0,0,0,0,0,0,0,0,0,0,0,0,0,0,0,0,0,0,0,0,0,0,0
17929595,ASRock X670E 스틸레전드 디앤디컴,"543,430",0,0,0,0,0,0,0,0,0,0,0,0,0,0,0,0,0,0,0,0,0,0,0,0,0,0,0,0
17926580,ASRock X670E 스틸레전드 에즈윈,"550,800",0,0,0,0,0,0,0,0,0,0,0,0,0,0,0,0,0,0,0,0,0,0,0,0,0,0,0,0
11329152,ASRock Z490 EXTREME4 디앤디컴,"362,000",0,0,0,0,0,0,0,0,0,0,0,0,0,0,0,0,0,0,0,0,0,0,0,0,0,0,0,0
11398728,ASRock Z490 Phantom Gaming-ITX/TB3 디앤디컴,"283,770",0,0,0,0,0,0,0,0,0,0,0,0,0,0,0,0,0,0,0,0,0,0,0,0,0,0,0,0
11337861,ASRock Z490 Phantom Gaming-ITX/TB3 에즈윈,"347,810",0,0,0,0,0,0,0,0,0,0,0,0,0,0,0,0,0,0,0,0,0,0,0,0,0,0,0,0
11329311,ASRock Z490 Taichi 디앤디컴,"521,160",0,0,0,0,0,0,0,0,0,0,0,0,0,0,0,0,0,0,0,0,0,0,0,0,0,0,0,0
11328141,ASRock Z490M PRO4 디앤디컴,"200,810",0,0,0,0,0,0,0,0,0,0,0,0,0,0,0,0,0,0,0,0,0,0,0,0,0,0,0,0
14348456,ASRock Z590 OC Formula 에즈윈,"713,720",0,0,0,0,0,0,0,0,0,0,0,0,0,0,0,0,0,0,0,0,0,0,0,0,0,0,0,0
14063930,ASRock Z590 Phantom Gaming-ITX/TB4 디앤디컴,"349,810",0,0,0,0,0,0,0,0,0,0,0,0,0,0,0,0,0,0,0,0,0,0,0,0,0,0,0,0
13422614,ASRock Z590 Taichi 디앤디컴,"529,000",0,0,0,0,0,0,0,0,0,0,0,0,0,0,0,0,0,0,0,0,0,0,0,0,0,0,0,0
15647252,ASRock Z690 EXTREME D4 디앤디컴,"1,200,000",0,0,0,0,0,0,0,0,0,0,0,0,0,0,0,0,0,0,0,0,0,0,0,0,0,0,0,0
15739250,ASRock Z690 PG Riptide D4 디앤디컴,"2,000,000",0,0,0,0,0,0,0,0,0,0,0,0,0,0,0,0,0,0,0,0,0,0,0,0,0,0,0,0
15639767,ASRock Z690 PG Riptide D4 에즈윈,"1,253,000",0,0,0,0,0,0,0,0,0,0,0,0,0,0,0,0,0,0,0,0,0,0,0,0,0,0,0,0
15895232,ASRock Z690 PG Velocita D5 에즈윈,"500,000",0,0,0,0,0,0,0,0,0,0,0,0,0,0,0,0,0,0,0,0,0,0,0,0,0,0,0,0
15653948,ASRock Z690 Phantom Gaming 4 D4 디앤디컴,"1,000,000",0,0,0,0,0,0,0,0,0,0,0,0,0,0,0,0,0,0,0,0,0,0,0,0,0,0,0,0
15722276,ASRock Z690 Phantom Gaming 4/D5 에즈윈,"255,510",0,0,0,0,0,0,0,0,0,0,0,0,0,0,0,0,0,0,0,0,0,0,0,0,0,0,0,0
16638029,ASRock Z690 Pro RS D4 + WiFi6E 모듈 패키지 디앤디컴,"1,100,000",0,0,0,0,0,0,0,0,0,0,0,0,0,0,0,0,0,0,0,0,0,0,0,0,0,0,0,0
21596222,ASRock Z690 Pro RS D4 대원씨티에스,"210,560",0,0,0,0,0,0,0,0,0,0,0,0,0,0,0,0,0,0,0,0,0,0,0,0,0,0,0,0
15653882,ASRock Z690 Pro RS D4 디앤디컴,"359,000",0,0,0,0,0,0,0,0,0,0,0,0,0,0,0,0,0,0,0,0,0,0,0,0,0,0,0,0
15860501,ASRock Z690 스틸레전드 D4 디앤디컴,"730,000",0,0,0,0,0,0,0,0,0,0,0,0,0,0,0,0,0,0,0,0,0,0,0,0,0,0,0,0
15620588,ASRock Z690 스틸레전드 D4 에즈윈,"328,500",0,0,0,0,0,0,0,0,0,0,0,0,0,0,0,0,0,0,0,0,0,0,0,0,0,0,0,0
16169777,ASRock Z690 스틸레전드 WiFi 6E D4 디앤디컴,"396,000",0,0,0,0,0,0,0,0,0,0,0,0,0,0,0,0,0,0,0,0,0,0,0,0,0,0,0,0
15783182,ASRock Z690 스틸레전드 WiFi 6E D4 에즈윈,"333,000",0,0,0,0,0,0,0,0,0,0,0,0,0,0,0,0,0,0,0,0,0,0,0,0,0,0,0,0
15784451,ASRock Z690M Phantom Gaming 4 D4 에즈윈,"2,000,000",0,0,0,0,0,0,0,0,0,0,0,0,0,0,0,0,0,0,0,0,0,0,0,0,0,0,0,0
15883439,ASRock Z690M-ITX/ax D4 디앤디컴,"752,000",0,0,0,0,0,0,0,0,0,0,0,0,0,0,0,0,0,0,0,0,0,0,0,0,0,0,0,0
18060377,ASRock Z790 LiveMixer D5 디앤디컴,"438,350",0,0,0,0,0,0,0,0,0,0,0,0,0,0,0,0,0,0,0,0,0,0,0,0,0,0,0,0
18053897,ASRock Z790 LiveMixer D5 에즈윈,"419,540",0,0,0,0,0,0,0,0,0,0,0,0,0,0,0,0,0,0,0,0,0,0,0,0,0,0,0,0
23548343,ASRock Z790 PG Lightning D5 + WiFi6E 모듈 패키지 디앤디컴,"326,350",0,0,0,0,0,0,0,0,0,0,0,0,0,0,0,0,0,0,0,0,0,0,0,0,0,0,0,0
18060362,ASRock Z790 PG Lightning D5 디앤디컴,"298,970",0,0,0,0,0,0,0,0,0,0,0,0,0,0,0,0,0,0,0,0,0,0,0,0,0,0,0,0
18052340,ASRock Z790 PG Lightning D5 에즈윈,"290,660",0,0,0,0,0,0,0,0,0,0,0,0,0,0,0,0,0,0,0,0,0,0,0,0,0,0,0,0
19566989,ASRock Z790 PG Lightning SE D5 에즈윈 (벌크),"279,000",0,0,0,0,0,0,0,0,0,0,0,0,0,0,0,0,0,0,0,0,0,0,0,0,0,0,0,0
18060359,ASRock Z790 PG Lightning/D4 디앤디컴,"271,950",0,0,0,0,0,0,0,0,0,0,0,0,0,0,0,0,0,0,0,0,0,0,0,0,0,0,0,0
18052283,ASRock Z790 PG Lightning/D4 에즈윈,"274,920",0,0,0,0,0,0,0,0,0,0,0,0,0,0,0,0,0,0,0,0,0,0,0,0,0,0,0,0
18300131,ASRock Z790 PG SONIC D5 디앤디컴,"434,700",0,0,0,0,0,0,0,0,0,0,0,0,0,0,0,0,0,0,0,0,0,0,0,0,0,0,0,0
18274787,ASRock Z790 PG SONIC D5 에즈윈,"433,180",0,0,0,0,0,0,0,0,0,0,0,0,0,0,0,0,0,0,0,0,0,0,0,0,0,0,0,0
20012147,ASRock Z790 Pro RS D5 + WiFi6E 모듈 패키지 디앤디컴,"367,990",0,0,0,0,0,0,0,0,0,0,0,0,0,0,0,0,0,0,0,0,0,0,0,0,0,0,0,0
18060353,ASRock Z790 Pro RS D5 디앤디컴,"339,130",0,0,0,0,0,0,0,0,0,0,0,0,0,0,0,0,0,0,0,0,0,0,0,0,0,0,0,0
18052067,ASRock Z790 Pro RS D5 에즈윈,"331,970",0,0,0,0,0,0,0,0,0,0,0,0,0,0,0,0,0,0,0,0,0,0,0,0,0,0,0,0
18485645,ASRock Z790 Pro RS WiFi D5 디앤디컴,"384,780",0,0,0,0,0,0,0,0,0,0,0,0,0,0,0,0,0,0,0,0,0,0,0,0,0,0,0,0
18348485,ASRock Z790 Pro RS WiFi D5 에즈윈,"345,950",0,0,0,0,0,0,0,0,0,0,0,0,0,0,0,0,0,0,0,0,0,0,0,0,0,0,0,0
18060356,ASRock Z790 Pro RS/D4 디앤디컴,"287,700",0,0,0,0,0,0,0,0,0,0,0,0,0,0,0,0,0,0,0,0,0,0,0,0,0,0,0,0
18052187,ASRock Z790 Pro RS/D4 에즈윈,"295,000",0,0,0,0,0,0,0,0,0,0,0,0,0,0,0,0,0,0,0,0,0,0,0,0,0,0,0,0
18060368,ASRock Z790 Taichi D5 디앤디컴,"885,000",0,0,0,0,0,0,0,0,0,0,0,0,0,0,0,0,0,0,0,0,0,0,0,0,0,0,0,0
18052667,ASRock Z790 Taichi D5 에즈윈,"854,450",0,0,0,0,0,0,0,0,0,0,0,0,0,0,0,0,0,0,0,0,0,0,0,0,0,0,0,0
18060374,ASRock Z790 스틸레전드 WiFi D5 디앤디컴,"416,850",0,0,0,0,0,0,0,0,0,0,0,0,0,0,0,0,0,0,0,0,0,0,0,0,0,0,0,0
18274538,ASRock Z790 스틸레전드 WiFi D5 에즈윈,"405,610",0,0,0,0,0,0,0,0,0,0,0,0,0,0,0,0,0,0,0,0,0,0,0,0,0,0,0,0
18060365,ASRock Z790M PG Lightning/D4 디앤디컴,"261,400",0,0,0,0,0,0,0,0,0,0,0,0,0,0,0,0,0,0,0,0,0,0,0,0,0,0,0,0
18052460,ASRock Z790M PG Lightning/D4 에즈윈,"270,000",0,0,0,0,0,0,0,0,0,0,0,0,0,0,0,0,0,0,0,0,0,0,0,0,0,0,0,0
18060371,ASRock Z790M-ITX WiFi D5 디앤디컴,"387,960",0,0,0,0,0,0,0,0,0,0,0,0,0,0,0,0,0,0,0,0,0,0,0,0,0,0,0,0
18052997,ASRock Z790M-ITX WiFi D5 에즈윈,"378,610",0,0,0,0,0,0,0,0,0,0,0,0,0,0,0,0,0,0,0,0,0,0,0,0,0,0,0,0
4482977,ASUS B85M-G (중고),"35,980",0,0,0,0,0,0,0,0,0,0,0,0,0,0,0,0,0,0,0,0,0,0,0,0,0,0,0,0
6051885,ASUS EX A320M-GAMING STCOM,"615,090",0,0,0,0,0,0,0,0,0,0,0,0,0,0,0,0,0,0,0,0,0,0,0,0,0,0,0,0
7452148,ASUS EX A320M-GAMING 대원씨티에스,일시품절,0,0,0,0,0,0,0,0,0,0,0,0,0,0,0,0,0,0,0,0,0,0,0,0,0,0,0,0
13949414,ASUS EX B560M-V5 STCOM,"164,500",0,0,0,0,0,0,0,0,0,0,0,0,0,0,0,0,0,0,0,0,0,0,0,0,0,0,0,0
14111102,ASUS EX B560M-V5 인텍앤컴퍼니,일시품절,0,0,0,0,0,0,0,0,0,0,0,0,0,0,0,0,0,0,0,0,0,0,0,0,0,0,0,0
16095542,ASUS EX B660M-V5 D4 코잇,"143,000",0,0,0,0,0,0,0,0,0,0,0,0,0,0,0,0,0,0,0,0,0,0,0,0,0,0,0,0
18652511,ASUS EX B760M-V5 D4 코잇,"150,630",0,0,0,0,0,0,0,0,0,0,0,0,0,0,0,0,0,0,0,0,0,0,0,0,0,0,0,0
16260506,ASUS EX H610M-V3 D4 STCOM,"110,110",0,0,0,0,0,0,0,0,0,0,0,0,0,0,0,0,0,0,0,0,0,0,0,0,0,0,0,0
3603620,ASUS H110M-K 아이보라,"125,520",0,0,0,0,0,0,0,0,0,0,0,0,0,0,0,0,0,0,0,0,0,0,0,0,0,0,0,0
15521669,ASUS H310M-IM-A STCOM,"190,940",0,0,0,0,0,0,0,0,0,0,0,0,0,0,0,0,0,0,0,0,0,0,0,0,0,0,0,0
2494395,ASUS H81M-K STCOM,"116,590",0,0,0,0,0,0,0,0,0,0,0,0,0,0,0,0,0,0,0,0,0,0,0,0,0,0,0,0
6914917,ASUS P11C-C/4L STCOM,"454,250",0,0,0,0,0,0,0,0,0,0,0,0,0,0,0,0,0,0,0,0,0,0,0,0,0,0,0,0
19555430,ASUS P11C-M/4L STCOM,"406,100",0,0,0,0,0,0,0,0,0,0,0,0,0,0,0,0,0,0,0,0,0,0,0,0,0,0,0,0
6914983,ASUS P11C-X STCOM,"298,500",0,0,0,0,0,0,0,0,0,0,0,0,0,0,0,0,0,0,0,0,0,0,0,0,0,0,0,0
14872736,ASUS P11C-X 인텍앤컴퍼니,"350,000",0,0,0,0,0,0,0,0,0,0,0,0,0,0,0,0,0,0,0,0,0,0,0,0,0,0,0,0
19927871,ASUS P12R-I STCOM,"416,800",0,0,0,0,0,0,0,0,0,0,0,0,0,0,0,0,0,0,0,0,0,0,0,0,0,0,0,0
21690839,ASUS P12R-M STCOM,"462,800",0,0,0,0,0,0,0,0,0,0,0,0,0,0,0,0,0,0,0,0,0,0,0,0,0,0,0,0
3226637,ASUS P9D-MH/10G-DUAL STCOM,"522,670",0,0,0,0,0,0,0,0,0,0,0,0,0,0,0,0,0,0,0,0,0,0,0,0,0,0,0,0
9350013,ASUS PRIME A320I-K 아이보라,"153,990",0,0,0,0,0,0,0,0,0,0,0,0,0,0,0,0,0,0,0,0,0,0,0,0,0,0,0,0
5143863,ASUS PRIME A320M-K STCOM,"71,500",0,0,0,0,0,0,0,0,0,0,0,0,0,0,0,0,0,0,0,0,0,0,0,0,0,0,0,0
7452181,ASUS PRIME A320M-K 대원씨티에스,"65,220",0,0,0,0,0,0,0,0,0,0,0,0,0,0,0,0,0,0,0,0,0,0,0,0,0,0,0,0
5122402,ASUS PRIME A320M-K 아이보라,"69,410",0,0,0,0,0,0,0,0,0,0,0,0,0,0,0,0,0,0,0,0,0,0,0,0,0,0,0,0
8101588,ASUS PRIME A320M-K/CSM STCOM,"118,900",0,0,0,0,0,0,0,0,0,0,0,0,0,0,0,0,0,0,0,0,0,0,0,0,0,0,0,0
16284179,ASUS PRIME A520M-A II 대원씨티에스,"84,650",0,0,0,0,0,0,0,0,0,0,0,0,0,0,0,0,0,0,0,0,0,0,0,0,0,0,0,0
12060446,ASUS PRIME A520M-E STCOM,"95,230",0,0,0,0,0,0,0,0,0,0,0,0,0,0,0,0,0,0,0,0,0,0,0,0,0,0,0,0
12060293,ASUS PRIME A520M-K STCOM,"80,500",0,0,0,0,0,0,0,0,0,0,0,0,0,0,0,0,0,0,0,0,0,0,0,0,0,0,0,0
12069566,ASUS PRIME A520M-K 대원씨티에스,"79,530",0,0,0,0,0,0,0,0,0,0,0,0,0,0,0,0,0,0,0,0,0,0,0,0,0,0,0,0
12067610,ASUS PRIME A520M-K 아이보라,"79,800",0,0,0,0,0,0,0,0,0,0,0,0,0,0,0,0,0,0,0,0,0,0,0,0,0,0,0,0
12060863,ASUS PRIME A520M-K/CSM STCOM,"118,800",0,0,0,0,0,0,0,0,0,0,0,0,0,0,0,0,0,0,0,0,0,0,0,0,0,0,0,0
19924310,ASUS PRIME A620M-A STCOM,"161,490",0,0,0,0,0,0,0,0,0,0,0,0,0,0,0,0,0,0,0,0,0,0,0,0,0,0,0,0
19926611,ASUS PRIME A620M-A 대원씨티에스,"156,730",0,0,0,0,0,0,0,0,0,0,0,0,0,0,0,0,0,0,0,0,0,0,0,0,0,0,0,0
21400361,ASUS PRIME A620M-E 대원씨티에스,"128,200",0,0,0,0,0,0,0,0,0,0,0,0,0,0,0,0,0,0,0,0,0,0,0,0,0,0,0,0
21428693,ASUS PRIME A620M-K 대원씨티에스,"121,970",0,0,0,0,0,0,0,0,0,0,0,0,0,0,0,0,0,0,0,0,0,0,0,0,0,0,0,0
16134440,ASUS PRIME B550M-A WIFI II 대원씨티에스,"151,480",0,0,0,0,0,0,0,0,0,0,0,0,0,0,0,0,0,0,0,0,0,0,0,0,0,0,0,0
11574458,ASUS PRIME B550M-A 대원씨티에스,"117,750",0,0,0,0,0,0,0,0,0,0,0,0,0,0,0,0,0,0,0,0,0,0,0,0,0,0,0,0
11583173,ASUS PRIME B550M-A 아이보라,"119,530",0,0,0,0,0,0,0,0,0,0,0,0,0,0,0,0,0,0,0,0,0,0,0,0,0,0,0,0
11570354,ASUS PRIME B550M-K STCOM,"118,490",0,0,0,0,0,0,0,0,0,0,0,0,0,0,0,0,0,0,0,0,0,0,0,0,0,0,0,0
11574545,ASUS PRIME B550M-K 대원씨티에스,"115,210",0,0,0,0,0,0,0,0,0,0,0,0,0,0,0,0,0,0,0,0,0,0,0,0,0,0,0,0
11583095,ASUS PRIME B550M-K 아이보라,"110,030",0,0,0,0,0,0,0,0,0,0,0,0,0,0,0,0,0,0,0,0,0,0,0,0,0,0,0,0
13761692,ASUS PRIME B560M-K/CSM 인텍앤컴퍼니,일시품절,0,0,0,0,0,0,0,0,0,0,0,0,0,0,0,0,0,0,0,0,0,0,0,0,0,0,0,0
18128375,ASUS PRIME B650-PLUS STCOM,"350,480",0,0,0,0,0,0,0,0,0,0,0,0,0,0,0,0,0,0,0,0,0,0,0,0,0,0,0,0
18154397,ASUS PRIME B650-PLUS 대원씨티에스,"255,000",0,0,0,0,0,0,0,0,0,0,0,0,0,0,0,0,0,0,0,0,0,0,0,0,0,0,0,0
19163258,ASUS PRIME B650M-A II STCOM,"221,730",0,0,0,0,0,0,0,0,0,0,0,0,0,0,0,0,0,0,0,0,0,0,0,0,0,0,0,0
19691519,ASUS PRIME B650M-A II 대원씨티에스,"210,250",0,0,0,0,0,0,0,0,0,0,0,0,0,0,0,0,0,0,0,0,0,0,0,0,0,0,0,0
19996577,ASUS PRIME B650M-A WIFI II STCOM,"228,460",0,0,0,0,0,0,0,0,0,0,0,0,0,0,0,0,0,0,0,0,0,0,0,0,0,0,0,0
19691621,ASUS PRIME B650M-A WIFI II 대원씨티에스,"227,460",0,0,0,0,0,0,0,0,0,0,0,0,0,0,0,0,0,0,0,0,0,0,0,0,0,0,0,0
18140294,ASUS PRIME B650M-A WIFI STCOM,"232,300",0,0,0,0,0,0,0,0,0,0,0,0,0,0,0,0,0,0,0,0,0,0,0,0,0,0,0,0
18154367,ASUS PRIME B650M-A WIFI 대원씨티에스,"234,820",0,0,0,0,0,0,0,0,0,0,0,0,0,0,0,0,0,0,0,0,0,0,0,0,0,0,0,0
18266843,ASUS PRIME B650M-A 대원씨티에스,"210,500",0,0,0,0,0,0,0,0,0,0,0,0,0,0,0,0,0,0,0,0,0,0,0,0,0,0,0,0
21386576,ASUS PRIME B650M-K 대원씨티에스,"182,210",0,0,0,0,0,0,0,0,0,0,0,0,0,0,0,0,0,0,0,0,0,0,0,0,0,0,0,0
16103186,ASUS PRIME B660-PLUS D4 STCOM,"234,000",0,0,0,0,0,0,0,0,0,0,0,0,0,0,0,0,0,0,0,0,0,0,0,0,0,0,0,0
16103294,ASUS PRIME B660-PLUS D4 아이보라,"225,150",0,0,0,0,0,0,0,0,0,0,0,0,0,0,0,0,0,0,0,0,0,0,0,0,0,0,0,0
16084991,ASUS PRIME B660-PLUS D4 인텍앤컴퍼니,일시품절,0,0,0,0,0,0,0,0,0,0,0,0,0,0,0,0,0,0,0,0,0,0,0,0,0,0,0,0
16099562,ASUS PRIME B660-PLUS D4 코잇,"238,960",0,0,0,0,0,0,0,0,0,0,0,0,0,0,0,0,0,0,0,0,0,0,0,0,0,0,0,0
16103219,ASUS PRIME B660M-A D4 STCOM,"162,990",0,0,0,0,0,0,0,0,0,0,0,0,0,0,0,0,0,0,0,0,0,0,0,0,0,0,0,0
16103234,ASUS PRIME B660M-A WIFI D4 STCOM,"209,500",0,0,0,0,0,0,0,0,0,0,0,0,0,0,0,0,0,0,0,0,0,0,0,0,0,0,0,0
16084070,ASUS PRIME B660M-K D4 인텍앤컴퍼니,"142,870",0,0,0,0,0,0,0,0,0,0,0,0,0,0,0,0,0,0,0,0,0,0,0,0,0,0,0,0
19429325,ASUS PRIME B760-PLUS STCOM,"260,420",0,0,0,0,0,0,0,0,0,0,0,0,0,0,0,0,0,0,0,0,0,0,0,0,0,0,0,0
19772519,ASUS PRIME B760-PLUS 인텍앤컴퍼니,"261,000",0,0,0,0,0,0,0,0,0,0,0,0,0,0,0,0,0,0,0,0,0,0,0,0,0,0,0,0
19756130,ASUS PRIME B760-PLUS 코잇,"251,220",0,0,0,0,0,0,0,0,0,0,0,0,0,0,0,0,0,0,0,0,0,0,0,0,0,0,0,0
18652898,ASUS PRIME B760M-A D4 STCOM,"165,800",0,0,0,0,0,0,0,0,0,0,0,0,0,0,0,0,0,0,0,0,0,0,0,0,0,0,0,0
19605602,ASUS PRIME B760M-A STCOM,"192,500",0,0,0,0,0,0,0,0,0,0,0,0,0,0,0,0,0,0,0,0,0,0,0,0,0,0,0,0
18652901,ASUS PRIME B760M-A WIFI D4 STCOM,"202,820",0,0,0,0,0,0,0,0,0,0,0,0,0,0,0,0,0,0,0,0,0,0,0,0,0,0,0,0
19673210,ASUS PRIME B760M-A WIFI STCOM,"251,490",0,0,0,0,0,0,0,0,0,0,0,0,0,0,0,0,0,0,0,0,0,0,0,0,0,0,0,0
19772489,ASUS PRIME B760M-A WIFI 인텍앤컴퍼니,"252,000",0,0,0,0,0,0,0,0,0,0,0,0,0,0,0,0,0,0,0,0,0,0,0,0,0,0,0,0
19772375,ASUS PRIME B760M-A 인텍앤컴퍼니,"193,000",0,0,0,0,0,0,0,0,0,0,0,0,0,0,0,0,0,0,0,0,0,0,0,0,0,0,0,0
19704527,ASUS PRIME B760M-A 코잇,"182,000",0,0,0,0,0,0,0,0,0,0,0,0,0,0,0,0,0,0,0,0,0,0,0,0,0,0,0,0
18652895,ASUS PRIME B760M-K D4 STCOM,"166,220",0,0,0,0,0,0,0,0,0,0,0,0,0,0,0,0,0,0,0,0,0,0,0,0,0,0,0,0
18725312,ASUS PRIME B760M-K D4 인텍앤컴퍼니,"162,500",0,0,0,0,0,0,0,0,0,0,0,0,0,0,0,0,0,0,0,0,0,0,0,0,0,0,0,0
18652442,ASUS PRIME B760M-K D4 코잇,"150,330",0,0,0,0,0,0,0,0,0,0,0,0,0,0,0,0,0,0,0,0,0,0,0,0,0,0,0,0
20317493,ASUS PRIME B760M-K STCOM,"183,170",0,0,0,0,0,0,0,0,0,0,0,0,0,0,0,0,0,0,0,0,0,0,0,0,0,0,0,0
20710217,ASUS PRIME B760M-K 인텍앤컴퍼니,"168,000",0,0,0,0,0,0,0,0,0,0,0,0,0,0,0,0,0,0,0,0,0,0,0,0,0,0,0,0
20343650,ASUS PRIME B760M-K 코잇,"178,540",0,0,0,0,0,0,0,0,0,0,0,0,0,0,0,0,0,0,0,0,0,0,0,0,0,0,0,0
20612690,ASUS PRIME B760M-KS 코잇 (벌크),"210,850",0,0,0,0,0,0,0,0,0,0,0,0,0,0,0,0,0,0,0,0,0,0,0,0,0,0,0,0
6494926,ASUS PRIME H310M-K R2.0 인텍앤컴퍼니,"191,810",0,0,0,0,0,0,0,0,0,0,0,0,0,0,0,0,0,0,0,0,0,0,0,0,0,0,0,0
6024335,ASUS PRIME H310M-K STCOM,"115,540",0,0,0,0,0,0,0,0,0,0,0,0,0,0,0,0,0,0,0,0,0,0,0,0,0,0,0,0
16971290,ASUS PRIME H410M-A STCOM,"98,570",0,0,0,0,0,0,0,0,0,0,0,0,0,0,0,0,0,0,0,0,0,0,0,0,0,0,0,0
11371335,ASUS PRIME H410M-D STCOM,"113,000",0,0,0,0,0,0,0,0,0,0,0,0,0,0,0,0,0,0,0,0,0,0,0,0,0,0,0,0
11408766,ASUS PRIME H410M-E 인텍앤컴퍼니,"116,000",0,0,0,0,0,0,0,0,0,0,0,0,0,0,0,0,0,0,0,0,0,0,0,0,0,0,0,0
11408364,ASUS PRIME H410M-K 인텍앤컴퍼니,"163,540",0,0,0,0,0,0,0,0,0,0,0,0,0,0,0,0,0,0,0,0,0,0,0,0,0,0,0,0
11334720,ASUS PRIME H410M-K 코잇,일시품절,0,0,0,0,0,0,0,0,0,0,0,0,0,0,0,0,0,0,0,0,0,0,0,0,0,0,0,0
11396484,ASUS PRIME H470M-PLUS STCOM,"184,920",0,0,0,0,0,0,0,0,0,0,0,0,0,0,0,0,0,0,0,0,0,0,0,0,0,0,0,0
14109998,ASUS PRIME H510M-D STCOM,"122,910",0,0,0,0,0,0,0,0,0,0,0,0,0,0,0,0,0,0,0,0,0,0,0,0,0,0,0,0
13424114,ASUS PRIME H510M-E 코잇,"121,800",0,0,0,0,0,0,0,0,0,0,0,0,0,0,0,0,0,0,0,0,0,0,0,0,0,0,0,0
20027564,ASUS PRIME H510M-K R2.0 인텍앤컴퍼니,"99,850",0,0,0,0,0,0,0,0,0,0,0,0,0,0,0,0,0,0,0,0,0,0,0,0,0,0,0,0
17617955,ASUS PRIME H510M-K STCOM,"99,270",0,0,0,0,0,0,0,0,0,0,0,0,0,0,0,0,0,0,0,0,0,0,0,0,0,0,0,0
14913623,ASUS PRIME H510M-K 아이보라,"96,990",0,0,0,0,0,0,0,0,0,0,0,0,0,0,0,0,0,0,0,0,0,0,0,0,0,0,0,0
14005334,ASUS PRIME H510M-K 인텍앤컴퍼니,"101,900",0,0,0,0,0,0,0,0,0,0,0,0,0,0,0,0,0,0,0,0,0,0,0,0,0,0,0,0
16103177,ASUS PRIME H610M-A D4 STCOM,"116,000",0,0,0,0,0,0,0,0,0,0,0,0,0,0,0,0,0,0,0,0,0,0,0,0,0,0,0,0
20344700,ASUS PRIME H610M-CS D4 코잇,"94,080",0,0,0,0,0,0,0,0,0,0,0,0,0,0,0,0,0,0,0,0,0,0,0,0,0,0,0,0
16095767,ASUS PRIME H610M-D D4 코잇,"100,980",0,0,0,0,0,0,0,0,0,0,0,0,0,0,0,0,0,0,0,0,0,0,0,0,0,0,0,0
16103138,ASUS PRIME H610M-E D4 STCOM,"112,070",0,0,0,0,0,0,0,0,0,0,0,0,0,0,0,0,0,0,0,0,0,0,0,0,0,0,0,0
16103297,ASUS PRIME H610M-E D4 아이보라,"104,000",0,0,0,0,0,0,0,0,0,0,0,0,0,0,0,0,0,0,0,0,0,0,0,0,0,0,0,0
16084790,ASUS PRIME H610M-E D4 인텍앤컴퍼니,"125,000",0,0,0,0,0,0,0,0,0,0,0,0,0,0,0,0,0,0,0,0,0,0,0,0,0,0,0,0
16099619,ASUS PRIME H610M-E D4 코잇,"108,980",0,0,0,0,0,0,0,0,0,0,0,0,0,0,0,0,0,0,0,0,0,0,0,0,0,0,0,0
16083650,ASUS PRIME H610M-K D4 인텍앤컴퍼니,"105,220",0,0,0,0,0,0,0,0,0,0,0,0,0,0,0,0,0,0,0,0,0,0,0,0,0,0,0,0
16085180,ASUS PRIME H670-PLUS D4 인텍앤컴퍼니,"264,420",0,0,0,0,0,0,0,0,0,0,0,0,0,0,0,0,0,0,0,0,0,0,0,0,0,0,0,0
16099694,ASUS PRIME H670-PLUS D4 코잇,"309,740",0,0,0,0,0,0,0,0,0,0,0,0,0,0,0,0,0,0,0,0,0,0,0,0,0,0,0,0
9647316,ASUS PRIME X299-A II STCOM,"647,000",0,0,0,0,0,0,0,0,0,0,0,0,0,0,0,0,0,0,0,0,0,0,0,0,0,0,0,0
9511734,ASUS PRIME X299-A II 코잇,"586,870",0,0,0,0,0,0,0,0,0,0,0,0,0,0,0,0,0,0,0,0,0,0,0,0,0,0,0,0
6736567,ASUS PRIME X299-DELUXE II STCOM,"841,780",0,0,0,0,0,0,0,0,0,0,0,0,0,0,0,0,0,0,0,0,0,0,0,0,0,0,0,0
8511729,ASUS PRIME X570-P/CSM STCOM,"286,000",0,0,0,0,0,0,0,0,0,0,0,0,0,0,0,0,0,0,0,0,0,0,0,0,0,0,0,0
8511207,ASUS PRIME X570-PRO/CSM STCOM,"680,530",0,0,0,0,0,0,0,0,0,0,0,0,0,0,0,0,0,0,0,0,0,0,0,0,0,0,0,0
17926775,ASUS PRIME X670-P WIFI 대원씨티에스,"399,330",0,0,0,0,0,0,0,0,0,0,0,0,0,0,0,0,0,0,0,0,0,0,0,0,0,0,0,0
18000254,ASUS PRIME X670-P WIFI-CSM STCOM,"477,500",0,0,0,0,0,0,0,0,0,0,0,0,0,0,0,0,0,0,0,0,0,0,0,0,0,0,0,0
17926772,ASUS PRIME X670-P 대원씨티에스,"329,550",0,0,0,0,0,0,0,0,0,0,0,0,0,0,0,0,0,0,0,0,0,0,0,0,0,0,0,0
18000098,ASUS PRIME X670-P-CSM STCOM,"440,350",0,0,0,0,0,0,0,0,0,0,0,0,0,0,0,0,0,0,0,0,0,0,0,0,0,0,0,0
17926799,ASUS PRIME X670E-PRO WIFI 대원씨티에스,"551,180",0,0,0,0,0,0,0,0,0,0,0,0,0,0,0,0,0,0,0,0,0,0,0,0,0,0,0,0
13139136,ASUS PRIME X670E-PRO WIFI-CSM STCOM,"593,500",0,0,0,0,0,0,0,0,0,0,0,0,0,0,0,0,0,0,0,0,0,0,0,0,0,0,0,0
11224182,ASUS PRIME Z490M-PLUS 인텍앤컴퍼니,"205,000",0,0,0,0,0,0,0,0,0,0,0,0,0,0,0,0,0,0,0,0,0,0,0,0,0,0,0,0
15600110,ASUS PRIME Z690-A STCOM,일시품절,0,0,0,0,0,0,0,0,0,0,0,0,0,0,0,0,0,0,0,0,0,0,0,0,0,0,0,0
15598958,ASUS PRIME Z690-P D4 STCOM,"424,000",0,0,0,0,0,0,0,0,0,0,0,0,0,0,0,0,0,0,0,0,0,0,0,0,0,0,0,0
15638693,ASUS PRIME Z690-P D4 인텍앤컴퍼니,"299,000",0,0,0,0,0,0,0,0,0,0,0,0,0,0,0,0,0,0,0,0,0,0,0,0,0,0,0,0
15609158,ASUS PRIME Z690-P D4 코잇,"333,900",0,0,0,0,0,0,0,0,0,0,0,0,0,0,0,0,0,0,0,0,0,0,0,0,0,0,0,0
15599435,ASUS PRIME Z690-P STCOM,일시품절,0,0,0,0,0,0,0,0,0,0,0,0,0,0,0,0,0,0,0,0,0,0,0,0,0,0,0,0
15598991,ASUS PRIME Z690-P WIFI D4 STCOM,"373,000",0,0,0,0,0,0,0,0,0,0,0,0,0,0,0,0,0,0,0,0,0,0,0,0,0,0,0,0
15638735,ASUS PRIME Z690-P WIFI D4 인텍앤컴퍼니,"2,200,000",0,0,0,0,0,0,0,0,0,0,0,0,0,0,0,0,0,0,0,0,0,0,0,0,0,0,0,0
15609182,ASUS PRIME Z690-P WIFI D4 코잇,"3,000,000",0,0,0,0,0,0,0,0,0,0,0,0,0,0,0,0,0,0,0,0,0,0,0,0,0,0,0,0
15599711,ASUS PRIME Z690-P WIFI STCOM,"395,120",0,0,0,0,0,0,0,0,0,0,0,0,0,0,0,0,0,0,0,0,0,0,0,0,0,0,0,0
15616601,ASUS PRIME Z690-P WIFI 인텍앤컴퍼니,"699,990",0,0,0,0,0,0,0,0,0,0,0,0,0,0,0,0,0,0,0,0,0,0,0,0,0,0,0,0
15616562,ASUS PRIME Z690-P 인텍앤컴퍼니,"812,000",0,0,0,0,0,0,0,0,0,0,0,0,0,0,0,0,0,0,0,0,0,0,0,0,0,0,0,0
15867830,ASUS PRIME Z690-P 코잇,"450,000",0,0,0,0,0,0,0,0,0,0,0,0,0,0,0,0,0,0,0,0,0,0,0,0,0,0,0,0
15599207,ASUS PRIME Z690M-PLUS D4 STCOM,"266,750",0,0,0,0,0,0,0,0,0,0,0,0,0,0,0,0,0,0,0,0,0,0,0,0,0,0,0,0
15616640,ASUS PRIME Z690M-PLUS D4 인텍앤컴퍼니,"261,000",0,0,0,0,0,0,0,0,0,0,0,0,0,0,0,0,0,0,0,0,0,0,0,0,0,0,0,0
15756698,ASUS PRIME Z690M-PLUS D4 코잇,일시품절,0,0,0,0,0,0,0,0,0,0,0,0,0,0,0,0,0,0,0,0,0,0,0,0,0,0,0,0
18058475,ASUS PRIME Z790-A WIFI-CSM STCOM,"416,050",0,0,0,0,0,0,0,0,0,0,0,0,0,0,0,0,0,0,0,0,0,0,0,0,0,0,0,0
18054638,ASUS PRIME Z790-P D4-CSM 코잇,"406,240",0,0,0,0,0,0,0,0,0,0,0,0,0,0,0,0,0,0,0,0,0,0,0,0,0,0,0,0
18054704,ASUS PRIME Z790-P WIFI D4-CSM 코잇,"379,820",0,0,0,0,0,0,0,0,0,0,0,0,0,0,0,0,0,0,0,0,0,0,0,0,0,0,0,0
18054881,ASUS PRIME Z790-P WIFI-CSM 코잇,"369,590",0,0,0,0,0,0,0,0,0,0,0,0,0,0,0,0,0,0,0,0,0,0,0,0,0,0,0,0
18054803,ASUS PRIME Z790-P-CSM 코잇,"351,990",0,0,0,0,0,0,0,0,0,0,0,0,0,0,0,0,0,0,0,0,0,0,0,0,0,0,0,0
18057965,ASUS PRIME Z790M-PLUS D4-CSM STCOM,"345,000",0,0,0,0,0,0,0,0,0,0,0,0,0,0,0,0,0,0,0,0,0,0,0,0,0,0,0,0
18054935,ASUS PRIME Z790M-PLUS D4-CSM 인텍앤컴퍼니,"335,350",0,0,0,0,0,0,0,0,0,0,0,0,0,0,0,0,0,0,0,0,0,0,0,0,0,0,0,0
18054518,ASUS PRIME Z790M-PLUS D4-CSM 코잇,"330,430",0,0,0,0,0,0,0,0,0,0,0,0,0,0,0,0,0,0,0,0,0,0,0,0,0,0,0,0
20014406,ASUS PRIME Z790M-PLUS-CSM STCOM,"348,240",0,0,0,0,0,0,0,0,0,0,0,0,0,0,0,0,0,0,0,0,0,0,0,0,0,0,0,0
20079008,ASUS PRIME Z790M-PLUS-CSM 코잇,"332,210",0,0,0,0,0,0,0,0,0,0,0,0,0,0,0,0,0,0,0,0,0,0,0,0,0,0,0,0
19556732,ASUS PRO WS W680-ACE IPMI STCOM,"651,130",0,0,0,0,0,0,0,0,0,0,0,0,0,0,0,0,0,0,0,0,0,0,0,0,0,0,0,0
19556996,ASUS PRO WS W680-ACE STCOM,"534,500",0,0,0,0,0,0,0,0,0,0,0,0,0,0,0,0,0,0,0,0,0,0,0,0,0,0,0,0
19556108,ASUS PRO WS WRX80E-SAGE SE WIFI STCOM,"1,497,980",0,0,0,0,0,0,0,0,0,0,0,0,0,0,0,0,0,0,0,0,0,0,0,0,0,0,0,0
13562387,ASUS PRO WS WRX80E-SAGE SE WIFI 대원씨티에스,"1,239,340",0,0,0,0,0,0,0,0,0,0,0,0,0,0,0,0,0,0,0,0,0,0,0,0,0,0,0,0
13923911,ASUS PRO WS WRX80E-SAGE SE WIFI 아이보라,"1,263,500",0,0,0,0,0,0,0,0,0,0,0,0,0,0,0,0,0,0,0,0,0,0,0,0,0,0,0,0
8518257,ASUS PRO WS X570-ACE 아이보라,"540,800",0,0,0,0,0,0,0,0,0,0,0,0,0,0,0,0,0,0,0,0,0,0,0,0,0,0,0,0
16564487,ASUS Pro B660M-C/CSM D4 코잇,일시품절,0,0,0,0,0,0,0,0,0,0,0,0,0,0,0,0,0,0,0,0,0,0,0,0,0,0,0,0
17541950,ASUS Pro H610T/CSM D4 아이보라 (벌크),"기본_147,770",0,0,0,0,0,0,0,0,0,0,0,0,0,0,0,0,0,0,0,0,0,0,0,0,0,0,0,0
17192960,ASUS Pro H610T/CSM D4 코잇 (벌크),"기본_145,990|120W 어댑터_175,230",0,0,0,0,0,0,0,0,0,0,0,0,0,0,0,0,0,0,0,0,0,0,0,0,0,0,0,0
13924289,ASUS ProArt B550-CREATOR STCOM,"442,990",0,0,0,0,0,0,0,0,0,0,0,0,0,0,0,0,0,0,0,0,0,0,0,0,0,0,0,0
18140852,ASUS ProArt B650-CREATOR STCOM,"423,150",0,0,0,0,0,0,0,0,0,0,0,0,0,0,0,0,0,0,0,0,0,0,0,0,0,0,0,0
18154490,ASUS ProArt B650-CREATOR 대원씨티에스,"398,750",0,0,0,0,0,0,0,0,0,0,0,0,0,0,0,0,0,0,0,0,0,0,0,0,0,0,0,0
16824314,ASUS ProArt B660-CREATOR D4 인텍앤컴퍼니,"328,990",0,0,0,0,0,0,0,0,0,0,0,0,0,0,0,0,0,0,0,0,0,0,0,0,0,0,0,0
18652904,ASUS ProArt B760-CREATOR D4 STCOM,"402,500",0,0,0,0,0,0,0,0,0,0,0,0,0,0,0,0,0,0,0,0,0,0,0,0,0,0,0,0
20317796,ASUS ProArt B760-CREATOR STCOM,"465,020",0,0,0,0,0,0,0,0,0,0,0,0,0,0,0,0,0,0,0,0,0,0,0,0,0,0,0,0
17926736,ASUS ProArt X670E-CREATOR WIFI STCOM,"775,000",0,0,0,0,0,0,0,0,0,0,0,0,0,0,0,0,0,0,0,0,0,0,0,0,0,0,0,0
17926778,ASUS ProArt X670E-CREATOR WIFI 대원씨티에스,"733,630",0,0,0,0,0,0,0,0,0,0,0,0,0,0,0,0,0,0,0,0,0,0,0,0,0,0,0,0
18663521,ASUS ProArt Z790-CREATOR WIFI STCOM,"818,430",0,0,0,0,0,0,0,0,0,0,0,0,0,0,0,0,0,0,0,0,0,0,0,0,0,0,0,0
18841790,ASUS ProArt Z790-CREATOR WIFI 인텍앤컴퍼니,"763,700",0,0,0,0,0,0,0,0,0,0,0,0,0,0,0,0,0,0,0,0,0,0,0,0,0,0,0,0
15215861,ASUS ROG CROSSHAIR VIII EXTREME 대원씨티에스,"680,990",0,0,0,0,0,0,0,0,0,0,0,0,0,0,0,0,0,0,0,0,0,0,0,0,0,0,0,0
8513403,ASUS ROG CROSSHAIR VIII FORMULA STCOM,"763,840",0,0,0,0,0,0,0,0,0,0,0,0,0,0,0,0,0,0,0,0,0,0,0,0,0,0,0,0
8542328,ASUS ROG CROSSHAIR VIII FORMULA 대원씨티에스,"490,900",0,0,0,0,0,0,0,0,0,0,0,0,0,0,0,0,0,0,0,0,0,0,0,0,0,0,0,0
12689573,ASUS ROG CROSSHAIR VIII IMPACT STCOM,"624,000",0,0,0,0,0,0,0,0,0,0,0,0,0,0,0,0,0,0,0,0,0,0,0,0,0,0,0,0
17926757,ASUS ROG CROSSHAIR X670E Gene STCOM,"823,500",0,0,0,0,0,0,0,0,0,0,0,0,0,0,0,0,0,0,0,0,0,0,0,0,0,0,0,0
17926796,ASUS ROG CROSSHAIR X670E Gene 대원씨티에스,"759,990",0,0,0,0,0,0,0,0,0,0,0,0,0,0,0,0,0,0,0,0,0,0,0,0,0,0,0,0
13147263,ASUS ROG CROSSHAIR X670E HERO STCOM,"1,034,170",0,0,0,0,0,0,0,0,0,0,0,0,0,0,0,0,0,0,0,0,0,0,0,0,0,0,0,0
18060878,ASUS ROG CROSSHAIR X670E HERO 대원씨티에스,"935,900",0,0,0,0,0,0,0,0,0,0,0,0,0,0,0,0,0,0,0,0,0,0,0,0,0,0,0,0
11210139,ASUS ROG MAXIMUS XII FORMULA STCOM,"602,000",0,0,0,0,0,0,0,0,0,0,0,0,0,0,0,0,0,0,0,0,0,0,0,0,0,0,0,0
11232516,ASUS ROG MAXIMUS XII FORMULA 인텍앤컴퍼니,"415,710",0,0,0,0,0,0,0,0,0,0,0,0,0,0,0,0,0,0,0,0,0,0,0,0,0,0,0,0
11224269,ASUS ROG MAXIMUS XII HERO (Wi-Fi) 인텍앤컴퍼니,"495,000",0,0,0,0,0,0,0,0,0,0,0,0,0,0,0,0,0,0,0,0,0,0,0,0,0,0,0,0
13875599,ASUS ROG MAXIMUS XIII APEX 인텍앤컴퍼니,"421,100",0,0,0,0,0,0,0,0,0,0,0,0,0,0,0,0,0,0,0,0,0,0,0,0,0,0,0,0
13933280,ASUS ROG MAXIMUS XIII EXTREME GLACIAL STCOM,"2,067,970",0,0,0,0,0,0,0,0,0,0,0,0,0,0,0,0,0,0,0,0,0,0,0,0,0,0,0,0
13947872,ASUS ROG MAXIMUS XIII EXTREME GLACIAL 인텍앤컴퍼니,"1,750,000",0,0,0,0,0,0,0,0,0,0,0,0,0,0,0,0,0,0,0,0,0,0,0,0,0,0,0,0
13980314,ASUS ROG MAXIMUS XIII EXTREME GLACIAL 코잇,"936,320",0,0,0,0,0,0,0,0,0,0,0,0,0,0,0,0,0,0,0,0,0,0,0,0,0,0,0,0
13452389,ASUS ROG MAXIMUS XIII EXTREME STCOM,일시품절,0,0,0,0,0,0,0,0,0,0,0,0,0,0,0,0,0,0,0,0,0,0,0,0,0,0,0,0
13774883,ASUS ROG MAXIMUS XIII EXTREME 코잇,"1,112,000",0,0,0,0,0,0,0,0,0,0,0,0,0,0,0,0,0,0,0,0,0,0,0,0,0,0,0,0
18192749,ASUS ROG MAXIMUS Z690 APEX STCOM,"630,200",0,0,0,0,0,0,0,0,0,0,0,0,0,0,0,0,0,0,0,0,0,0,0,0,0,0,0,0
15617057,ASUS ROG MAXIMUS Z690 APEX 인텍앤컴퍼니,"702,720",0,0,0,0,0,0,0,0,0,0,0,0,0,0,0,0,0,0,0,0,0,0,0,0,0,0,0,0
16285538,ASUS ROG MAXIMUS Z690 EXTREME GLACIAL STCOM,"2,896,840",0,0,0,0,0,0,0,0,0,0,0,0,0,0,0,0,0,0,0,0,0,0,0,0,0,0,0,0
16798469,ASUS ROG MAXIMUS Z690 EXTREME GLACIAL 인텍앤컴퍼니,"1,060,000",0,0,0,0,0,0,0,0,0,0,0,0,0,0,0,0,0,0,0,0,0,0,0,0,0,0,0,0
16058795,ASUS ROG MAXIMUS Z690 EXTREME GLACIAL 코잇,"2,773,310",0,0,0,0,0,0,0,0,0,0,0,0,0,0,0,0,0,0,0,0,0,0,0,0,0,0,0,0
15603164,ASUS ROG MAXIMUS Z690 FORMULA STCOM,"2,100,000",0,0,0,0,0,0,0,0,0,0,0,0,0,0,0,0,0,0,0,0,0,0,0,0,0,0,0,0
15638834,ASUS ROG MAXIMUS Z690 FORMULA 인텍앤컴퍼니,"2,200,000",0,0,0,0,0,0,0,0,0,0,0,0,0,0,0,0,0,0,0,0,0,0,0,0,0,0,0,0
15603704,ASUS ROG MAXIMUS Z690 HERO STCOM,"2,100,000",0,0,0,0,0,0,0,0,0,0,0,0,0,0,0,0,0,0,0,0,0,0,0,0,0,0,0,0
15616787,ASUS ROG MAXIMUS Z690 HERO 인텍앤컴퍼니,"2,000,000",0,0,0,0,0,0,0,0,0,0,0,0,0,0,0,0,0,0,0,0,0,0,0,0,0,0,0,0
18059849,ASUS ROG MAXIMUS Z790 HERO STCOM,"994,090",0,0,0,0,0,0,0,0,0,0,0,0,0,0,0,0,0,0,0,0,0,0,0,0,0,0,0,0
18169370,ASUS ROG MAXIMUS Z790 HERO 인텍앤컴퍼니,"998,000",0,0,0,0,0,0,0,0,0,0,0,0,0,0,0,0,0,0,0,0,0,0,0,0,0,0,0,0
18254819,ASUS ROG MAXIMUS Z790 HERO 코잇,"887,790",0,0,0,0,0,0,0,0,0,0,0,0,0,0,0,0,0,0,0,0,0,0,0,0,0,0,0,0
12048893,ASUS ROG STRIX B550-A GAMING STCOM,"244,630",0,0,0,0,0,0,0,0,0,0,0,0,0,0,0,0,0,0,0,0,0,0,0,0,0,0,0,0
11934316,ASUS ROG STRIX B550-A GAMING 대원씨티에스,"197,390",0,0,0,0,0,0,0,0,0,0,0,0,0,0,0,0,0,0,0,0,0,0,0,0,0,0,0,0
11920711,ASUS ROG STRIX B550-A GAMING 아이보라,"194,280",0,0,0,0,0,0,0,0,0,0,0,0,0,0,0,0,0,0,0,0,0,0,0,0,0,0,0,0
15381398,ASUS ROG STRIX B550-F GAMING WIFI II 아이보라,"276,700",0,0,0,0,0,0,0,0,0,0,0,0,0,0,0,0,0,0,0,0,0,0,0,0,0,0,0,0
12702185,ASUS ROG STRIX B550-XE GAMING WIFI STCOM,일시품절,0,0,0,0,0,0,0,0,0,0,0,0,0,0,0,0,0,0,0,0,0,0,0,0,0,0,0,0
13924805,ASUS ROG STRIX B560-A GAMING WIFI STCOM,"250,000",0,0,0,0,0,0,0,0,0,0,0,0,0,0,0,0,0,0,0,0,0,0,0,0,0,0,0,0
14177450,ASUS ROG STRIX B560-F GAMING WIFI 인텍앤컴퍼니,"350,000",0,0,0,0,0,0,0,0,0,0,0,0,0,0,0,0,0,0,0,0,0,0,0,0,0,0,0,0
13658867,ASUS ROG STRIX B560-F GAMING WIFI 코잇,"315,000",0,0,0,0,0,0,0,0,0,0,0,0,0,0,0,0,0,0,0,0,0,0,0,0,0,0,0,0
18044567,ASUS ROG STRIX B650-A GAMING WIFI STCOM,"393,500",0,0,0,0,0,0,0,0,0,0,0,0,0,0,0,0,0,0,0,0,0,0,0,0,0,0,0,0
18021842,ASUS ROG STRIX B650-A GAMING WIFI 대원씨티에스,"372,640",0,0,0,0,0,0,0,0,0,0,0,0,0,0,0,0,0,0,0,0,0,0,0,0,0,0,0,0
18044582,ASUS ROG STRIX B650E-E GAMING WIFI STCOM,"491,820",0,0,0,0,0,0,0,0,0,0,0,0,0,0,0,0,0,0,0,0,0,0,0,0,0,0,0,0
18021965,ASUS ROG STRIX B650E-E GAMING WIFI 대원씨티에스,"466,390",0,0,0,0,0,0,0,0,0,0,0,0,0,0,0,0,0,0,0,0,0,0,0,0,0,0,0,0
18173051,ASUS ROG STRIX B650E-F GAMING WIFI STCOM,"433,900",0,0,0,0,0,0,0,0,0,0,0,0,0,0,0,0,0,0,0,0,0,0,0,0,0,0,0,0
18265715,ASUS ROG STRIX B650E-F GAMING WIFI 대원씨티에스,"427,150",0,0,0,0,0,0,0,0,0,0,0,0,0,0,0,0,0,0,0,0,0,0,0,0,0,0,0,0
18376385,ASUS ROG STRIX B650E-I GAMING WIFI STCOM,"418,200",0,0,0,0,0,0,0,0,0,0,0,0,0,0,0,0,0,0,0,0,0,0,0,0,0,0,0,0
18375494,ASUS ROG STRIX B650E-I GAMING WIFI 대원씨티에스,"414,650",0,0,0,0,0,0,0,0,0,0,0,0,0,0,0,0,0,0,0,0,0,0,0,0,0,0,0,0
16103129,ASUS ROG STRIX B660-A GAMING WIFI D4 STCOM,"368,490",0,0,0,0,0,0,0,0,0,0,0,0,0,0,0,0,0,0,0,0,0,0,0,0,0,0,0,0
16087814,ASUS ROG STRIX B660-A GAMING WIFI D4 인텍앤컴퍼니,"364,000",0,0,0,0,0,0,0,0,0,0,0,0,0,0,0,0,0,0,0,0,0,0,0,0,0,0,0,0
16099739,ASUS ROG STRIX B660-A GAMING WIFI D4 코잇,"327,930",0,0,0,0,0,0,0,0,0,0,0,0,0,0,0,0,0,0,0,0,0,0,0,0,0,0,0,0
16260212,ASUS ROG STRIX B660-A GAMING WIFI STCOM,"364,500",0,0,0,0,0,0,0,0,0,0,0,0,0,0,0,0,0,0,0,0,0,0,0,0,0,0,0,0
16455641,ASUS ROG STRIX B660-A GAMING WIFI 코잇,"454,990",0,0,0,0,0,0,0,0,0,0,0,0,0,0,0,0,0,0,0,0,0,0,0,0,0,0,0,0
16103126,ASUS ROG STRIX B660-F GAMING WIFI STCOM,"401,490",0,0,0,0,0,0,0,0,0,0,0,0,0,0,0,0,0,0,0,0,0,0,0,0,0,0,0,0
16103306,ASUS ROG STRIX B660-F GAMING WIFI 아이보라,"285,550",0,0,0,0,0,0,0,0,0,0,0,0,0,0,0,0,0,0,0,0,0,0,0,0,0,0,0,0
16087445,ASUS ROG STRIX B660-F GAMING WIFI 인텍앤컴퍼니,"424,690",0,0,0,0,0,0,0,0,0,0,0,0,0,0,0,0,0,0,0,0,0,0,0,0,0,0,0,0
16099766,ASUS ROG STRIX B660-F GAMING WIFI 코잇,"371,690",0,0,0,0,0,0,0,0,0,0,0,0,0,0,0,0,0,0,0,0,0,0,0,0,0,0,0,0
16103114,ASUS ROG STRIX B660-G GAMING WIFI STCOM,"359,000",0,0,0,0,0,0,0,0,0,0,0,0,0,0,0,0,0,0,0,0,0,0,0,0,0,0,0,0
16103309,ASUS ROG STRIX B660-G GAMING WIFI 아이보라,"244,130",0,0,0,0,0,0,0,0,0,0,0,0,0,0,0,0,0,0,0,0,0,0,0,0,0,0,0,0
16087319,ASUS ROG STRIX B660-G GAMING WIFI 인텍앤컴퍼니,"542,790",0,0,0,0,0,0,0,0,0,0,0,0,0,0,0,0,0,0,0,0,0,0,0,0,0,0,0,0
16099826,ASUS ROG STRIX B660-G GAMING WIFI 코잇,"589,990",0,0,0,0,0,0,0,0,0,0,0,0,0,0,0,0,0,0,0,0,0,0,0,0,0,0,0,0
16103111,ASUS ROG STRIX B660-I GAMING WIFI STCOM,"351,750",0,0,0,0,0,0,0,0,0,0,0,0,0,0,0,0,0,0,0,0,0,0,0,0,0,0,0,0
16086878,ASUS ROG STRIX B660-I GAMING WIFI 인텍앤컴퍼니,"470,200",0,0,0,0,0,0,0,0,0,0,0,0,0,0,0,0,0,0,0,0,0,0,0,0,0,0,0,0
16099889,ASUS ROG STRIX B660-I GAMING WIFI 코잇,"307,850",0,0,0,0,0,0,0,0,0,0,0,0,0,0,0,0,0,0,0,0,0,0,0,0,0,0,0,0
18662405,ASUS ROG STRIX B760-A GAMING WIFI D4 STCOM,"328,200",0,0,0,0,0,0,0,0,0,0,0,0,0,0,0,0,0,0,0,0,0,0,0,0,0,0,0,0
18725330,ASUS ROG STRIX B760-A GAMING WIFI D4 인텍앤컴퍼니,"318,840",0,0,0,0,0,0,0,0,0,0,0,0,0,0,0,0,0,0,0,0,0,0,0,0,0,0,0,0
18719444,ASUS ROG STRIX B760-A GAMING WIFI D4 코잇,"307,370",0,0,0,0,0,0,0,0,0,0,0,0,0,0,0,0,0,0,0,0,0,0,0,0,0,0,0,0
19606709,ASUS ROG STRIX B760-A GAMING WIFI STCOM,"336,000",0,0,0,0,0,0,0,0,0,0,0,0,0,0,0,0,0,0,0,0,0,0,0,0,0,0,0,0
19772603,ASUS ROG STRIX B760-A GAMING WIFI 인텍앤컴퍼니,"341,000",0,0,0,0,0,0,0,0,0,0,0,0,0,0,0,0,0,0,0,0,0,0,0,0,0,0,0,0
19903283,ASUS ROG STRIX B760-A GAMING WIFI 코잇,"318,210",0,0,0,0,0,0,0,0,0,0,0,0,0,0,0,0,0,0,0,0,0,0,0,0,0,0,0,0
18662558,ASUS ROG STRIX B760-F GAMING WIFI STCOM,"422,400",0,0,0,0,0,0,0,0,0,0,0,0,0,0,0,0,0,0,0,0,0,0,0,0,0,0,0,0
18710297,ASUS ROG STRIX B760-F GAMING WIFI 인텍앤컴퍼니,"422,990",0,0,0,0,0,0,0,0,0,0,0,0,0,0,0,0,0,0,0,0,0,0,0,0,0,0,0,0
18716702,ASUS ROG STRIX B760-F GAMING WIFI 코잇,"418,300",0,0,0,0,0,0,0,0,0,0,0,0,0,0,0,0,0,0,0,0,0,0,0,0,0,0,0,0
18662669,ASUS ROG STRIX B760-G GAMING WIFI D4 STCOM,"267,700",0,0,0,0,0,0,0,0,0,0,0,0,0,0,0,0,0,0,0,0,0,0,0,0,0,0,0,0
18725342,ASUS ROG STRIX B760-G GAMING WIFI D4 인텍앤컴퍼니,"269,000",0,0,0,0,0,0,0,0,0,0,0,0,0,0,0,0,0,0,0,0,0,0,0,0,0,0,0,0
18716867,ASUS ROG STRIX B760-G GAMING WIFI D4 코잇,"251,390",0,0,0,0,0,0,0,0,0,0,0,0,0,0,0,0,0,0,0,0,0,0,0,0,0,0,0,0
19606931,ASUS ROG STRIX B760-G GAMING WIFI STCOM,일시품절,0,0,0,0,0,0,0,0,0,0,0,0,0,0,0,0,0,0,0,0,0,0,0,0,0,0,0,0
19772675,ASUS ROG STRIX B760-G GAMING WIFI 인텍앤컴퍼니,"324,000",0,0,0,0,0,0,0,0,0,0,0,0,0,0,0,0,0,0,0,0,0,0,0,0,0,0,0,0
19903481,ASUS ROG STRIX B760-G GAMING WIFI 코잇,"276,360",0,0,0,0,0,0,0,0,0,0,0,0,0,0,0,0,0,0,0,0,0,0,0,0,0,0,0,0
18662789,ASUS ROG STRIX B760-I GAMING WIFI STCOM,"356,400",0,0,0,0,0,0,0,0,0,0,0,0,0,0,0,0,0,0,0,0,0,0,0,0,0,0,0,0
18725357,ASUS ROG STRIX B760-I GAMING WIFI 인텍앤컴퍼니,"346,400",0,0,0,0,0,0,0,0,0,0,0,0,0,0,0,0,0,0,0,0,0,0,0,0,0,0,0,0
18716924,ASUS ROG STRIX B760-I GAMING WIFI 코잇,"333,570",0,0,0,0,0,0,0,0,0,0,0,0,0,0,0,0,0,0,0,0,0,0,0,0,0,0,0,0
6023687,ASUS ROG STRIX H370-F GAMING STCOM,일시품절,0,0,0,0,0,0,0,0,0,0,0,0,0,0,0,0,0,0,0,0,0,0,0,0,0,0,0,0
12689597,ASUS ROG STRIX X299-E GAMING II STCOM,"738,320",0,0,0,0,0,0,0,0,0,0,0,0,0,0,0,0,0,0,0,0,0,0,0,0,0,0,0,0
8517171,ASUS ROG STRIX X570-E GAMING STCOM,"565,500",0,0,0,0,0,0,0,0,0,0,0,0,0,0,0,0,0,0,0,0,0,0,0,0,0,0,0,0
8556440,ASUS ROG STRIX X570-E GAMING 대원씨티에스,일시품절,0,0,0,0,0,0,0,0,0,0,0,0,0,0,0,0,0,0,0,0,0,0,0,0,0,0,0,0
17926748,ASUS ROG STRIX X670E-A GAMING WIFI STCOM,"653,500",0,0,0,0,0,0,0,0,0,0,0,0,0,0,0,0,0,0,0,0,0,0,0,0,0,0,0,0
17926787,ASUS ROG STRIX X670E-A GAMING WIFI 대원씨티에스,"599,900",0,0,0,0,0,0,0,0,0,0,0,0,0,0,0,0,0,0,0,0,0,0,0,0,0,0,0,0
13158384,ASUS ROG STRIX X670E-E GAMING WIFI STCOM,"765,500",0,0,0,0,0,0,0,0,0,0,0,0,0,0,0,0,0,0,0,0,0,0,0,0,0,0,0,0
18060821,ASUS ROG STRIX X670E-E GAMING WIFI 대원씨티에스,"693,990",0,0,0,0,0,0,0,0,0,0,0,0,0,0,0,0,0,0,0,0,0,0,0,0,0,0,0,0
13158504,ASUS ROG STRIX X670E-F GAMING WIFI STCOM,"697,500",0,0,0,0,0,0,0,0,0,0,0,0,0,0,0,0,0,0,0,0,0,0,0,0,0,0,0,0
18060779,ASUS ROG STRIX X670E-F GAMING WIFI 대원씨티에스,"633,800",0,0,0,0,0,0,0,0,0,0,0,0,0,0,0,0,0,0,0,0,0,0,0,0,0,0,0,0
17926751,ASUS ROG STRIX X670E-I GAMING WIFI STCOM,"673,490",0,0,0,0,0,0,0,0,0,0,0,0,0,0,0,0,0,0,0,0,0,0,0,0,0,0,0,0
17926790,ASUS ROG STRIX X670E-I GAMING WIFI 대원씨티에스,"655,270",0,0,0,0,0,0,0,0,0,0,0,0,0,0,0,0,0,0,0,0,0,0,0,0,0,0,0,0
11210115,ASUS ROG STRIX Z490-I GAMING STCOM,"418,040",0,0,0,0,0,0,0,0,0,0,0,0,0,0,0,0,0,0,0,0,0,0,0,0,0,0,0,0
11222694,ASUS ROG STRIX Z490-I GAMING 코잇,"415,210",0,0,0,0,0,0,0,0,0,0,0,0,0,0,0,0,0,0,0,0,0,0,0,0,0,0,0,0
13355396,ASUS ROG STRIX Z590-E GAMING WIFI 인텍앤컴퍼니,"420,000",0,0,0,0,0,0,0,0,0,0,0,0,0,0,0,0,0,0,0,0,0,0,0,0,0,0,0,0
13355441,ASUS ROG STRIX Z590-F GAMING WIFI 인텍앤컴퍼니,"436,000",0,0,0,0,0,0,0,0,0,0,0,0,0,0,0,0,0,0,0,0,0,0,0,0,0,0,0,0
13408043,ASUS ROG STRIX Z590-I GAMING WIFI STCOM,"443,390",0,0,0,0,0,0,0,0,0,0,0,0,0,0,0,0,0,0,0,0,0,0,0,0,0,0,0,0
13358747,ASUS ROG STRIX Z590-I GAMING WIFI 인텍앤컴퍼니,"589,200",0,0,0,0,0,0,0,0,0,0,0,0,0,0,0,0,0,0,0,0,0,0,0,0,0,0,0,0
13422815,ASUS ROG STRIX Z590-I GAMING WIFI 코잇,"419,220",0,0,0,0,0,0,0,0,0,0,0,0,0,0,0,0,0,0,0,0,0,0,0,0,0,0,0,0
15604190,ASUS ROG STRIX Z690-A GAMING WIFI D4 코잇,"643,800",0,0,0,0,0,0,0,0,0,0,0,0,0,0,0,0,0,0,0,0,0,0,0,0,0,0,0,0
15600476,ASUS ROG STRIX Z690-E GAMING WIFI STCOM,"1,420,000",0,0,0,0,0,0,0,0,0,0,0,0,0,0,0,0,0,0,0,0,0,0,0,0,0,0,0,0
15638972,ASUS ROG STRIX Z690-E GAMING WIFI 인텍앤컴퍼니,"1,327,100",0,0,0,0,0,0,0,0,0,0,0,0,0,0,0,0,0,0,0,0,0,0,0,0,0,0,0,0
15609011,ASUS ROG STRIX Z690-E GAMING WIFI 코잇,"742,880",0,0,0,0,0,0,0,0,0,0,0,0,0,0,0,0,0,0,0,0,0,0,0,0,0,0,0,0
15601019,ASUS ROG STRIX Z690-F GAMING WIFI STCOM,"1,200,000",0,0,0,0,0,0,0,0,0,0,0,0,0,0,0,0,0,0,0,0,0,0,0,0,0,0,0,0
15616676,ASUS ROG STRIX Z690-F GAMING WIFI 인텍앤컴퍼니,"399,000",0,0,0,0,0,0,0,0,0,0,0,0,0,0,0,0,0,0,0,0,0,0,0,0,0,0,0,0
15638999,ASUS ROG STRIX Z690-G GAMING WIFI 인텍앤컴퍼니,"1,271,000",0,0,0,0,0,0,0,0,0,0,0,0,0,0,0,0,0,0,0,0,0,0,0,0,0,0,0,0
15601616,ASUS ROG STRIX Z690-I GAMING WIFI STCOM,"2,000,000",0,0,0,0,0,0,0,0,0,0,0,0,0,0,0,0,0,0,0,0,0,0,0,0,0,0,0,0
15616700,ASUS ROG STRIX Z690-I GAMING WIFI 인텍앤컴퍼니,"697,740",0,0,0,0,0,0,0,0,0,0,0,0,0,0,0,0,0,0,0,0,0,0,0,0,0,0,0,0
18059252,ASUS ROG STRIX Z790-A GAMING WIFI D4 STCOM,"494,500",0,0,0,0,0,0,0,0,0,0,0,0,0,0,0,0,0,0,0,0,0,0,0,0,0,0,0,0
18169490,ASUS ROG STRIX Z790-A GAMING WIFI D4 인텍앤컴퍼니,"485,740",0,0,0,0,0,0,0,0,0,0,0,0,0,0,0,0,0,0,0,0,0,0,0,0,0,0,0,0
18254912,ASUS ROG STRIX Z790-A GAMING WIFI D4 코잇,"461,050",0,0,0,0,0,0,0,0,0,0,0,0,0,0,0,0,0,0,0,0,0,0,0,0,0,0,0,0
20013098,ASUS ROG STRIX Z790-A GAMING WIFI STCOM,"598,990",0,0,0,0,0,0,0,0,0,0,0,0,0,0,0,0,0,0,0,0,0,0,0,0,0,0,0,0
20079428,ASUS ROG STRIX Z790-A GAMING WIFI 코잇,"590,970",0,0,0,0,0,0,0,0,0,0,0,0,0,0,0,0,0,0,0,0,0,0,0,0,0,0,0,0
18059426,ASUS ROG STRIX Z790-E GAMING WIFI STCOM,"738,500",0,0,0,0,0,0,0,0,0,0,0,0,0,0,0,0,0,0,0,0,0,0,0,0,0,0,0,0
18169559,ASUS ROG STRIX Z790-E GAMING WIFI 인텍앤컴퍼니,"722,890",0,0,0,0,0,0,0,0,0,0,0,0,0,0,0,0,0,0,0,0,0,0,0,0,0,0,0,0
18254966,ASUS ROG STRIX Z790-E GAMING WIFI 코잇,"700,030",0,0,0,0,0,0,0,0,0,0,0,0,0,0,0,0,0,0,0,0,0,0,0,0,0,0,0,0
18059516,ASUS ROG STRIX Z790-F GAMING WIFI STCOM,"583,500",0,0,0,0,0,0,0,0,0,0,0,0,0,0,0,0,0,0,0,0,0,0,0,0,0,0,0,0
18169658,ASUS ROG STRIX Z790-F GAMING WIFI 인텍앤컴퍼니,"669,430",0,0,0,0,0,0,0,0,0,0,0,0,0,0,0,0,0,0,0,0,0,0,0,0,0,0,0,0
18255077,ASUS ROG STRIX Z790-F GAMING WIFI 코잇,"539,180",0,0,0,0,0,0,0,0,0,0,0,0,0,0,0,0,0,0,0,0,0,0,0,0,0,0,0,0
20013806,ASUS ROG STRIX Z790-H GAMING WIFI STCOM,"511,820",0,0,0,0,0,0,0,0,0,0,0,0,0,0,0,0,0,0,0,0,0,0,0,0,0,0,0,0
20079251,ASUS ROG STRIX Z790-H GAMING WIFI 코잇,"524,350",0,0,0,0,0,0,0,0,0,0,0,0,0,0,0,0,0,0,0,0,0,0,0,0,0,0,0,0
18059699,ASUS ROG STRIX Z790-I GAMING WIFI STCOM,"747,860",0,0,0,0,0,0,0,0,0,0,0,0,0,0,0,0,0,0,0,0,0,0,0,0,0,0,0,0
18474035,ASUS ROG STRIX Z790-I GAMING WIFI 인텍앤컴퍼니,"753,280",0,0,0,0,0,0,0,0,0,0,0,0,0,0,0,0,0,0,0,0,0,0,0,0,0,0,0,0
18255188,ASUS ROG STRIX Z790-I GAMING WIFI 코잇,"722,500",0,0,0,0,0,0,0,0,0,0,0,0,0,0,0,0,0,0,0,0,0,0,0,0,0,0,0,0
7128832,ASUS ROG ZENITH EXTREME ALPHA STCOM,"875,000",0,0,0,0,0,0,0,0,0,0,0,0,0,0,0,0,0,0,0,0,0,0,0,0,0,0,0,0
12761789,ASUS ROG ZENITH EXTREME ALPHA 대원씨티에스,"713,670",0,0,0,0,0,0,0,0,0,0,0,0,0,0,0,0,0,0,0,0,0,0,0,0,0,0,0,0
10526130,ASUS TUF B450M-PLUS GAMING 대원씨티에스,"221,000",0,0,0,0,0,0,0,0,0,0,0,0,0,0,0,0,0,0,0,0,0,0,0,0,0,0,0,0
20318291,ASUS TUF Gaming A620-PRO WIFI STCOM,"277,000",0,0,0,0,0,0,0,0,0,0,0,0,0,0,0,0,0,0,0,0,0,0,0,0,0,0,0,0
19925807,ASUS TUF Gaming A620M-PLUS STCOM,"173,400",0,0,0,0,0,0,0,0,0,0,0,0,0,0,0,0,0,0,0,0,0,0,0,0,0,0,0,0
19926059,ASUS TUF Gaming A620M-PLUS WIFI STCOM,"196,500",0,0,0,0,0,0,0,0,0,0,0,0,0,0,0,0,0,0,0,0,0,0,0,0,0,0,0,0
19927037,ASUS TUF Gaming A620M-PLUS WIFI 대원씨티에스,"208,790",0,0,0,0,0,0,0,0,0,0,0,0,0,0,0,0,0,0,0,0,0,0,0,0,0,0,0,0
19926731,ASUS TUF Gaming A620M-PLUS 대원씨티에스,"166,750",0,0,0,0,0,0,0,0,0,0,0,0,0,0,0,0,0,0,0,0,0,0,0,0,0,0,0,0
12617759,ASUS TUF Gaming B450M-PLUS II 대원씨티에스,"192,700",0,0,0,0,0,0,0,0,0,0,0,0,0,0,0,0,0,0,0,0,0,0,0,0,0,0,0,0
12629378,ASUS TUF Gaming B450M-PRO II STCOM,"116,500",0,0,0,0,0,0,0,0,0,0,0,0,0,0,0,0,0,0,0,0,0,0,0,0,0,0,0,0
18357167,ASUS TUF Gaming B450M-PRO II 대원씨티에스,"116,990",0,0,0,0,0,0,0,0,0,0,0,0,0,0,0,0,0,0,0,0,0,0,0,0,0,0,0,0
11571272,ASUS TUF Gaming B550-PLUS STCOM,"245,500",0,0,0,0,0,0,0,0,0,0,0,0,0,0,0,0,0,0,0,0,0,0,0,0,0,0,0,0
16097975,ASUS TUF Gaming B550-PLUS WiFi II STCOM,"267,990",0,0,0,0,0,0,0,0,0,0,0,0,0,0,0,0,0,0,0,0,0,0,0,0,0,0,0,0
15755711,ASUS TUF Gaming B550-PLUS WiFi II 대원씨티에스,"500,000",0,0,0,0,0,0,0,0,0,0,0,0,0,0,0,0,0,0,0,0,0,0,0,0,0,0,0,0
16169024,ASUS TUF Gaming B550-PLUS WiFi II 아이보라,"227,360",0,0,0,0,0,0,0,0,0,0,0,0,0,0,0,0,0,0,0,0,0,0,0,0,0,0,0,0
11574341,ASUS TUF Gaming B550-PLUS 대원씨티에스,"199,000",0,0,0,0,0,0,0,0,0,0,0,0,0,0,0,0,0,0,0,0,0,0,0,0,0,0,0,0
20608010,ASUS TUF Gaming B550-PLUS 대원씨티에스 (무지박스),"159,240",0,0,0,0,0,0,0,0,0,0,0,0,0,0,0,0,0,0,0,0,0,0,0,0,0,0,0,0
11583224,ASUS TUF Gaming B550-PLUS 아이보라,"194,990",0,0,0,0,0,0,0,0,0,0,0,0,0,0,0,0,0,0,0,0,0,0,0,0,0,0,0,0
13240724,ASUS TUF Gaming B550-PRO STCOM,일시품절,0,0,0,0,0,0,0,0,0,0,0,0,0,0,0,0,0,0,0,0,0,0,0,0,0,0,0,0
13191455,ASUS TUF Gaming B550-PRO 대원씨티에스,"500,000",0,0,0,0,0,0,0,0,0,0,0,0,0,0,0,0,0,0,0,0,0,0,0,0,0,0,0,0
13268105,ASUS TUF Gaming B550-PRO 아이보라,"244,940",0,0,0,0,0,0,0,0,0,0,0,0,0,0,0,0,0,0,0,0,0,0,0,0,0,0,0,0
11571368,ASUS TUF Gaming B550M-PLUS STCOM,"188,500",0,0,0,0,0,0,0,0,0,0,0,0,0,0,0,0,0,0,0,0,0,0,0,0,0,0,0,0
16098902,ASUS TUF Gaming B550M-PLUS WiFi II STCOM,"203,500",0,0,0,0,0,0,0,0,0,0,0,0,0,0,0,0,0,0,0,0,0,0,0,0,0,0,0,0
14493074,ASUS TUF Gaming B560M-E 인텍앤컴퍼니,"200,000",0,0,0,0,0,0,0,0,0,0,0,0,0,0,0,0,0,0,0,0,0,0,0,0,0,0,0,0
13561976,ASUS TUF Gaming B560M-PLUS WIFI 인텍앤컴퍼니,"222,950",0,0,0,0,0,0,0,0,0,0,0,0,0,0,0,0,0,0,0,0,0,0,0,0,0,0,0,0
13531097,ASUS TUF Gaming B560M-PLUS 인텍앤컴퍼니,일시품절,0,0,0,0,0,0,0,0,0,0,0,0,0,0,0,0,0,0,0,0,0,0,0,0,0,0,0,0
18044549,ASUS TUF Gaming B650-PLUS STCOM,"330,500",0,0,0,0,0,0,0,0,0,0,0,0,0,0,0,0,0,0,0,0,0,0,0,0,0,0,0,0
18044558,ASUS TUF Gaming B650-PLUS WIFI STCOM,"347,500",0,0,0,0,0,0,0,0,0,0,0,0,0,0,0,0,0,0,0,0,0,0,0,0,0,0,0,0
18021662,ASUS TUF Gaming B650-PLUS WIFI 대원씨티에스,"329,220",0,0,0,0,0,0,0,0,0,0,0,0,0,0,0,0,0,0,0,0,0,0,0,0,0,0,0,0
18021581,ASUS TUF Gaming B650-PLUS 대원씨티에스,"306,340",0,0,0,0,0,0,0,0,0,0,0,0,0,0,0,0,0,0,0,0,0,0,0,0,0,0,0,0
21427535,ASUS TUF Gaming B650M-E WIFI 대원씨티에스,"232,000",0,0,0,0,0,0,0,0,0,0,0,0,0,0,0,0,0,0,0,0,0,0,0,0,0,0,0,0
21421541,ASUS TUF Gaming B650M-E 대원씨티에스,"211,270",0,0,0,0,0,0,0,0,0,0,0,0,0,0,0,0,0,0,0,0,0,0,0,0,0,0,0,0
18044519,ASUS TUF Gaming B650M-PLUS STCOM,"285,500",0,0,0,0,0,0,0,0,0,0,0,0,0,0,0,0,0,0,0,0,0,0,0,0,0,0,0,0
18044522,ASUS TUF Gaming B650M-PLUS WIFI STCOM,"300,500",0,0,0,0,0,0,0,0,0,0,0,0,0,0,0,0,0,0,0,0,0,0,0,0,0,0,0,0
18021491,ASUS TUF Gaming B650M-PLUS WIFI 대원씨티에스,"278,720",0,0,0,0,0,0,0,0,0,0,0,0,0,0,0,0,0,0,0,0,0,0,0,0,0,0,0,0
18021440,ASUS TUF Gaming B650M-PLUS 대원씨티에스,"263,120",0,0,0,0,0,0,0,0,0,0,0,0,0,0,0,0,0,0,0,0,0,0,0,0,0,0,0,0
16103087,ASUS TUF Gaming B660-PLUS WIFI D4 STCOM,"259,000",0,0,0,0,0,0,0,0,0,0,0,0,0,0,0,0,0,0,0,0,0,0,0,0,0,0,0,0
16103324,ASUS TUF Gaming B660-PLUS WIFI D4 인텍앤컴퍼니,"500,000",0,0,0,0,0,0,0,0,0,0,0,0,0,0,0,0,0,0,0,0,0,0,0,0,0,0,0,0
16125881,ASUS TUF Gaming B660-PLUS WIFI D4 코잇,"236,590",0,0,0,0,0,0,0,0,0,0,0,0,0,0,0,0,0,0,0,0,0,0,0,0,0,0,0,0
16103105,ASUS TUF Gaming B660M-E D4 STCOM,"181,500",0,0,0,0,0,0,0,0,0,0,0,0,0,0,0,0,0,0,0,0,0,0,0,0,0,0,0,0
16085327,ASUS TUF Gaming B660M-E D4 인텍앤컴퍼니,"183,970",0,0,0,0,0,0,0,0,0,0,0,0,0,0,0,0,0,0,0,0,0,0,0,0,0,0,0,0
16103102,ASUS TUF Gaming B660M-PLUS D4 STCOM,"213,400",0,0,0,0,0,0,0,0,0,0,0,0,0,0,0,0,0,0,0,0,0,0,0,0,0,0,0,0
16085480,ASUS TUF Gaming B660M-PLUS D4 인텍앤컴퍼니,"234,000",0,0,0,0,0,0,0,0,0,0,0,0,0,0,0,0,0,0,0,0,0,0,0,0,0,0,0,0
16100000,ASUS TUF Gaming B660M-PLUS D4 코잇,"241,800",0,0,0,0,0,0,0,0,0,0,0,0,0,0,0,0,0,0,0,0,0,0,0,0,0,0,0,0
16102988,ASUS TUF Gaming B660M-PLUS WIFI D4 STCOM,"233,200",0,0,0,0,0,0,0,0,0,0,0,0,0,0,0,0,0,0,0,0,0,0,0,0,0,0,0,0
16085666,ASUS TUF Gaming B660M-PLUS WIFI D4 인텍앤컴퍼니,"282,200",0,0,0,0,0,0,0,0,0,0,0,0,0,0,0,0,0,0,0,0,0,0,0,0,0,0,0,0
16278929,ASUS TUF Gaming B660M-PLUS WIFI D4 코잇,"234,990",0,0,0,0,0,0,0,0,0,0,0,0,0,0,0,0,0,0,0,0,0,0,0,0,0,0,0,0
18918575,ASUS TUF Gaming B660M-PLUS WIFI STCOM,"208,500",0,0,0,0,0,0,0,0,0,0,0,0,0,0,0,0,0,0,0,0,0,0,0,0,0,0,0,0
19110794,ASUS TUF Gaming B660M-PLUS WIFI 아이보라,"199,350",0,0,0,0,0,0,0,0,0,0,0,0,0,0,0,0,0,0,0,0,0,0,0,0,0,0,0,0
18421946,ASUS TUF Gaming B660M-PLUS WIFI 인텍앤컴퍼니,"208,270",0,0,0,0,0,0,0,0,0,0,0,0,0,0,0,0,0,0,0,0,0,0,0,0,0,0,0,0
18874781,ASUS TUF Gaming B660M-PLUS WIFI 코잇,"191,030",0,0,0,0,0,0,0,0,0,0,0,0,0,0,0,0,0,0,0,0,0,0,0,0,0,0,0,0
19427744,ASUS TUF Gaming B760-PLUS WIFI STCOM,"300,500",0,0,0,0,0,0,0,0,0,0,0,0,0,0,0,0,0,0,0,0,0,0,0,0,0,0,0,0
19306598,ASUS TUF Gaming B760-PLUS WIFI 인텍앤컴퍼니,"289,600",0,0,0,0,0,0,0,0,0,0,0,0,0,0,0,0,0,0,0,0,0,0,0,0,0,0,0,0
19756199,ASUS TUF Gaming B760-PLUS WIFI 코잇,"277,910",0,0,0,0,0,0,0,0,0,0,0,0,0,0,0,0,0,0,0,0,0,0,0,0,0,0,0,0
19607402,ASUS TUF Gaming B760M-E D4 STCOM,"203,990",0,0,0,0,0,0,0,0,0,0,0,0,0,0,0,0,0,0,0,0,0,0,0,0,0,0,0,0
18725831,ASUS TUF Gaming B760M-PLUS D4 인텍앤컴퍼니,"246,500",0,0,0,0,0,0,0,0,0,0,0,0,0,0,0,0,0,0,0,0,0,0,0,0,0,0,0,0
19608158,ASUS TUF Gaming B760M-PLUS STCOM,"247,490",0,0,0,0,0,0,0,0,0,0,0,0,0,0,0,0,0,0,0,0,0,0,0,0,0,0,0,0
18725876,ASUS TUF Gaming B760M-PLUS WIFI D4 인텍앤컴퍼니,"260,520",0,0,0,0,0,0,0,0,0,0,0,0,0,0,0,0,0,0,0,0,0,0,0,0,0,0,0,0
19608629,ASUS TUF Gaming B760M-PLUS WIFI STCOM,"255,500",0,0,0,0,0,0,0,0,0,0,0,0,0,0,0,0,0,0,0,0,0,0,0,0,0,0,0,0
19772786,ASUS TUF Gaming B760M-PLUS WIFI 인텍앤컴퍼니,"248,780",0,0,0,0,0,0,0,0,0,0,0,0,0,0,0,0,0,0,0,0,0,0,0,0,0,0,0,0
19903640,ASUS TUF Gaming B760M-PLUS WIFI 코잇,"237,760",0,0,0,0,0,0,0,0,0,0,0,0,0,0,0,0,0,0,0,0,0,0,0,0,0,0,0,0
19772732,ASUS TUF Gaming B760M-PLUS 인텍앤컴퍼니,"239,000",0,0,0,0,0,0,0,0,0,0,0,0,0,0,0,0,0,0,0,0,0,0,0,0,0,0,0,0
19628207,ASUS TUF Gaming B760M-PLUS 코잇,"231,620",0,0,0,0,0,0,0,0,0,0,0,0,0,0,0,0,0,0,0,0,0,0,0,0,0,0,0,0
16085843,ASUS TUF Gaming H670-PRO WIFI D4 인텍앤컴퍼니,"268,000",0,0,0,0,0,0,0,0,0,0,0,0,0,0,0,0,0,0,0,0,0,0,0,0,0,0,0,0
17926742,ASUS TUF Gaming X670E-PLUS STCOM,"426,500",0,0,0,0,0,0,0,0,0,0,0,0,0,0,0,0,0,0,0,0,0,0,0,0,0,0,0,0
17926745,ASUS TUF Gaming X670E-PLUS WIFI STCOM,"443,470",0,0,0,0,0,0,0,0,0,0,0,0,0,0,0,0,0,0,0,0,0,0,0,0,0,0,0,0
17926784,ASUS TUF Gaming X670E-PLUS WIFI 대원씨티에스,"424,290",0,0,0,0,0,0,0,0,0,0,0,0,0,0,0,0,0,0,0,0,0,0,0,0,0,0,0,0
17926781,ASUS TUF Gaming X670E-PLUS 대원씨티에스,"415,140",0,0,0,0,0,0,0,0,0,0,0,0,0,0,0,0,0,0,0,0,0,0,0,0,0,0,0,0
13587644,ASUS TUF Gaming Z590-PLUS 인텍앤컴퍼니,"240,000",0,0,0,0,0,0,0,0,0,0,0,0,0,0,0,0,0,0,0,0,0,0,0,0,0,0,0,0
16425494,ASUS TUF Gaming Z690-PLUS WIFI 인텍앤컴퍼니,"950,000",0,0,0,0,0,0,0,0,0,0,0,0,0,0,0,0,0,0,0,0,0,0,0,0,0,0,0,0
18044417,ASUS TUF Gaming Z790-PLUS D4 인텍앤컴퍼니,"350,920",0,0,0,0,0,0,0,0,0,0,0,0,0,0,0,0,0,0,0,0,0,0,0,0,0,0,0,0
18044462,ASUS TUF Gaming Z790-PLUS WIFI D4 인텍앤컴퍼니,"481,000",0,0,0,0,0,0,0,0,0,0,0,0,0,0,0,0,0,0,0,0,0,0,0,0,0,0,0,0
18599705,ASUS TUF Gaming Z790-PLUS WIFI 인텍앤컴퍼니,"404,800",0,0,0,0,0,0,0,0,0,0,0,0,0,0,0,0,0,0,0,0,0,0,0,0,0,0,0,0
11743040,ASUS Tinker Edge R,"249,000",0,0,0,0,0,0,0,0,0,0,0,0,0,0,0,0,0,0,0,0,0,0,0,0,0,0,0,0
11032305,ASUS Tinker Edge T,"239,000",0,0,0,0,0,0,0,0,0,0,0,0,0,0,0,0,0,0,0,0,0,0,0,0,0,0,0,0
10641108,ASUS Tinker Fanless Aluminum Case,"48,890",0,0,0,0,0,0,0,0,0,0,0,0,0,0,0,0,0,0,0,0,0,0,0,0,0,0,0,0
13613522,ASUS Tinker board 2,"126,000",0,0,0,0,0,0,0,0,0,0,0,0,0,0,0,0,0,0,0,0,0,0,0,0,0,0,0,0
13695704,ASUS Tinker board 2S,"180,790",0,0,0,0,0,0,0,0,0,0,0,0,0,0,0,0,0,0,0,0,0,0,0,0,0,0,0,0
16095512,ASUS Tinker board R2.0,"139,000",0,0,0,0,0,0,0,0,0,0,0,0,0,0,0,0,0,0,0,0,0,0,0,0,0,0,0,0
15786107,ASUS Tinker board S R2.0,"253,540",0,0,0,0,0,0,0,0,0,0,0,0,0,0,0,0,0,0,0,0,0,0,0,0,0,0,0,0
11739743,ASUS WS C246 PRO STCOM,"378,990",0,0,0,0,0,0,0,0,0,0,0,0,0,0,0,0,0,0,0,0,0,0,0,0,0,0,0,0
11739779,ASUS WS C246M PRO STCOM,"370,490",0,0,0,0,0,0,0,0,0,0,0,0,0,0,0,0,0,0,0,0,0,0,0,0,0,0,0,0
19554155,ASUS WS C422 SAGE/10G STCOM,"1,291,490",0,0,0,0,0,0,0,0,0,0,0,0,0,0,0,0,0,0,0,0,0,0,0,0,0,0,0,0
8654246,ASUS WS C621E SAGE STCOM,"996,450",0,0,0,0,0,0,0,0,0,0,0,0,0,0,0,0,0,0,0,0,0,0,0,0,0,0,0,0
5973277,ASUS WS C621E SAGE 아이보라,"940,000",0,0,0,0,0,0,0,0,0,0,0,0,0,0,0,0,0,0,0,0,0,0,0,0,0,0,0,0
14872940,ASUS WS C621E SAGE 인텍앤컴퍼니,"935,000",0,0,0,0,0,0,0,0,0,0,0,0,0,0,0,0,0,0,0,0,0,0,0,0,0,0,0,0
5857695,ASUS WS X299 PRO STCOM,"759,000",0,0,0,0,0,0,0,0,0,0,0,0,0,0,0,0,0,0,0,0,0,0,0,0,0,0,0,0
5857728,ASUS WS X299 PRO/SE STCOM,"820,870",0,0,0,0,0,0,0,0,0,0,0,0,0,0,0,0,0,0,0,0,0,0,0,0,0,0,0,0
5857774,ASUS WS X299 SAGE STCOM,"979,410",0,0,0,0,0,0,0,0,0,0,0,0,0,0,0,0,0,0,0,0,0,0,0,0,0,0,0,0
14873048,ASUS WS X299 SAGE 인텍앤컴퍼니,일시품절,0,0,0,0,0,0,0,0,0,0,0,0,0,0,0,0,0,0,0,0,0,0,0,0,0,0,0,0
8345859,ASUS WS X299 SAGE/10G STCOM,"1,300,000",0,0,0,0,0,0,0,0,0,0,0,0,0,0,0,0,0,0,0,0,0,0,0,0,0,0,0,0
15003062,ASUS Z11PA-D8 STCOM,"925,000",0,0,0,0,0,0,0,0,0,0,0,0,0,0,0,0,0,0,0,0,0,0,0,0,0,0,0,0
6163995,ASUS Z11PA-U12/10G-2S STCOM,"880,000",0,0,0,0,0,0,0,0,0,0,0,0,0,0,0,0,0,0,0,0,0,0,0,0,0,0,0,0
15003368,ASUS Z11PR-D16 STCOM,"1,020,960",0,0,0,0,0,0,0,0,0,0,0,0,0,0,0,0,0,0,0,0,0,0,0,0,0,0,0,0
5064931,BIOSTAR A320MH PRO 이엠텍,"75,000",0,0,0,0,0,0,0,0,0,0,0,0,0,0,0,0,0,0,0,0,0,0,0,0,0,0,0,0
12074945,BIOSTAR A520MH 이엠텍,"519,460",0,0,0,0,0,0,0,0,0,0,0,0,0,0,0,0,0,0,0,0,0,0,0,0,0,0,0,0
20593100,BIOSTAR A520MT 이엠텍,"70,440",0,0,0,0,0,0,0,0,0,0,0,0,0,0,0,0,0,0,0,0,0,0,0,0,0,0,0,0
12065594,BIOSTAR B550MH 이엠텍,"110,800",0,0,0,0,0,0,0,0,0,0,0,0,0,0,0,0,0,0,0,0,0,0,0,0,0,0,0,0
18265439,BIOSTAR B550MX/E PRO 이엠텍,"109,730",0,0,0,0,0,0,0,0,0,0,0,0,0,0,0,0,0,0,0,0,0,0,0,0,0,0,0,0
17025563,BIOSTAR B660MX-E PRO D4 이엠텍,"149,000",0,0,0,0,0,0,0,0,0,0,0,0,0,0,0,0,0,0,0,0,0,0,0,0,0,0,0,0
21497582,BIOSTAR B760MX2-E D5 이엠텍,"118,500",0,0,0,0,0,0,0,0,0,0,0,0,0,0,0,0,0,0,0,0,0,0,0,0,0,0,0,0
20287199,BIOSTAR B760MXC PRO 2.0 D4 이엠텍,"134,780",0,0,0,0,0,0,0,0,0,0,0,0,0,0,0,0,0,0,0,0,0,0,0,0,0,0,0,0
19177262,BIOSTAR B760MZ-E PRO D5 이엠텍,"145,600",0,0,0,0,0,0,0,0,0,0,0,0,0,0,0,0,0,0,0,0,0,0,0,0,0,0,0,0
13822412,BIOSTAR H510MX/E 2.0 이엠텍,"113,000",0,0,0,0,0,0,0,0,0,0,0,0,0,0,0,0,0,0,0,0,0,0,0,0,0,0,0,0
16301447,BIOSTAR H610MH D4 이엠텍,"89,380",0,0,0,0,0,0,0,0,0,0,0,0,0,0,0,0,0,0,0,0,0,0,0,0,0,0,0,0
20178734,BIOSTAR H610MH D5 이엠텍,"98,540",0,0,0,0,0,0,0,0,0,0,0,0,0,0,0,0,0,0,0,0,0,0,0,0,0,0,0,0
4946644,BIOSTAR RACING X370GT5 이엠텍,"150,000",0,0,0,0,0,0,0,0,0,0,0,0,0,0,0,0,0,0,0,0,0,0,0,0,0,0,0,0
13662614,BIOSTAR RACING Z590GTA 이엠텍,"301,990",0,0,0,0,0,0,0,0,0,0,0,0,0,0,0,0,0,0,0,0,0,0,0,0,0,0,0,0
15618617,BIOSTAR RACING Z690GTA D4 이엠텍,"438,000",0,0,0,0,0,0,0,0,0,0,0,0,0,0,0,0,0,0,0,0,0,0,0,0,0,0,0,0
13644830,BIOSTAR Z590 VALKYRIE 이엠텍,"224,640",0,0,0,0,0,0,0,0,0,0,0,0,0,0,0,0,0,0,0,0,0,0,0,0,0,0,0,0
20738630,COLORFUL BATTLE-AX B760M-K V20 D5 STCOM,"117,890",0,0,0,0,0,0,0,0,0,0,0,0,0,0,0,0,0,0,0,0,0,0,0,0,0,0,0,0
18663323,COLORFUL BATTLE-AX B760M-PLUS V20 D5 STCOM,"163,350",0,0,0,0,0,0,0,0,0,0,0,0,0,0,0,0,0,0,0,0,0,0,0,0,0,0,0,0
7129243,COLORFUL H310M-E PRO V20 STCOM,"78,790",0,0,0,0,0,0,0,0,0,0,0,0,0,0,0,0,0,0,0,0,0,0,0,0,0,0,0,0
19267319,COLORFUL H310M-E V21 STCOM,"78,590",0,0,0,0,0,0,0,0,0,0,0,0,0,0,0,0,0,0,0,0,0,0,0,0,0,0,0,0
14895107,COLORFUL H510M-K M.2 V20 STCOM,"89,350",0,0,0,0,0,0,0,0,0,0,0,0,0,0,0,0,0,0,0,0,0,0,0,0,0,0,0,0
19523846,COLORFUL H610M-E M.2 V20 D4 STCOM,"87,240",0,0,0,0,0,0,0,0,0,0,0,0,0,0,0,0,0,0,0,0,0,0,0,0,0,0,0,0
16250672,ECS A300AM4-TI5 제이씨현,"기본_101,400|120W 어댑터_130,810|150W 어댑터_141,310",0,0,0,0,0,0,0,0,0,0,0,0,0,0,0,0,0,0,0,0,0,0,0,0,0,0,0,0
19753526,ECS DURATHON2 B760H7-M8 코잇,"145,000",0,0,0,0,0,0,0,0,0,0,0,0,0,0,0,0,0,0,0,0,0,0,0,0,0,0,0,0
19673975,ECS DURATHON2 B760H7-M8 코잇 (벌크),"139,950",0,0,0,0,0,0,0,0,0,0,0,0,0,0,0,0,0,0,0,0,0,0,0,0,0,0,0,0
20652176,ECS DURATHON2 GLKD-I J4125 코잇 (무지박스),"기본_139,000|65W 어댑터_153,000",0,0,0,0,0,0,0,0,0,0,0,0,0,0,0,0,0,0,0,0,0,0,0,0,0,0,0,0
10525335,ECS DURATHON2 GLKD-I-J4005 코잇 (벌크),"기본_107,990|65W 어댑터_113,400",0,0,0,0,0,0,0,0,0,0,0,0,0,0,0,0,0,0,0,0,0,0,0,0,0,0,0,0
12840617,ECS DURATHON2 GLKD-I-J4025 코잇 (벌크),"기본_103,400|65W 어댑터_114,630",0,0,0,0,0,0,0,0,0,0,0,0,0,0,0,0,0,0,0,0,0,0,0,0,0,0,0,0
16313690,ECS DURATHON2 GLKD-I-N4020 코잇 (벌크),"기본_97,990|65W 어댑터_108,000",0,0,0,0,0,0,0,0,0,0,0,0,0,0,0,0,0,0,0,0,0,0,0,0,0,0,0,0
15826865,ECS DURATHON2 GLKD-I-N4120 V1.1 코잇,"기본_122,120|65W 어댑터_133,450",0,0,0,0,0,0,0,0,0,0,0,0,0,0,0,0,0,0,0,0,0,0,0,0,0,0,0,0
18412718,ECS DURATHON2 H610H7-M7 코잇,"103,110",0,0,0,0,0,0,0,0,0,0,0,0,0,0,0,0,0,0,0,0,0,0,0,0,0,0,0,0
18412733,ECS DURATHON2 H610H7-M7 코잇 (벌크),"101,700",0,0,0,0,0,0,0,0,0,0,0,0,0,0,0,0,0,0,0,0,0,0,0,0,0,0,0,0
19240112,ECS H610H7-TI5 코잇,"기본_146,990|120W 어댑터 포함_172,190|150W 어댑터 포함_182,690",0,0,0,0,0,0,0,0,0,0,0,0,0,0,0,0,0,0,0,0,0,0,0,0,0,0,0,0
6500307,GIGABYTE A320M-H 듀러블에디션 피씨디렉트,"95,000",0,0,0,0,0,0,0,0,0,0,0,0,0,0,0,0,0,0,0,0,0,0,0,0,0,0,0,0
12211325,GIGABYTE A520 AORUS ELITE 제이씨현,일시품절,0,0,0,0,0,0,0,0,0,0,0,0,0,0,0,0,0,0,0,0,0,0,0,0,0,0,0,0
12076919,GIGABYTE A520M AORUS ELITE 제이씨현,"250,000",0,0,0,0,0,0,0,0,0,0,0,0,0,0,0,0,0,0,0,0,0,0,0,0,0,0,0,0
12077012,GIGABYTE A520M DS3H 듀러블에디션 제이씨현,"470,000",0,0,0,0,0,0,0,0,0,0,0,0,0,0,0,0,0,0,0,0,0,0,0,0,0,0,0,0
20459081,GIGABYTE A520M K V2 제이씨현,"74,000",0,0,0,0,0,0,0,0,0,0,0,0,0,0,0,0,0,0,0,0,0,0,0,0,0,0,0,0
19431530,GIGABYTE A520M K V2 피씨디렉트,"71,720",0,0,0,0,0,0,0,0,0,0,0,0,0,0,0,0,0,0,0,0,0,0,0,0,0,0,0,0
18557519,GIGABYTE A520M K 제이씨현,"78,150",0,0,0,0,0,0,0,0,0,0,0,0,0,0,0,0,0,0,0,0,0,0,0,0,0,0,0,0
18863900,GIGABYTE A520M K 피씨디렉트,"83,600",0,0,0,0,0,0,0,0,0,0,0,0,0,0,0,0,0,0,0,0,0,0,0,0,0,0,0,0
12077093,GIGABYTE A520M S2H 듀러블에디션 제이씨현,"81,890",0,0,0,0,0,0,0,0,0,0,0,0,0,0,0,0,0,0,0,0,0,0,0,0,0,0,0,0
12083765,GIGABYTE A520M S2H 듀러블에디션 피씨디렉트,"93,250",0,0,0,0,0,0,0,0,0,0,0,0,0,0,0,0,0,0,0,0,0,0,0,0,0,0,0,0
19673600,GIGABYTE A620M GAMING X 제이씨현,"177,110",0,0,0,0,0,0,0,0,0,0,0,0,0,0,0,0,0,0,0,0,0,0,0,0,0,0,0,0
19725299,GIGABYTE A620M GAMING X 피씨디렉트,"167,550",0,0,0,0,0,0,0,0,0,0,0,0,0,0,0,0,0,0,0,0,0,0,0,0,0,0,0,0
20238110,GIGABYTE A620M S2H 제이씨현,"127,090",0,0,0,0,0,0,0,0,0,0,0,0,0,0,0,0,0,0,0,0,0,0,0,0,0,0,0,0
20231597,GIGABYTE A620M S2H 피씨디렉트,"120,650",0,0,0,0,0,0,0,0,0,0,0,0,0,0,0,0,0,0,0,0,0,0,0,0,0,0,0,0
18420125,GIGABYTE B450M K 피씨디렉트,"75,960",0,0,0,0,0,0,0,0,0,0,0,0,0,0,0,0,0,0,0,0,0,0,0,0,0,0,0,0
11572877,GIGABYTE B460M AORUS ELITE 피씨디렉트,"244,160",0,0,0,0,0,0,0,0,0,0,0,0,0,0,0,0,0,0,0,0,0,0,0,0,0,0,0,0
11934553,GIGABYTE B460M H 듀러블에디션 피씨디렉트,일시품절,0,0,0,0,0,0,0,0,0,0,0,0,0,0,0,0,0,0,0,0,0,0,0,0,0,0,0,0
12243425,GIGABYTE B550 AORUS PRO V2 피씨디렉트,"412,490",0,0,0,0,0,0,0,0,0,0,0,0,0,0,0,0,0,0,0,0,0,0,0,0,0,0,0,0
11684576,GIGABYTE B550M AORUS ELITE 제이씨현,"120,990",0,0,0,0,0,0,0,0,0,0,0,0,0,0,0,0,0,0,0,0,0,0,0,0,0,0,0,0
11751599,GIGABYTE B550M AORUS ELITE 피씨디렉트,"124,340",0,0,0,0,0,0,0,0,0,0,0,0,0,0,0,0,0,0,0,0,0,0,0,0,0,0,0,0
11575373,GIGABYTE B550M DS3H 듀러블에디션 피씨디렉트,"110,680",0,0,0,0,0,0,0,0,0,0,0,0,0,0,0,0,0,0,0,0,0,0,0,0,0,0,0,0
19545191,GIGABYTE B550M K 제이씨현,일시품절,0,0,0,0,0,0,0,0,0,0,0,0,0,0,0,0,0,0,0,0,0,0,0,0,0,0,0,0
13504949,GIGABYTE B560M AORUS PRO 피씨디렉트,일시품절,0,0,0,0,0,0,0,0,0,0,0,0,0,0,0,0,0,0,0,0,0,0,0,0,0,0,0,0
15773897,GIGABYTE B560M DS3H PLUS 듀러블에디션 제이씨현,"131,600",0,0,0,0,0,0,0,0,0,0,0,0,0,0,0,0,0,0,0,0,0,0,0,0,0,0,0,0
15758414,GIGABYTE B560M DS3H PLUS 듀러블에디션 피씨디렉트,"134,270",0,0,0,0,0,0,0,0,0,0,0,0,0,0,0,0,0,0,0,0,0,0,0,0,0,0,0,0
15106940,GIGABYTE B560M DS3H V2 듀러블에디션 제이씨현,"300,000",0,0,0,0,0,0,0,0,0,0,0,0,0,0,0,0,0,0,0,0,0,0,0,0,0,0,0,0
15593423,GIGABYTE B560M DS3H V2 듀러블에디션 피씨디렉트,일시품절,0,0,0,0,0,0,0,0,0,0,0,0,0,0,0,0,0,0,0,0,0,0,0,0,0,0,0,0
13524110,GIGABYTE B560M DS3H 듀러블에디션 피씨디렉트,"235,470",0,0,0,0,0,0,0,0,0,0,0,0,0,0,0,0,0,0,0,0,0,0,0,0,0,0,0,0
18976274,GIGABYTE B560M H V2 피씨디렉트,"104,280",0,0,0,0,0,0,0,0,0,0,0,0,0,0,0,0,0,0,0,0,0,0,0,0,0,0,0,0
17970548,GIGABYTE B650 AERO G 제이씨현,"379,000",0,0,0,0,0,0,0,0,0,0,0,0,0,0,0,0,0,0,0,0,0,0,0,0,0,0,0,0
18112607,GIGABYTE B650 AERO G 피씨디렉트,"349,450",0,0,0,0,0,0,0,0,0,0,0,0,0,0,0,0,0,0,0,0,0,0,0,0,0,0,0,0
17970146,GIGABYTE B650 AORUS ELITE AX 피씨디렉트,"317,710",0,0,0,0,0,0,0,0,0,0,0,0,0,0,0,0,0,0,0,0,0,0,0,0,0,0,0,0
18186989,GIGABYTE B650 AORUS ELITE 제이씨현,"299,000",0,0,0,0,0,0,0,0,0,0,0,0,0,0,0,0,0,0,0,0,0,0,0,0,0,0,0,0
18189497,GIGABYTE B650 AORUS ELITE 피씨디렉트,"295,480",0,0,0,0,0,0,0,0,0,0,0,0,0,0,0,0,0,0,0,0,0,0,0,0,0,0,0,0
20760632,GIGABYTE B650 GAMING X 제이씨현,"275,850",0,0,0,0,0,0,0,0,0,0,0,0,0,0,0,0,0,0,0,0,0,0,0,0,0,0,0,0
18204425,GIGABYTE B650E AORUS MASTER 피씨디렉트,일시품절,0,0,0,0,0,0,0,0,0,0,0,0,0,0,0,0,0,0,0,0,0,0,0,0,0,0,0,0
18440045,GIGABYTE B650I AORUS ULTRA 피씨디렉트,일시품절,0,0,0,0,0,0,0,0,0,0,0,0,0,0,0,0,0,0,0,0,0,0,0,0,0,0,0,0
20182508,GIGABYTE B650M AORUS ELITE AX 제이씨현,"282,000",0,0,0,0,0,0,0,0,0,0,0,0,0,0,0,0,0,0,0,0,0,0,0,0,0,0,0,0
18113015,GIGABYTE B650M AORUS ELITE AX 피씨디렉트,"269,600",0,0,0,0,0,0,0,0,0,0,0,0,0,0,0,0,0,0,0,0,0,0,0,0,0,0,0,0
17970338,GIGABYTE B650M AORUS ELITE 제이씨현,"241,590",0,0,0,0,0,0,0,0,0,0,0,0,0,0,0,0,0,0,0,0,0,0,0,0,0,0,0,0
18165161,GIGABYTE B650M AORUS ELITE 피씨디렉트,"247,480",0,0,0,0,0,0,0,0,0,0,0,0,0,0,0,0,0,0,0,0,0,0,0,0,0,0,0,0
18157412,GIGABYTE B650M DS3H 듀러블에디션 제이씨현,"205,000",0,0,0,0,0,0,0,0,0,0,0,0,0,0,0,0,0,0,0,0,0,0,0,0,0,0,0,0
18113240,GIGABYTE B650M DS3H 듀러블에디션 피씨디렉트,"204,000",0,0,0,0,0,0,0,0,0,0,0,0,0,0,0,0,0,0,0,0,0,0,0,0,0,0,0,0
20324882,GIGABYTE B650M K 제이씨현,"173,850",0,0,0,0,0,0,0,0,0,0,0,0,0,0,0,0,0,0,0,0,0,0,0,0,0,0,0,0
21727307,GIGABYTE B650M K 피씨디렉트,"165,060",0,0,0,0,0,0,0,0,0,0,0,0,0,0,0,0,0,0,0,0,0,0,0,0,0,0,0,0
21731021,GIGABYTE B650M S2H 제이씨현,"147,450",0,0,0,0,0,0,0,0,0,0,0,0,0,0,0,0,0,0,0,0,0,0,0,0,0,0,0,0
21759887,GIGABYTE B650M S2H 피씨디렉트,"142,210",0,0,0,0,0,0,0,0,0,0,0,0,0,0,0,0,0,0,0,0,0,0,0,0,0,0,0,0
18790607,GIGABYTE B660 AORUS ELITE D4 피씨디렉트,"187,200",0,0,0,0,0,0,0,0,0,0,0,0,0,0,0,0,0,0,0,0,0,0,0,0,0,0,0,0
16101155,GIGABYTE B660 AORUS MASTER D4 제이씨현,"525,160",0,0,0,0,0,0,0,0,0,0,0,0,0,0,0,0,0,0,0,0,0,0,0,0,0,0,0,0
16103336,GIGABYTE B660 AORUS MASTER D4 피씨디렉트,"303,600",0,0,0,0,0,0,0,0,0,0,0,0,0,0,0,0,0,0,0,0,0,0,0,0,0,0,0,0
16271918,GIGABYTE B660 GAMING X D4 피씨디렉트,일시품절,0,0,0,0,0,0,0,0,0,0,0,0,0,0,0,0,0,0,0,0,0,0,0,0,0,0,0,0
17062373,GIGABYTE B660M AORUS ELITE D4 제이씨현,일시품절,0,0,0,0,0,0,0,0,0,0,0,0,0,0,0,0,0,0,0,0,0,0,0,0,0,0,0,0
16103342,GIGABYTE B660M AORUS PRO AX D4 피씨디렉트,"228,280",0,0,0,0,0,0,0,0,0,0,0,0,0,0,0,0,0,0,0,0,0,0,0,0,0,0,0,0
16101656,GIGABYTE B660M AORUS PRO D4 제이씨현,"329,000",0,0,0,0,0,0,0,0,0,0,0,0,0,0,0,0,0,0,0,0,0,0,0,0,0,0,0,0
16103339,GIGABYTE B660M AORUS PRO D4 피씨디렉트,"223,000",0,0,0,0,0,0,0,0,0,0,0,0,0,0,0,0,0,0,0,0,0,0,0,0,0,0,0,0
16103327,GIGABYTE B660M D3H D4 듀러블에디션 제이씨현,"200,000",0,0,0,0,0,0,0,0,0,0,0,0,0,0,0,0,0,0,0,0,0,0,0,0,0,0,0,0
16103345,GIGABYTE B660M D3H D4 듀러블에디션 피씨디렉트,"178,000",0,0,0,0,0,0,0,0,0,0,0,0,0,0,0,0,0,0,0,0,0,0,0,0,0,0,0,0
16102010,GIGABYTE B660M DS3H D4 제이씨현,"500,000",0,0,0,0,0,0,0,0,0,0,0,0,0,0,0,0,0,0,0,0,0,0,0,0,0,0,0,0
16103348,GIGABYTE B660M DS3H D4 피씨디렉트,"459,990",0,0,0,0,0,0,0,0,0,0,0,0,0,0,0,0,0,0,0,0,0,0,0,0,0,0,0,0
16168394,GIGABYTE B660M GAMING X D4 제이씨현,"329,000",0,0,0,0,0,0,0,0,0,0,0,0,0,0,0,0,0,0,0,0,0,0,0,0,0,0,0,0
16252274,GIGABYTE B660M GAMING X D4 피씨디렉트,"377,840",0,0,0,0,0,0,0,0,0,0,0,0,0,0,0,0,0,0,0,0,0,0,0,0,0,0,0,0
18781067,GIGABYTE B760 AORUS ELITE AX 피씨디렉트,"279,210",0,0,0,0,0,0,0,0,0,0,0,0,0,0,0,0,0,0,0,0,0,0,0,0,0,0,0,0
18650654,GIGABYTE B760 AORUS ELITE D4 제이씨현,"242,550",0,0,0,0,0,0,0,0,0,0,0,0,0,0,0,0,0,0,0,0,0,0,0,0,0,0,0,0
18651404,GIGABYTE B760 AORUS ELITE D4 피씨디렉트,"239,030",0,0,0,0,0,0,0,0,0,0,0,0,0,0,0,0,0,0,0,0,0,0,0,0,0,0,0,0
18815033,GIGABYTE B760 AORUS ELITE 제이씨현,"272,000",0,0,0,0,0,0,0,0,0,0,0,0,0,0,0,0,0,0,0,0,0,0,0,0,0,0,0,0
18780872,GIGABYTE B760 AORUS ELITE 피씨디렉트,"252,970",0,0,0,0,0,0,0,0,0,0,0,0,0,0,0,0,0,0,0,0,0,0,0,0,0,0,0,0
18651962,GIGABYTE B760 AORUS MASTER D4 피씨디렉트,"288,440",0,0,0,0,0,0,0,0,0,0,0,0,0,0,0,0,0,0,0,0,0,0,0,0,0,0,0,0
18649409,GIGABYTE B760 GAMING X D4 제이씨현,"225,050",0,0,0,0,0,0,0,0,0,0,0,0,0,0,0,0,0,0,0,0,0,0,0,0,0,0,0,0
18650765,GIGABYTE B760 GAMING X D4 피씨디렉트,"216,950",0,0,0,0,0,0,0,0,0,0,0,0,0,0,0,0,0,0,0,0,0,0,0,0,0,0,0,0
18815243,GIGABYTE B760 GAMING X 제이씨현,"249,990",0,0,0,0,0,0,0,0,0,0,0,0,0,0,0,0,0,0,0,0,0,0,0,0,0,0,0,0
18981086,GIGABYTE B760 GAMING X 피씨디렉트,"239,980",0,0,0,0,0,0,0,0,0,0,0,0,0,0,0,0,0,0,0,0,0,0,0,0,0,0,0,0
18993305,GIGABYTE B760M AORUS ELITE AX 제이씨현,"226,580",0,0,0,0,0,0,0,0,0,0,0,0,0,0,0,0,0,0,0,0,0,0,0,0,0,0,0,0
18651506,GIGABYTE B760M AORUS ELITE AX 피씨디렉트,"219,000",0,0,0,0,0,0,0,0,0,0,0,0,0,0,0,0,0,0,0,0,0,0,0,0,0,0,0,0
18650078,GIGABYTE B760M AORUS ELITE D4 제이씨현,"180,250",0,0,0,0,0,0,0,0,0,0,0,0,0,0,0,0,0,0,0,0,0,0,0,0,0,0,0,0
18651545,GIGABYTE B760M AORUS ELITE D4 피씨디렉트,"182,990",0,0,0,0,0,0,0,0,0,0,0,0,0,0,0,0,0,0,0,0,0,0,0,0,0,0,0,0
18649997,GIGABYTE B760M AORUS ELITE 제이씨현,"207,430",0,0,0,0,0,0,0,0,0,0,0,0,0,0,0,0,0,0,0,0,0,0,0,0,0,0,0,0
18651431,GIGABYTE B760M AORUS ELITE 피씨디렉트,"210,660",0,0,0,0,0,0,0,0,0,0,0,0,0,0,0,0,0,0,0,0,0,0,0,0,0,0,0,0
21574646,GIGABYTE B760M D2H D4 제이씨현,"139,900",0,0,0,0,0,0,0,0,0,0,0,0,0,0,0,0,0,0,0,0,0,0,0,0,0,0,0,0
20120033,GIGABYTE B760M D2H 제이씨현,"163,680",0,0,0,0,0,0,0,0,0,0,0,0,0,0,0,0,0,0,0,0,0,0,0,0,0,0,0,0
18650483,GIGABYTE B760M DS3H D4 제이씨현,"147,380",0,0,0,0,0,0,0,0,0,0,0,0,0,0,0,0,0,0,0,0,0,0,0,0,0,0,0,0
18651560,GIGABYTE B760M DS3H D4 피씨디렉트,"145,170",0,0,0,0,0,0,0,0,0,0,0,0,0,0,0,0,0,0,0,0,0,0,0,0,0,0,0,0
18813608,GIGABYTE B760M DS3H 제이씨현,"169,220",0,0,0,0,0,0,0,0,0,0,0,0,0,0,0,0,0,0,0,0,0,0,0,0,0,0,0,0
18781991,GIGABYTE B760M DS3H 피씨디렉트,"162,930",0,0,0,0,0,0,0,0,0,0,0,0,0,0,0,0,0,0,0,0,0,0,0,0,0,0,0,0
19356875,GIGABYTE B760M GAMING D4 피씨디렉트,"142,100",0,0,0,0,0,0,0,0,0,0,0,0,0,0,0,0,0,0,0,0,0,0,0,0,0,0,0,0
18649769,GIGABYTE B760M GAMING X D4 제이씨현,"169,000",0,0,0,0,0,0,0,0,0,0,0,0,0,0,0,0,0,0,0,0,0,0,0,0,0,0,0,0
18651329,GIGABYTE B760M GAMING X D4 피씨디렉트,"170,200",0,0,0,0,0,0,0,0,0,0,0,0,0,0,0,0,0,0,0,0,0,0,0,0,0,0,0,0
19098683,GIGABYTE B760M GAMING X 제이씨현,"195,410",0,0,0,0,0,0,0,0,0,0,0,0,0,0,0,0,0,0,0,0,0,0,0,0,0,0,0,0
19090373,GIGABYTE B760M GAMING X 피씨디렉트,"191,690",0,0,0,0,0,0,0,0,0,0,0,0,0,0,0,0,0,0,0,0,0,0,0,0,0,0,0,0
19868960,GIGABYTE B760M H D4 제이씨현,"138,930",0,0,0,0,0,0,0,0,0,0,0,0,0,0,0,0,0,0,0,0,0,0,0,0,0,0,0,0
6016659,GIGABYTE H370 HD3 듀러블에디션 피씨디렉트,"170,000",0,0,0,0,0,0,0,0,0,0,0,0,0,0,0,0,0,0,0,0,0,0,0,0,0,0,0,0
14718359,GIGABYTE H410M H V3 듀러블에디션 제이씨현,"900,000",0,0,0,0,0,0,0,0,0,0,0,0,0,0,0,0,0,0,0,0,0,0,0,0,0,0,0,0
13462670,GIGABYTE H410M S2H V2 듀러블에디션 피씨디렉트,일시품절,0,0,0,0,0,0,0,0,0,0,0,0,0,0,0,0,0,0,0,0,0,0,0,0,0,0,0,0
13804274,GIGABYTE H510M DS2V 듀러블에디션 제이씨현,일시품절,0,0,0,0,0,0,0,0,0,0,0,0,0,0,0,0,0,0,0,0,0,0,0,0,0,0,0,0
13774823,GIGABYTE H510M DS2V 듀러블에디션 피씨디렉트,일시품절,0,0,0,0,0,0,0,0,0,0,0,0,0,0,0,0,0,0,0,0,0,0,0,0,0,0,0,0
13830011,GIGABYTE H510M H 듀러블에디션 제이씨현,"99,000",0,0,0,0,0,0,0,0,0,0,0,0,0,0,0,0,0,0,0,0,0,0,0,0,0,0,0,0
13775150,GIGABYTE H510M H 듀러블에디션 피씨디렉트,"115,600",0,0,0,0,0,0,0,0,0,0,0,0,0,0,0,0,0,0,0,0,0,0,0,0,0,0,0,0
15156716,GIGABYTE H510M S2H V2 듀러블에디션 제이씨현,"900,000",0,0,0,0,0,0,0,0,0,0,0,0,0,0,0,0,0,0,0,0,0,0,0,0,0,0,0,0
17697992,GIGABYTE H610I D4 듀러블에디션 피씨디렉트,"179,000",0,0,0,0,0,0,0,0,0,0,0,0,0,0,0,0,0,0,0,0,0,0,0,0,0,0,0,0
16102367,GIGABYTE H610M H D4 듀러블에디션 제이씨현,"101,990",0,0,0,0,0,0,0,0,0,0,0,0,0,0,0,0,0,0,0,0,0,0,0,0,0,0,0,0
16103330,GIGABYTE H610M H D4 듀러블에디션 피씨디렉트,"103,690",0,0,0,0,0,0,0,0,0,0,0,0,0,0,0,0,0,0,0,0,0,0,0,0,0,0,0,0
20462924,GIGABYTE H610M H V2 D4 제이씨현,"104,000",0,0,0,0,0,0,0,0,0,0,0,0,0,0,0,0,0,0,0,0,0,0,0,0,0,0,0,0
20119583,GIGABYTE H610M H V2 D4 피씨디렉트,"101,510",0,0,0,0,0,0,0,0,0,0,0,0,0,0,0,0,0,0,0,0,0,0,0,0,0,0,0,0
19619507,GIGABYTE H610M H 듀러블에디션 제이씨현,"116,500",0,0,0,0,0,0,0,0,0,0,0,0,0,0,0,0,0,0,0,0,0,0,0,0,0,0,0,0
19692893,GIGABYTE H610M H 듀러블에디션 피씨디렉트,"113,140",0,0,0,0,0,0,0,0,0,0,0,0,0,0,0,0,0,0,0,0,0,0,0,0,0,0,0,0
18670778,GIGABYTE H610M K D4 제이씨현,"94,960",0,0,0,0,0,0,0,0,0,0,0,0,0,0,0,0,0,0,0,0,0,0,0,0,0,0,0,0
18663455,GIGABYTE H610M K D4 피씨디렉트,"93,050",0,0,0,0,0,0,0,0,0,0,0,0,0,0,0,0,0,0,0,0,0,0,0,0,0,0,0,0
19938515,GIGABYTE H610M K 제이씨현,"105,550",0,0,0,0,0,0,0,0,0,0,0,0,0,0,0,0,0,0,0,0,0,0,0,0,0,0,0,0
19999916,GIGABYTE H610M K 피씨디렉트,"102,760",0,0,0,0,0,0,0,0,0,0,0,0,0,0,0,0,0,0,0,0,0,0,0,0,0,0,0,0
16102667,GIGABYTE H610M S2H D4 듀러블에디션 제이씨현,"120,680",0,0,0,0,0,0,0,0,0,0,0,0,0,0,0,0,0,0,0,0,0,0,0,0,0,0,0,0
16103333,GIGABYTE H610M S2H D4 듀러블에디션 피씨디렉트,"121,690",0,0,0,0,0,0,0,0,0,0,0,0,0,0,0,0,0,0,0,0,0,0,0,0,0,0,0,0
19242146,GIGABYTE H610M S2H V2 D4 듀러블에디션 제이씨현,"118,230",0,0,0,0,0,0,0,0,0,0,0,0,0,0,0,0,0,0,0,0,0,0,0,0,0,0,0,0
19170107,GIGABYTE H610M S2H V2 D4 듀러블에디션 피씨디렉트,"119,370",0,0,0,0,0,0,0,0,0,0,0,0,0,0,0,0,0,0,0,0,0,0,0,0,0,0,0,0
19610558,GIGABYTE H610M S2H 듀러블에디션 제이씨현,"123,350",0,0,0,0,0,0,0,0,0,0,0,0,0,0,0,0,0,0,0,0,0,0,0,0,0,0,0,0
19834694,GIGABYTE H610M S2H 듀러블에디션 피씨디렉트,"120,650",0,0,0,0,0,0,0,0,0,0,0,0,0,0,0,0,0,0,0,0,0,0,0,0,0,0,0,0
10132605,GIGABYTE TRX40 AORUS XTREME 피씨디렉트,"1,675,200",0,0,0,0,0,0,0,0,0,0,0,0,0,0,0,0,0,0,0,0,0,0,0,0,0,0,0,0
10114683,GIGABYTE TRX40 DESIGNARE 피씨디렉트,"1,249,590",0,0,0,0,0,0,0,0,0,0,0,0,0,0,0,0,0,0,0,0,0,0,0,0,0,0,0,0
5720575,GIGABYTE X299 DESIGNARE EX 제이씨현,"746,100",0,0,0,0,0,0,0,0,0,0,0,0,0,0,0,0,0,0,0,0,0,0,0,0,0,0,0,0
5482817,GIGABYTE X299 UD4 PRO 듀러블에디션 피씨디렉트,"408,300",0,0,0,0,0,0,0,0,0,0,0,0,0,0,0,0,0,0,0,0,0,0,0,0,0,0,0,0
17915426,GIGABYTE X670 AORUS ELITE AX 제이씨현,"408,110",0,0,0,0,0,0,0,0,0,0,0,0,0,0,0,0,0,0,0,0,0,0,0,0,0,0,0,0
17926655,GIGABYTE X670 AORUS ELITE AX 피씨디렉트,"408,660",0,0,0,0,0,0,0,0,0,0,0,0,0,0,0,0,0,0,0,0,0,0,0,0,0,0,0,0
17926658,GIGABYTE X670E AORUS MASTER 피씨디렉트,"746,220",0,0,0,0,0,0,0,0,0,0,0,0,0,0,0,0,0,0,0,0,0,0,0,0,0,0,0,0
17926661,GIGABYTE X670E AORUS XTREME 피씨디렉트,"1,046,000",0,0,0,0,0,0,0,0,0,0,0,0,0,0,0,0,0,0,0,0,0,0,0,0,0,0,0,0
11231685,GIGABYTE Z490 AORUS ELITE 제이씨현,"289,000",0,0,0,0,0,0,0,0,0,0,0,0,0,0,0,0,0,0,0,0,0,0,0,0,0,0,0,0
11231616,GIGABYTE Z490 AORUS PRO AX 제이씨현,"459,700",0,0,0,0,0,0,0,0,0,0,0,0,0,0,0,0,0,0,0,0,0,0,0,0,0,0,0,0
11297130,GIGABYTE Z490 AORUS ULTRA 피씨디렉트,"561,300",0,0,0,0,0,0,0,0,0,0,0,0,0,0,0,0,0,0,0,0,0,0,0,0,0,0,0,0
11225142,GIGABYTE Z490 GAMING X 게이밍에디션 피씨디렉트,일시품절,0,0,0,0,0,0,0,0,0,0,0,0,0,0,0,0,0,0,0,0,0,0,0,0,0,0,0,0
11331768,GIGABYTE Z490 UD AC 듀러블에디션 제이씨현,"303,600",0,0,0,0,0,0,0,0,0,0,0,0,0,0,0,0,0,0,0,0,0,0,0,0,0,0,0,0
11232054,GIGABYTE Z490M GAMING X 게이밍에디션 피씨디렉트,일시품절,0,0,0,0,0,0,0,0,0,0,0,0,0,0,0,0,0,0,0,0,0,0,0,0,0,0,0,0
13377359,GIGABYTE Z590 AORUS MASTER 제이씨현,"599,790",0,0,0,0,0,0,0,0,0,0,0,0,0,0,0,0,0,0,0,0,0,0,0,0,0,0,0,0
13537568,GIGABYTE Z590 AORUS ULTRA 제이씨현,일시품절,0,0,0,0,0,0,0,0,0,0,0,0,0,0,0,0,0,0,0,0,0,0,0,0,0,0,0,0
13683158,GIGABYTE Z590 AORUS XTREME 제이씨현,일시품절,0,0,0,0,0,0,0,0,0,0,0,0,0,0,0,0,0,0,0,0,0,0,0,0,0,0,0,0
15744971,GIGABYTE Z690 AERO D 피씨디렉트,"1,112,360",0,0,0,0,0,0,0,0,0,0,0,0,0,0,0,0,0,0,0,0,0,0,0,0,0,0,0,0
15600971,GIGABYTE Z690 AERO G D4 제이씨현,"337,590",0,0,0,0,0,0,0,0,0,0,0,0,0,0,0,0,0,0,0,0,0,0,0,0,0,0,0,0
15626120,GIGABYTE Z690 AERO G D4 피씨디렉트,"379,000",0,0,0,0,0,0,0,0,0,0,0,0,0,0,0,0,0,0,0,0,0,0,0,0,0,0,0,0
15824861,GIGABYTE Z690 AERO G 제이씨현,"1,400,000",0,0,0,0,0,0,0,0,0,0,0,0,0,0,0,0,0,0,0,0,0,0,0,0,0,0,0,0
15626513,GIGABYTE Z690 AERO G 피씨디렉트,"852,390",0,0,0,0,0,0,0,0,0,0,0,0,0,0,0,0,0,0,0,0,0,0,0,0,0,0,0,0
16153055,GIGABYTE Z690 AORUS ELITE AX D4 피씨디렉트,"266,500",0,0,0,0,0,0,0,0,0,0,0,0,0,0,0,0,0,0,0,0,0,0,0,0,0,0,0,0
15600512,GIGABYTE Z690 AORUS ELITE D4 제이씨현,"310,590",0,0,0,0,0,0,0,0,0,0,0,0,0,0,0,0,0,0,0,0,0,0,0,0,0,0,0,0
15605549,GIGABYTE Z690 AORUS ELITE D4 피씨디렉트,"616,010",0,0,0,0,0,0,0,0,0,0,0,0,0,0,0,0,0,0,0,0,0,0,0,0,0,0,0,0
15791012,GIGABYTE Z690 AORUS ELITE 제이씨현,"862,500",0,0,0,0,0,0,0,0,0,0,0,0,0,0,0,0,0,0,0,0,0,0,0,0,0,0,0,0
15653582,GIGABYTE Z690 AORUS ELITE 피씨디렉트,일시품절,0,0,0,0,0,0,0,0,0,0,0,0,0,0,0,0,0,0,0,0,0,0,0,0,0,0,0,0
15605588,GIGABYTE Z690 AORUS MASTER 피씨디렉트,"1,800,000",0,0,0,0,0,0,0,0,0,0,0,0,0,0,0,0,0,0,0,0,0,0,0,0,0,0,0,0
15774212,GIGABYTE Z690 AORUS PRO D4 제이씨현,"761,380",0,0,0,0,0,0,0,0,0,0,0,0,0,0,0,0,0,0,0,0,0,0,0,0,0,0,0,0
15744581,GIGABYTE Z690 AORUS PRO D4 피씨디렉트,"368,220",0,0,0,0,0,0,0,0,0,0,0,0,0,0,0,0,0,0,0,0,0,0,0,0,0,0,0,0
15880925,GIGABYTE Z690 AORUS PRO 제이씨현,일시품절,0,0,0,0,0,0,0,0,0,0,0,0,0,0,0,0,0,0,0,0,0,0,0,0,0,0,0,0
15606479,GIGABYTE Z690 AORUS PRO 피씨디렉트,"612,000",0,0,0,0,0,0,0,0,0,0,0,0,0,0,0,0,0,0,0,0,0,0,0,0,0,0,0,0
15932150,GIGABYTE Z690 AORUS XTREME WATERFORCE 피씨디렉트,"1,228,010",0,0,0,0,0,0,0,0,0,0,0,0,0,0,0,0,0,0,0,0,0,0,0,0,0,0,0,0
15602549,GIGABYTE Z690 AORUS XTREME 제이씨현,"2,500,000",0,0,0,0,0,0,0,0,0,0,0,0,0,0,0,0,0,0,0,0,0,0,0,0,0,0,0,0
15601217,GIGABYTE Z690 GAMING X D4 제이씨현,"525,160",0,0,0,0,0,0,0,0,0,0,0,0,0,0,0,0,0,0,0,0,0,0,0,0,0,0,0,0
15605645,GIGABYTE Z690 GAMING X D4 피씨디렉트,"496,080",0,0,0,0,0,0,0,0,0,0,0,0,0,0,0,0,0,0,0,0,0,0,0,0,0,0,0,0
15694070,GIGABYTE Z690 UD AX 피씨디렉트,"802,550",0,0,0,0,0,0,0,0,0,0,0,0,0,0,0,0,0,0,0,0,0,0,0,0,0,0,0,0
17354774,GIGABYTE Z690 UD D4 V2 피씨디렉트,"1,120,000",0,0,0,0,0,0,0,0,0,0,0,0,0,0,0,0,0,0,0,0,0,0,0,0,0,0,0,0
15601613,GIGABYTE Z690 UD D4 제이씨현,"262,660",0,0,0,0,0,0,0,0,0,0,0,0,0,0,0,0,0,0,0,0,0,0,0,0,0,0,0,0
15605684,GIGABYTE Z690 UD D4 피씨디렉트,"467,010",0,0,0,0,0,0,0,0,0,0,0,0,0,0,0,0,0,0,0,0,0,0,0,0,0,0,0,0
15606635,GIGABYTE Z690 UD 피씨디렉트,"1,000,000",0,0,0,0,0,0,0,0,0,0,0,0,0,0,0,0,0,0,0,0,0,0,0,0,0,0,0,0
15842255,GIGABYTE Z690I AORUS ULTRA 피씨디렉트,"2,000,000",0,0,0,0,0,0,0,0,0,0,0,0,0,0,0,0,0,0,0,0,0,0,0,0,0,0,0,0
16301462,GIGABYTE Z690M AORUS ELITE AX D4 피씨디렉트,"235,350",0,0,0,0,0,0,0,0,0,0,0,0,0,0,0,0,0,0,0,0,0,0,0,0,0,0,0,0
18295808,GIGABYTE Z790 AERO G 제이씨현,"459,490",0,0,0,0,0,0,0,0,0,0,0,0,0,0,0,0,0,0,0,0,0,0,0,0,0,0,0,0
18312236,GIGABYTE Z790 AERO G 피씨디렉트,"441,150",0,0,0,0,0,0,0,0,0,0,0,0,0,0,0,0,0,0,0,0,0,0,0,0,0,0,0,0
18264857,GIGABYTE Z790 AORUS ELITE AX 제이씨현,"399,000",0,0,0,0,0,0,0,0,0,0,0,0,0,0,0,0,0,0,0,0,0,0,0,0,0,0,0,0
18261176,GIGABYTE Z790 AORUS ELITE AX 피씨디렉트,"377,820",0,0,0,0,0,0,0,0,0,0,0,0,0,0,0,0,0,0,0,0,0,0,0,0,0,0,0,0
19926275,GIGABYTE Z790 AORUS ELITE AX-W 제이씨현,"408,590",0,0,0,0,0,0,0,0,0,0,0,0,0,0,0,0,0,0,0,0,0,0,0,0,0,0,0,0
19919207,GIGABYTE Z790 AORUS ELITE AX-W 피씨디렉트,"393,980",0,0,0,0,0,0,0,0,0,0,0,0,0,0,0,0,0,0,0,0,0,0,0,0,0,0,0,0
18112316,GIGABYTE Z790 AORUS ELITE 제이씨현,"364,370",0,0,0,0,0,0,0,0,0,0,0,0,0,0,0,0,0,0,0,0,0,0,0,0,0,0,0,0
18060350,GIGABYTE Z790 AORUS ELITE 피씨디렉트,"344,190",0,0,0,0,0,0,0,0,0,0,0,0,0,0,0,0,0,0,0,0,0,0,0,0,0,0,0,0
18054248,GIGABYTE Z790 AORUS MASTER 제이씨현,"738,460",0,0,0,0,0,0,0,0,0,0,0,0,0,0,0,0,0,0,0,0,0,0,0,0,0,0,0,0
18060347,GIGABYTE Z790 AORUS MASTER 피씨디렉트,"740,390",0,0,0,0,0,0,0,0,0,0,0,0,0,0,0,0,0,0,0,0,0,0,0,0,0,0,0,0
18584546,GIGABYTE Z790 AORUS TACHYON 피씨디렉트,"762,670",0,0,0,0,0,0,0,0,0,0,0,0,0,0,0,0,0,0,0,0,0,0,0,0,0,0,0,0
18460412,GIGABYTE Z790 AORUS XTREME 제이씨현,"1,550,000",0,0,0,0,0,0,0,0,0,0,0,0,0,0,0,0,0,0,0,0,0,0,0,0,0,0,0,0
18450659,GIGABYTE Z790 AORUS XTREME 피씨디렉트,"1,509,930",0,0,0,0,0,0,0,0,0,0,0,0,0,0,0,0,0,0,0,0,0,0,0,0,0,0,0,0
18330392,GIGABYTE Z790 GAMING X 제이씨현,"327,010",0,0,0,0,0,0,0,0,0,0,0,0,0,0,0,0,0,0,0,0,0,0,0,0,0,0,0,0
18295433,GIGABYTE Z790 GAMING X 피씨디렉트,"310,590",0,0,0,0,0,0,0,0,0,0,0,0,0,0,0,0,0,0,0,0,0,0,0,0,0,0,0,0
18265187,GIGABYTE Z790 UD 제이씨현,"305,440",0,0,0,0,0,0,0,0,0,0,0,0,0,0,0,0,0,0,0,0,0,0,0,0,0,0,0,0
18261245,GIGABYTE Z790 UD 피씨디렉트,"303,080",0,0,0,0,0,0,0,0,0,0,0,0,0,0,0,0,0,0,0,0,0,0,0,0,0,0,0,0
20578094,GIGAIPC mITX-1900A 산업용,"255,000",0,0,0,0,0,0,0,0,0,0,0,0,0,0,0,0,0,0,0,0,0,0,0,0,0,0,0,0
9302775,MSI A320M-A PRO,"67,900",0,0,0,0,0,0,0,0,0,0,0,0,0,0,0,0,0,0,0,0,0,0,0,0,0,0,0,0
12067598,MSI A520M-A PRO,"78,150",0,0,0,0,0,0,0,0,0,0,0,0,0,0,0,0,0,0,0,0,0,0,0,0,0,0,0,0
18036947,MSI B550M PRO-VDH WIFI,"194,060",0,0,0,0,0,0,0,0,0,0,0,0,0,0,0,0,0,0,0,0,0,0,0,0,0,0,0,0
18036965,MSI B550M PRO-VDH WIFI (해외구매),"121,589",0,0,0,0,0,0,0,0,0,0,0,0,0,0,0,0,0,0,0,0,0,0,0,0,0,0,0,0
13628021,MSI H510M-A PRO,일시품절,0,0,0,0,0,0,0,0,0,0,0,0,0,0,0,0,0,0,0,0,0,0,0,0,0,0,0,0
11578097,MSI MAG B550M 박격포,일시품절,0,0,0,0,0,0,0,0,0,0,0,0,0,0,0,0,0,0,0,0,0,0,0,0,0,0,0,0
11578325,MSI MAG B550M 박격포 WiFi,"399,600",0,0,0,0,0,0,0,0,0,0,0,0,0,0,0,0,0,0,0,0,0,0,0,0,0,0,0,0
17773823,MSI MAG B550M 박격포 맥스 WiFi,"208,980",0,0,0,0,0,0,0,0,0,0,0,0,0,0,0,0,0,0,0,0,0,0,0,0,0,0,0,0
13696388,MSI MAG B560 토마호크 WIFI,일시품절,0,0,0,0,0,0,0,0,0,0,0,0,0,0,0,0,0,0,0,0,0,0,0,0,0,0,0,0
13760447,MSI MAG B560M 박격포,"1,120,000",0,0,0,0,0,0,0,0,0,0,0,0,0,0,0,0,0,0,0,0,0,0,0,0,0,0,0,0
13844039,MSI MAG B560M 박격포 WIFI,"169,990",0,0,0,0,0,0,0,0,0,0,0,0,0,0,0,0,0,0,0,0,0,0,0,0,0,0,0,0
17971181,MSI MAG B650 토마호크 WIFI,"339,000",0,0,0,0,0,0,0,0,0,0,0,0,0,0,0,0,0,0,0,0,0,0,0,0,0,0,0,0
17971187,MSI MAG B650M 박격포 WIFI,"289,000",0,0,0,0,0,0,0,0,0,0,0,0,0,0,0,0,0,0,0,0,0,0,0,0,0,0,0,0
16329473,MSI MAG B660 토마호크 WIFI,일시품절,0,0,0,0,0,0,0,0,0,0,0,0,0,0,0,0,0,0,0,0,0,0,0,0,0,0,0,0
16167980,MSI MAG B660 토마호크 WIFI DDR4,"199,980",0,0,0,0,0,0,0,0,0,0,0,0,0,0,0,0,0,0,0,0,0,0,0,0,0,0,0,0
16331876,MSI MAG B660M 바주카 DDR4,"164,460",0,0,0,0,0,0,0,0,0,0,0,0,0,0,0,0,0,0,0,0,0,0,0,0,0,0,0,0
16427084,MSI MAG B660M 박격포,"178,740",0,0,0,0,0,0,0,0,0,0,0,0,0,0,0,0,0,0,0,0,0,0,0,0,0,0,0,0
16089002,MSI MAG B660M 박격포 DDR4,"168,990",0,0,0,0,0,0,0,0,0,0,0,0,0,0,0,0,0,0,0,0,0,0,0,0,0,0,0,0
16427216,MSI MAG B660M 박격포 WIFI,"627,900",0,0,0,0,0,0,0,0,0,0,0,0,0,0,0,0,0,0,0,0,0,0,0,0,0,0,0,0
16088780,MSI MAG B660M 박격포 WIFI DDR4,"186,980",0,0,0,0,0,0,0,0,0,0,0,0,0,0,0,0,0,0,0,0,0,0,0,0,0,0,0,0
18652865,MSI MAG B760 토마호크 WIFI,"268,120",0,0,0,0,0,0,0,0,0,0,0,0,0,0,0,0,0,0,0,0,0,0,0,0,0,0,0,0
18652868,MSI MAG B760 토마호크 WIFI DDR4,"239,000",0,0,0,0,0,0,0,0,0,0,0,0,0,0,0,0,0,0,0,0,0,0,0,0,0,0,0,0
18652871,MSI MAG B760M 박격포,"212,990",0,0,0,0,0,0,0,0,0,0,0,0,0,0,0,0,0,0,0,0,0,0,0,0,0,0,0,0
18652874,MSI MAG B760M 박격포 DDR4,"229,000",0,0,0,0,0,0,0,0,0,0,0,0,0,0,0,0,0,0,0,0,0,0,0,0,0,0,0,0
18652877,MSI MAG B760M 박격포 맥스 WIFI,"249,000",0,0,0,0,0,0,0,0,0,0,0,0,0,0,0,0,0,0,0,0,0,0,0,0,0,0,0,0
18652880,MSI MAG B760M 박격포 맥스 WIFI DDR4,"218,980",0,0,0,0,0,0,0,0,0,0,0,0,0,0,0,0,0,0,0,0,0,0,0,0,0,0,0,0
15156329,MSI MAG X570S 토마호크 맥스 WIFI,"481,500",0,0,0,0,0,0,0,0,0,0,0,0,0,0,0,0,0,0,0,0,0,0,0,0,0,0,0,0
11223516,MSI MAG Z490 토마호크,"339,000",0,0,0,0,0,0,0,0,0,0,0,0,0,0,0,0,0,0,0,0,0,0,0,0,0,0,0,0
15693545,MSI MAG Z690 토마호크 WIFI,"1,369,000",0,0,0,0,0,0,0,0,0,0,0,0,0,0,0,0,0,0,0,0,0,0,0,0,0,0,0,0
15618923,MSI MAG Z690 토마호크 WIFI DDR4,"308,990",0,0,0,0,0,0,0,0,0,0,0,0,0,0,0,0,0,0,0,0,0,0,0,0,0,0,0,0
15693419,MSI MAG Z690 토피도,일시품절,0,0,0,0,0,0,0,0,0,0,0,0,0,0,0,0,0,0,0,0,0,0,0,0,0,0,0,0
18167699,MSI MAG Z790 토마호크 WIFI,"478,990",0,0,0,0,0,0,0,0,0,0,0,0,0,0,0,0,0,0,0,0,0,0,0,0,0,0,0,0
18060386,MSI MAG Z790 토마호크 WIFI DDR4,"349,000",0,0,0,0,0,0,0,0,0,0,0,0,0,0,0,0,0,0,0,0,0,0,0,0,0,0,0,0
18153362,MSI MEG X670E 갓라이크,"5,948,000",0,0,0,0,0,0,0,0,0,0,0,0,0,0,0,0,0,0,0,0,0,0,0,0,0,0,0,0
11223567,MSI MEG Z490 에이스,"394,890",0,0,0,0,0,0,0,0,0,0,0,0,0,0,0,0,0,0,0,0,0,0,0,0,0,0,0,0
11319420,MSI MEG Z490 유니파이,"424,800",0,0,0,0,0,0,0,0,0,0,0,0,0,0,0,0,0,0,0,0,0,0,0,0,0,0,0,0
11319750,MSI MEG Z490I 유니파이,"388,270",0,0,0,0,0,0,0,0,0,0,0,0,0,0,0,0,0,0,0,0,0,0,0,0,0,0,0,0
13867739,MSI MEG Z590 갓라이크,"961,700",0,0,0,0,0,0,0,0,0,0,0,0,0,0,0,0,0,0,0,0,0,0,0,0,0,0,0,0
15943754,MSI MEG Z690 에이스,"1,500,000",0,0,0,0,0,0,0,0,0,0,0,0,0,0,0,0,0,0,0,0,0,0,0,0,0,0,0,0
15896510,MSI MEG Z690 유니파이-X,"1,400,000",0,0,0,0,0,0,0,0,0,0,0,0,0,0,0,0,0,0,0,0,0,0,0,0,0,0,0,0
18336908,MSI MEG Z790 에이스,"989,990",0,0,0,0,0,0,0,0,0,0,0,0,0,0,0,0,0,0,0,0,0,0,0,0,0,0,0,0
18342989,MSI MEG Z790 에이스 (해외구매),"1,427,770",0,0,0,0,0,0,0,0,0,0,0,0,0,0,0,0,0,0,0,0,0,0,0,0,0,0,0,0
18172115,MSI MPG B650 엣지 WIFI,"380,520",0,0,0,0,0,0,0,0,0,0,0,0,0,0,0,0,0,0,0,0,0,0,0,0,0,0,0,0
17971178,MSI MPG B650 카본 WIFI,"399,000",0,0,0,0,0,0,0,0,0,0,0,0,0,0,0,0,0,0,0,0,0,0,0,0,0,0,0,0
18448628,MSI MPG B650I 엣지 WIFI,"369,000",0,0,0,0,0,0,0,0,0,0,0,0,0,0,0,0,0,0,0,0,0,0,0,0,0,0,0,0
18652892,MSI MPG B760I 엣지 WIFI DDR4,"1,264,000",0,0,0,0,0,0,0,0,0,0,0,0,0,0,0,0,0,0,0,0,0,0,0,0,0,0,0,0
9500100,MSI MPG X470 게이밍 플러스 맥스,"149,500",0,0,0,0,0,0,0,0,0,0,0,0,0,0,0,0,0,0,0,0,0,0,0,0,0,0,0,0
17925728,MSI MPG X670E 카본 WiFi,"679,370",0,0,0,0,0,0,0,0,0,0,0,0,0,0,0,0,0,0,0,0,0,0,0,0,0,0,0,0
12952262,MSI MPG Z490 게이밍 엣지 WiFi (해외구매),"228,100",0,0,0,0,0,0,0,0,0,0,0,0,0,0,0,0,0,0,0,0,0,0,0,0,0,0,0,0
15738464,MSI MPG Z690 엣지 WIFI,"386,500",0,0,0,0,0,0,0,0,0,0,0,0,0,0,0,0,0,0,0,0,0,0,0,0,0,0,0,0
15615839,MSI MPG Z690 카본 WIFI,"4,419,000",0,0,0,0,0,0,0,0,0,0,0,0,0,0,0,0,0,0,0,0,0,0,0,0,0,0,0,0
15614984,MSI MPG Z690 포스 WIFI,"427,990",0,0,0,0,0,0,0,0,0,0,0,0,0,0,0,0,0,0,0,0,0,0,0,0,0,0,0,0
18167522,MSI MPG Z790 엣지 WIFI,"528,990",0,0,0,0,0,0,0,0,0,0,0,0,0,0,0,0,0,0,0,0,0,0,0,0,0,0,0,0
18060389,MSI MPG Z790 엣지 WIFI DDR4,"448,030",0,0,0,0,0,0,0,0,0,0,0,0,0,0,0,0,0,0,0,0,0,0,0,0,0,0,0,0
18060395,MSI MPG Z790 카본 WIFI,"627,840",0,0,0,0,0,0,0,0,0,0,0,0,0,0,0,0,0,0,0,0,0,0,0,0,0,0,0,0
18060392,MSI MPG Z790I 엣지 WIFI,"530,000",0,0,0,0,0,0,0,0,0,0,0,0,0,0,0,0,0,0,0,0,0,0,0,0,0,0,0,0
19705316,MSI PRO A620M-E,"124,000",0,0,0,0,0,0,0,0,0,0,0,0,0,0,0,0,0,0,0,0,0,0,0,0,0,0,0,0
17910983,MSI PRO B550M-P GEN3,"97,940",0,0,0,0,0,0,0,0,0,0,0,0,0,0,0,0,0,0,0,0,0,0,0,0,0,0,0,0
17971184,MSI PRO B650M-A WIFI,"234,000",0,0,0,0,0,0,0,0,0,0,0,0,0,0,0,0,0,0,0,0,0,0,0,0,0,0,0,0
20108249,MSI PRO B650M-P,"209,000",0,0,0,0,0,0,0,0,0,0,0,0,0,0,0,0,0,0,0,0,0,0,0,0,0,0,0,0
16262660,MSI PRO B660M-A DDR4,"282,000",0,0,0,0,0,0,0,0,0,0,0,0,0,0,0,0,0,0,0,0,0,0,0,0,0,0,0,0
16571699,MSI PRO B660M-A WIFI,"1,199,000",0,0,0,0,0,0,0,0,0,0,0,0,0,0,0,0,0,0,0,0,0,0,0,0,0,0,0,0
16357988,MSI PRO B660M-A WIFI DDR4,"251,940",0,0,0,0,0,0,0,0,0,0,0,0,0,0,0,0,0,0,0,0,0,0,0,0,0,0,0,0
16332119,MSI PRO B660M-B DDR4,"1,125,000",0,0,0,0,0,0,0,0,0,0,0,0,0,0,0,0,0,0,0,0,0,0,0,0,0,0,0,0
16427723,MSI PRO B660M-E DDR4,"1,119,000",0,0,0,0,0,0,0,0,0,0,0,0,0,0,0,0,0,0,0,0,0,0,0,0,0,0,0,0
19241759,MSI PRO B760M-A WIFI,"188,990",0,0,0,0,0,0,0,0,0,0,0,0,0,0,0,0,0,0,0,0,0,0,0,0,0,0,0,0
18652883,MSI PRO B760M-A WIFI DDR4,"179,000",0,0,0,0,0,0,0,0,0,0,0,0,0,0,0,0,0,0,0,0,0,0,0,0,0,0,0,0
18652886,MSI PRO B760M-G DDR4,"140,000",0,0,0,0,0,0,0,0,0,0,0,0,0,0,0,0,0,0,0,0,0,0,0,0,0,0,0,0
20171636,MSI PRO B760M-P,"155,660",0,0,0,0,0,0,0,0,0,0,0,0,0,0,0,0,0,0,0,0,0,0,0,0,0,0,0,0
18652889,MSI PRO B760M-P DDR4,"139,000",0,0,0,0,0,0,0,0,0,0,0,0,0,0,0,0,0,0,0,0,0,0,0,0,0,0,0,0
16314473,MSI PRO H610M-B DDR4,"103,630",0,0,0,0,0,0,0,0,0,0,0,0,0,0,0,0,0,0,0,0,0,0,0,0,0,0,0,0
16637543,MSI PRO H610M-C EX,"118,080",0,0,0,0,0,0,0,0,0,0,0,0,0,0,0,0,0,0,0,0,0,0,0,0,0,0,0,0
18109313,MSI PRO H610M-E DDR4,"101,910",0,0,0,0,0,0,0,0,0,0,0,0,0,0,0,0,0,0,0,0,0,0,0,0,0,0,0,0
16314863,MSI PRO H610M-G DDR4,"119,000",0,0,0,0,0,0,0,0,0,0,0,0,0,0,0,0,0,0,0,0,0,0,0,0,0,0,0,0
17917991,MSI PRO X670-P WiFi,"394,700",0,0,0,0,0,0,0,0,0,0,0,0,0,0,0,0,0,0,0,0,0,0,0,0,0,0,0,0
15616460,MSI PRO Z690-A DDR4,"319,500",0,0,0,0,0,0,0,0,0,0,0,0,0,0,0,0,0,0,0,0,0,0,0,0,0,0,0,0
15756542,MSI PRO Z690-A WIFI DDR4,"278,990",0,0,0,0,0,0,0,0,0,0,0,0,0,0,0,0,0,0,0,0,0,0,0,0,0,0,0,0
18060383,MSI PRO Z790-A WIFI,"424,740",0,0,0,0,0,0,0,0,0,0,0,0,0,0,0,0,0,0,0,0,0,0,0,0,0,0,0,0
18060380,MSI PRO Z790-A WIFI DDR4,"328,800",0,0,0,0,0,0,0,0,0,0,0,0,0,0,0,0,0,0,0,0,0,0,0,0,0,0,0,0
14200919,NVIDIA Jetson Xavier NX Developer Kit (해외구매),"1,400,000",0,0,0,0,0,0,0,0,0,0,0,0,0,0,0,0,0,0,0,0,0,0,0,0,0,0,0,0
18976055,NZXT N7 B650E Matte White,일시품절,0,0,0,0,0,0,0,0,0,0,0,0,0,0,0,0,0,0,0,0,0,0,0,0,0,0,0,0
14403617,NZXT N7 Z490 Matte Black,"328,000",0,0,0,0,0,0,0,0,0,0,0,0,0,0,0,0,0,0,0,0,0,0,0,0,0,0,0,0
14403629,NZXT N7 Z490 Matte White,"328,000",0,0,0,0,0,0,0,0,0,0,0,0,0,0,0,0,0,0,0,0,0,0,0,0,0,0,0,0
14978957,NZXT N7 Z590 Matte Black,"354,200",0,0,0,0,0,0,0,0,0,0,0,0,0,0,0,0,0,0,0,0,0,0,0,0,0,0,0,0
18967898,NZXT N7 Z790 Matte Black,"447,260",0,0,0,0,0,0,0,0,0,0,0,0,0,0,0,0,0,0,0,0,0,0,0,0,0,0,0,0
18967931,NZXT N7 Z790 Matte White,"443,390",0,0,0,0,0,0,0,0,0,0,0,0,0,0,0,0,0,0,0,0,0,0,0,0,0,0,0,0
9680163,Raspberry Pi 라즈베리 파이 4 모델 B,"4GB_389,000",0,0,0,0,0,0,0,0,0,0,0,0,0,0,0,0,0,0,0,0,0,0,0,0,0,0,0,0
20508416,Supermicro H12DSi-NT6 STCOM,"1,561,990",0,0,0,0,0,0,0,0,0,0,0,0,0,0,0,0,0,0,0,0,0,0,0,0,0,0,0,0
20509004,Supermicro H12SSL-C STCOM,"1,203,930",0,0,0,0,0,0,0,0,0,0,0,0,0,0,0,0,0,0,0,0,0,0,0,0,0,0,0,0
20646362,Supermicro H13SSL-NT STCOM,"1,388,980",0,0,0,0,0,0,0,0,0,0,0,0,0,0,0,0,0,0,0,0,0,0,0,0,0,0,0,0
15298127,Supermicro X11SCZ-F STCOM,"509,400",0,0,0,0,0,0,0,0,0,0,0,0,0,0,0,0,0,0,0,0,0,0,0,0,0,0,0,0
20615138,Supermicro X13DAI-T STCOM,"2,172,000",0,0,0,0,0,0,0,0,0,0,0,0,0,0,0,0,0,0,0,0,0,0,0,0,0,0,0,0
20645075,Supermicro X13DEI-T STCOM,"1,983,000",0,0,0,0,0,0,0,0,0,0,0,0,0,0,0,0,0,0,0,0,0,0,0,0,0,0,0,0
20225543,Supermicro X13SAE-F STCOM,"825,110",0,0,0,0,0,0,0,0,0,0,0,0,0,0,0,0,0,0,0,0,0,0,0,0,0,0,0,0
20226533,Supermicro X13SAQ STCOM,"710,590",0,0,0,0,0,0,0,0,0,0,0,0,0,0,0,0,0,0,0,0,0,0,0,0,0,0,0,0
20226770,Supermicro X13SAZ-Q STCOM,"745,490",0,0,0,0,0,0,0,0,0,0,0,0,0,0,0,0,0,0,0,0,0,0,0,0,0,0,0,0
20600042,Supermicro X13SEI-TF STCOM,"1,464,490",0,0,0,0,0,0,0,0,0,0,0,0,0,0,0,0,0,0,0,0,0,0,0,0,0,0,0,0
20600072,Supermicro X13SEM-F STCOM,"1,315,990",0,0,0,0,0,0,0,0,0,0,0,0,0,0,0,0,0,0,0,0,0,0,0,0,0,0,0,0
20606708,Supermicro X13SRA-TF STCOM,"1,314,370",0,0,0,0,0,0,0,0,0,0,0,0,0,0,0,0,0,0,0,0,0,0,0,0,0,0,0,0
20645813,Supermicro X13SWA-TF STCOM,"1,701,440",0,0,0,0,0,0,0,0,0,0,0,0,0,0,0,0,0,0,0,0,0,0,0,0,0,0,0,0
14749595,아두이노 PS2 조이스틱 모듈,420,0,0,0,0,0,0,0,0,0,0,0,0,0,0,0,0,0,0,0,0,0,0,0,0,0,0,0,0
