Id,Name,2023-08-15 21:24:10
26074697,삼성전자 AC145CS4FHH2ST,"기본설치비 포함(수도권)_5,399,000|기본설치비 포함(전국)_5,399,000|공식인증점 판매_5,399,000|기본설치비 별도_가격비교예정"
26072969,삼성전자 AC090CS4FBH2SY,"기본설치비 포함(수도권)_4,228,190|기본설치비 포함(전국)_4,228,190|공식인증점 판매_4,228,190|기본설치비 별도_2,818,990"
26071670,삼성전자 AC072CS4FBH2SY,"기본설치비 포함(수도권)_3,707,290|기본설치비 포함(전국)_3,707,290|공식인증점 판매_3,707,290|기본설치비 별도_2,436,420"
26059958,삼성전자 AC145CS4PHH1SY,"기본설치비 포함(수도권)_3,795,890|기본설치비 포함(전국)_3,795,890|공식인증점 판매_3,795,890|기본설치비 별도_가격비교예정"
26050064,삼성전자 AC090CS6PBH1SY,"기본설치비 포함(수도권)_3,363,590|기본설치비 포함(전국)_3,363,590|공식인증점 판매_3,363,590|기본설치비 별도_1,452,540"
24712181,삼성전자 AC130CS4FHH2SY,"기본설치비 포함(수도권)_4,943,790|기본설치비 포함(전국)_4,943,790|공식인증점 판매_4,943,790|기본설치비 별도_3,426,890"
24712022,삼성전자 AC110CS4FHH2SY,"기본설치비 포함(수도권)_4,674,990|기본설치비 포함(전국)_4,674,990|공식인증점 판매_4,674,990|기본설치비 별도_3,206,900"
24711917,삼성전자 AC100CS6PHH1SY,"기본설치비 포함(수도권)_3,556,300|기본설치비 포함(전국)_3,556,300|공식인증점 판매_3,556,300|기본설치비 별도_1,652,040"
24711821,삼성전자 AC100CS6PBH1SY,"기본설치비 포함(수도권)_3,556,290|기본설치비 포함(전국)_3,556,290|공식인증점 판매_3,556,290|기본설치비 별도_1,652,040"
24711698,삼성전자 AC130CS6PBH1SY,"기본설치비 포함(수도권)_3,946,890|기본설치비 포함(전국)_3,946,890|공식인증점 판매_3,946,890|기본설치비 별도_2,058,940"
24711623,삼성전자 AC110CS6PHH1SY,"기본설치비 포함(수도권)_3,739,600|기본설치비 포함(전국)_3,739,600|공식인증점 판매_3,739,600|기본설치비 별도_1,819,750"
24711563,삼성전자 AC110CS6PBH1SY,"기본설치비 포함(수도권)_3,739,590|기본설치비 포함(전국)_3,739,590|공식인증점 판매_3,739,590|기본설치비 별도_1,819,740"
23757197,삼성전자 AC060CS4FBH2SY,"기본설치비 포함(수도권)_3,390,690|기본설치비 포함(전국)_3,390,690|공식인증점 판매_3,390,690|기본설치비 별도_2,176,990"
23757101,삼성전자 AC110CS4PBH1SY,"기본설치비 포함(수도권)_3,428,190|기본설치비 포함(전국)_3,428,190|공식인증점 판매_3,428,190|기본설치비 별도_가격비교예정"
21574778,삼성전자 무풍 단배관 5실 AJ40AFS5P41SSY,"기본설치비 포함(수도권)_7,739,000|기본설치비 포함(전국)_7,739,000|공식인증점 판매_7,739,000|기본설치비 별도_가격비교예정"
21574625,삼성전자 무풍 다배관 5실 AJ40BSS5P44SSY,"기본설치비 포함(수도권)_7,667,000|기본설치비 포함(전국)_7,667,000|공식인증점 판매_7,667,000|기본설치비 별도_가격비교예정"
21574529,삼성전자 무풍 다배관 청정 5실 AJ40BSS5P44CSY,"기본설치비 포함(수도권)_8,755,000|기본설치비 포함(전국)_8,755,000|공식인증점 판매_8,755,000|기본설치비 별도_가격비교예정"
21574415,삼성전자 무풍 단배관 5실 AJ40ASS5P44SSY,"기본설치비 포함(수도권)_7,859,000|기본설치비 포함(전국)_7,859,000|공식인증점 판매_7,859,000|기본설치비 별도_가격비교예정"
21574271,삼성전자 무풍 단배관 5실 AJ30ASS5P36SSY,"기본설치비 포함(수도권)_7,199,000|기본설치비 포함(전국)_7,199,000|공식인증점 판매_7,199,000|기본설치비 별도_가격비교예정"
21574058,삼성전자 무풍 단배관 청정 5실 AJ40AYS5P44CSY,"공식인증점 판매_10,459,000|기본설치비 포함(수도권)_10,459,000|기본설치비 포함(전국)_10,459,000|기본설치비 별도_가격비교예정"
21529529,삼성전자 비스포크 무풍 인피니트 라인 청정 5실 AN40BSX5P44CSY,"기본설치비 포함(수도권)_10,170,000|기본설치비 포함(전국)_10,170,000|공식인증점 판매_10,170,000"
21529475,삼성전자 비스포크 무풍 인피니트 라인 청정 5실 AN40ASX5P44CSY,"기본설치비 포함(수도권)_10,410,000|기본설치비 포함(전국)_10,410,000|공식인증점 판매_10,410,000"
21529382,삼성전자 비스포크 무풍 인피니트 라인 5실 AN40ASU5P44SSY,"기본설치비 포함(수도권)_10,030,000|기본설치비 포함(전국)_10,030,000|공식인증점 판매_10,030,000"
21529343,삼성전자 비스포크 무풍 인피니트 라인 5실 AN40BSU5P44SSY,"기본설치비 포함(수도권)_9,790,000|기본설치비 포함(전국)_9,790,000|공식인증점 판매_9,790,000"
21529265,삼성전자 비스포크 무풍 인피니트 라인 청정 4실 AN30BSX4P36CSY,"기본설치비 포함(수도권)_7,680,000|기본설치비 포함(전국)_7,680,000|공식인증점 판매_7,680,000"
21529214,삼성전자 비스포크 무풍 인피니트 라인 청정 4실 AN30ASX4P36CSY,"기본설치비 포함(수도권)_7,870,000|기본설치비 포함(전국)_7,870,000|공식인증점 판매_7,870,000"
21529082,삼성전자 비스포크 무풍 인피니트 라인 4실 AN30BSU4P36SSY,"기본설치비 포함(수도권)_7,390,000|기본설치비 포함(전국)_7,390,000|공식인증점 판매_7,390,000"
21529016,삼성전자 비스포크 무풍 인피니트 라인 청정 3실 AN23BSX3P26CSY,"기본설치비 포함(수도권)_6,120,000|기본설치비 포함(전국)_6,120,000|공식인증점 판매_6,120,000"
21528947,삼성전자 비스포크 무풍 인피니트 라인 청정 3실 AN23ASX3P26CSY,"기본설치비 포함(수도권)_6,260,000|기본설치비 포함(전국)_6,260,000|공식인증점 판매_6,260,000"
21528692,삼성전자 비스포크 무풍 인피니트 라인 3실 AN23BSU3P26SSY,"기본설치비 포함(수도권)_5,850,000|기본설치비 포함(전국)_5,850,000|공식인증점 판매_5,850,000"
21528410,삼성전자 비스포크 무풍 인피니트 라인 3실 AN23ASU3P26SSY,"기본설치비 포함(수도권)_5,990,000|기본설치비 포함(전국)_5,990,000|공식인증점 판매_5,990,000"
21528227,삼성전자 비스포크 무풍 인피니트 라인 4실 AN30ASU4P36SSY,"기본설치비 포함(수도권)_7,580,000|기본설치비 포함(전국)_7,580,000|공식인증점 판매_7,580,000"
21488912,삼성전자 무풍 단배관 2실 AJ23ASS2P26SSY,"기본설치비 포함(수도권)_3,740,000|기본설치비 포함(전국)_3,740,000|공식인증점 판매_3,740,000"
21488867,삼성전자 무풍 다배관 2실 AJ23BSS2P26SSY,"기본설치비 포함(수도권)_3,599,000|기본설치비 포함(전국)_3,599,000|공식인증점 판매_3,599,000"
21488690,삼성전자 무풍 다배관 3실 AJ18BSS3P18SSY,"기본설치비 포함(수도권)_4,144,000|기본설치비 포함(전국)_4,144,000|공식인증점 판매_4,144,000"
21488588,삼성전자 무풍 다배관 청정 3실 AJ18BSS3P18CSY,"기본설치비 포함(수도권)_4,785,000|기본설치비 포함(전국)_4,785,000|공식인증점 판매_4,785,000"
21488204,삼성전자 무풍 다배관 청정 2실 AJ18BSS2P16CSY,"기본설치비 포함(수도권)_3,457,000|기본설치비 포함(전국)_3,457,000|공식인증점 판매_3,457,000"
21466058,삼성전자 AC072CS6PBH1SY,"기본설치비 포함(수도권)_3,095,890|기본설치비 포함(전국)_3,095,890|공식인증점 판매_3,095,890|기본설치비 별도_1,423,850"
21465974,삼성전자 AC060CS6PBH1SY,"기본설치비 포함(수도권)_2,880,290|기본설치비 포함(전국)_2,880,290|공식인증점 판매_2,880,290|기본설치비 별도_1,302,770"
21465668,삼성전자 AC072CS4DBC1SY,"기본설치비 포함(수도권)_2,437,490|기본설치비 포함(전국)_2,437,490|공식인증점 판매_2,437,490|기본설치비 별도_1,092,790"
21465467,삼성전자 AC083CS4DBC1SY,"기본설치비 포함(수도권)_2,652,090|기본설치비 포함(전국)_2,652,090|공식인증점 판매_2,652,090|기본설치비 별도_1,396,500"
21465347,삼성전자 AC060CS4DBC1SY,"기본설치비 포함(수도권)_2,423,990|기본설치비 포함(전국)_2,423,990|공식인증점 판매_2,423,990|기본설치비 별도_1,120,040"
21294443,삼성전자 비스포크 무풍 인피니트 라인 3실 AN23BSX3P26SSY,"기본설치비 포함(수도권)_5,560,000|기본설치비 포함(전국)_5,560,000|공식인증점 판매_5,560,000"
21205556,삼성전자 비스포크 무풍 인피니트 라인 4실 AN30BSX4P36SSY,"기본설치비 포함(수도권)_6,940,000|기본설치비 포함(전국)_6,940,000|공식인증점 판매_6,940,000"
20746460,삼성전자 AC130CS6PHH1SY,"기본설치비 포함(수도권)_3,946,890|기본설치비 포함(전국)_3,946,890|공식인증점 판매_3,946,890|기본설치비 별도_2,058,560"
21487970,삼성전자 무풍 다배관 2실 AJ18BSS2P16SSY,"기본설치비 포함(수도권)_3,600,000|기본설치비 포함(전국)_3,600,000|공식인증점 판매_3,600,000"
20746538,삼성전자 무풍 단배관 청정 3실 AJ18ASS3P22CSY,"공식인증점 판매_5,149,000|기본설치비 포함(수도권)_5,149,000|기본설치비 포함(전국)_5,149,000"
20746292,삼성전자 무풍 단배관 청정 2실 AJ18ASS2P16CSY,"기본설치비 포함(수도권)_3,790,000|기본설치비 포함(전국)_3,790,000|공식인증점 판매_3,790,000"
20746256,삼성전자 무풍 단배관 2실 AJ18ASS2P16SSY,"기본설치비 포함(수도권)_3,350,000|기본설치비 포함(전국)_3,350,000|공식인증점 판매_3,350,000"
20746064,삼성전자 무풍 단배관 3실 AJ18ASS3P18SSY,"공식인증점 판매_4,540,000|기본설치비 포함(수도권)_4,540,000|기본설치비 포함(전국)_4,540,000"
20746037,삼성전자 무풍 단배관 청정 3실 AJ18ASS3P18CSY,"공식인증점 판매_5,090,000|기본설치비 포함(수도권)_5,090,000|기본설치비 포함(전국)_5,090,000"
20726816,삼성전자 단배관 청정 1실 AJ18ASS1P18CSY,"공식인증점 판매_2,859,000|기본설치비 포함(수도권)_2,859,000|기본설치비 포함(전국)_2,859,000"
20713985,삼성전자 AC072CS4PBH1SY,"공식인증점 판매_2,829,190|기본설치비 포함(수도권)_2,829,190|기본설치비 포함(전국)_2,829,190"
20713850,삼성전자 AC060CS4PBH1SY,"공식인증점 판매_2,632,290|기본설치비 포함(수도권)_2,632,290|기본설치비 포함(전국)_2,632,290"
20713280,삼성전자 비스포크 핏홈 AF-FH31CMX87T,"기본설치비 포함(수도권)_4,149,000|기본설치비 포함(전국)_4,149,000|공식인증점 판매_4,149,000"
20713148,삼성전자 비스포크 핏홈 AF-FH31CMX87Y,"기본설치비 포함(수도권)_4,499,000|기본설치비 포함(전국)_4,499,000|공식인증점 판매_4,499,000"
20712818,삼성전자 비스포크 핏홈 AF-FH25CMX87W,"기본설치비 포함(수도권)_3,899,000|기본설치비 포함(전국)_3,899,000|공식인증점 판매_3,899,000"
20701787,삼성전자 AC100CS4PBH1SY,"공식인증점 판매_3,267,790|기본설치비 포함(수도권)_3,267,790|기본설치비 포함(전국)_3,267,790"
20701541,삼성전자 AP083CSPDBC1S,"공식인증점 판매_2,031,320|기본설치비 포함(수도권)_1,607,920|기본설치비 포함(전국)_2,031,320|기본설치비 별도_1,071,610"
20596874,삼성전자 AC110CS4FBH2SY,"공식인증점 판매_4,674,990|기본설치비 포함(수도권)_4,674,990|기본설치비 포함(전국)_4,674,990"
20701973,삼성전자 AC110CS4DBC1SY,"공식인증점 판매_3,024,990|기본설치비 포함(수도권)_3,024,990|기본설치비 포함(전국)_3,024,990|기본설치비 별도_1,525,120"
20575820,삼성전자 AC100CS4DBC1SY,"공식인증점 판매_2,705,360|기본설치비 포함(수도권)_1,602,550|기본설치비 포함(전국)_2,705,360|기본설치비 별도_1,367,040"
20575709,삼성전자 AC100CS4FBH2SY,"공식인증점 판매_4,431,290|기본설치비 포함(수도권)_4,431,290|기본설치비 포함(전국)_4,431,290"
20575628,삼성전자 AC100CS4FHH2SY,"공식인증점 판매_3,140,690|기본설치비 포함(수도권)_3,140,690|기본설치비 포함(전국)_3,140,690"
20575490,삼성전자 AC130CS4FBH2SY,"공식인증점 판매_4,943,790|기본설치비 포함(수도권)_4,943,790|기본설치비 포함(전국)_4,943,790"
20562668,삼성전자 비스포크 무풍 인피니트 라인 청정 4실 AN30ASU4P36CSY,"기본설치비 포함(수도권)_8,320,000|기본설치비 포함(전국)_8,320,000|공식인증점 판매_8,320,000|기본설치비 별도_가격비교예정"
21322877,삼성전자 비스포크 무풍 인피니트 라인 5실 AN40BSX5P44SSY,"공식인증점 판매_9,230,000|기본설치비 포함(수도권)_9,230,000|기본설치비 포함(전국)_9,230,000"
21321173,삼성전자 비스포크 무풍 인피니트 라인 청정 5실 AN40BSU5P44CSY,"공식인증점 판매_11,016,000|기본설치비 포함(수도권)_11,016,000|기본설치비 포함(전국)_11,016,000"
21319697,삼성전자 비스포크 무풍 인피니트 라인 청정 4실 AN30BSU4P36CSY,"공식인증점 판매_8,140,000|기본설치비 포함(수도권)_8,140,000|기본설치비 포함(전국)_8,140,000"
21315089,삼성전자 비스포크 무풍 인피니트 라인 청정 3실 AN23BSU3P26CSY,"기본설치비 포함(수도권)_6,400,000|기본설치비 포함(전국)_6,400,000|공식인증점 판매_6,400,000"
20574155,삼성전자 비스포크 무풍 인피니트 라인 청정 5실 AN40ASU5P44CSY,"기본설치비 포함(수도권)_11,166,000|기본설치비 포함(전국)_11,166,000|공식인증점 판매_11,166,000"
20573990,삼성전자 비스포크 무풍 인피니트 라인 5실 AN40ASX5P44SSY,"공식인증점 판매_9,480,000|기본설치비 포함(수도권)_9,480,000|기본설치비 포함(전국)_9,480,000"
20562605,삼성전자 비스포크 무풍 인피니트 라인 4실 AN30ASX4P36SSY,"공식인증점 판매_7,120,000|기본설치비 포함(수도권)_7,120,000|기본설치비 포함(전국)_7,120,000"
20562254,삼성전자 비스포크 무풍 인피니트 라인 3실 AN23ASX3P26SSY,"공식인증점 판매_5,700,000|기본설치비 포함(수도권)_5,700,000|기본설치비 포함(전국)_5,700,000"
20562335,삼성전자 비스포크 무풍 인피니트 라인 청정 3실 AN23ASU3P26CSY,"기본설치비 포함(수도권)_6,540,000|기본설치비 포함(전국)_6,540,000|공식인증점 판매_6,540,000"
20521187,삼성전자 AC130CS4PHH1SY,"공식인증점 판매_3,598,990|기본설치비 포함(수도권)_3,598,990|기본설치비 포함(전국)_3,598,990"
20520872,삼성전자 AC145CS4DBC1SY,"공식인증점 판매_3,277,270|기본설치비 포함(수도권)_2,092,640|기본설치비 포함(전국)_3,277,270|기본설치비 별도_1,818,360"
20519693,삼성전자 AC130CS4PBH1SY,"공식인증점 판매_3,598,990|기본설치비 포함(수도권)_3,598,990|기본설치비 포함(전국)_3,598,990"
20519630,삼성전자 AC110CS4PHH1SY,"공식인증점 판매_3,428,190|기본설치비 포함(수도권)_3,428,190|기본설치비 포함(전국)_3,428,190"
20519540,삼성전자 AC100CS4PHH1SY,"공식인증점 판매_3,267,790|기본설치비 포함(수도권)_3,267,790|기본설치비 포함(전국)_3,267,790"
20276540,삼성전자 AP230CAPDHH1S,"공식인증점 판매_4,538,270|기본설치비 포함(수도권)_4,538,270|기본설치비 포함(전국)_4,538,270|기본설치비 별도_4,724,160"
20276252,삼성전자 AP290CAPDHH1S,"공식인증점 판매_5,034,730|기본설치비 포함(수도권)_5,034,730|기본설치비 포함(전국)_5,034,730|기본설치비 별도_5,292,320"
20180453,삼성전자 AC090BS4PBH1SY,"공식인증점 판매_1,833,490|기본설치비 포함(수도권)_1,833,490|기본설치비 별도_1,323,640"
20170166,삼성전자 AC072BS4PBH1SY,"공식인증점 판매_1,709,990|기본설치비 포함(수도권)_1,709,990|기본설치비 별도_1,230,040"
20170025,삼성전자 AC060BS4PBH1SY,"공식인증점 판매_1,585,790|기본설치비 포함(수도권)_1,585,790|기본설치비 별도_1,129,540"
20035607,삼성전자 무풍에어컨 AR07C9181HZS,"기본설치비 포함(수도권)_1,780,660|기본설치비 포함(전국)_1,780,660"
20033957,삼성전자 비스포크 무풍클래식 AF17B7939WSWS,"기본설치비 포함(수도권)_2,295,940|기본설치비 포함(전국)_2,295,940"
20033501,삼성전자 비스포크 무풍클래식 AF17B7939WSNS,"기본설치비 포함(수도권)_2,316,940|기본설치비 포함(전국)_2,316,940"
20033348,삼성전자 비스포크 무풍클래식 AF17B7939WSES,"기본설치비 포함(수도권)_2,321,600|기본설치비 포함(전국)_2,321,600"
21689438,삼성전자 비스포크 무풍에어컨 윈도우핏 AW06C7155TWAZ + AW06C7155EWAZ,자가설치_일시품절
17293748,삼성전자 윈도우핏 AW05B5171GWAZ 매립형,"무료설치_490,750|자가설치_484,740||||자가설치 + 연장키트 35cm_1,035,821|자가설치 + 연장키트 70cm_1,022,290|자가설치 + 연장키트 105cm_1,002,570"
16882889,삼성전자 AR06A1171HZS,"기본설치비 포함(수도권)_330,000|기본설치비 포함(전국)_507,150|공식인증점 판매_563,150|기본설치비 별도_311,380"
16712198,삼성전자 Q9000 AF17B6474TZS,"기본설치비 포함(수도권)_969,990|기본설치비 포함(전국)_982,870|공식인증점 판매_1,421,120|기본설치비 별도_1,022,920"
16773050,삼성전자 Q9000 AF17B6474TZRS,"기본설치비 포함(수도권)_1,249,990|기본설치비 포함(전국)_1,389,300|공식인증점 판매_1,764,140|기본설치비 별도_1,000,000"
19953623,삼성전자 비스포크 무풍슬림 AF17C5734GZS,"기본설치비 포함(수도권)_1,121,400|기본설치비 포함(전국)_1,121,400|공식인증점 판매_1,121,400|기본설치비 별도_1,669,000"
19109429,삼성전자 무풍에어컨 AR07C9150HZS,"기본설치비 포함(수도권)_622,910|기본설치비 포함(전국)_622,920|공식인증점 판매_622,920|기본설치비 별도_352,600"
20260748,삼성전자 비스포크 무풍에어컨 윈도우핏 AW06C7155TWAZ,"무료설치_792,590|자가설치_734,050|무료설치 + 연장키트 35cm_722,800|무료설치 + 연장키트 70cm_918,490|무료설치 + 연장키트 105cm_933,360|||"
20261966,삼성전자 비스포크 무풍에어컨 윈도우핏 AW06C7155WWAZ,"무료설치_685,380|자가설치_691,460|무료설치 + 연장키트 35cm_978,770|무료설치 + 연장키트 70cm_1,009,990|무료설치 + 연장키트 105cm_1,019,990|||"
16751171,삼성전자 비스포크 무풍클래식 AF17B7538GZRS,"기본설치비 포함(수도권)_1,550,000|기본설치비 포함(전국)_1,776,000|공식인증점 판매_1,934,080|기본설치비 별도_1,449,990"
19953437,삼성전자 비스포크 무풍슬림 AF17C5734TZS,"기본설치비 포함(수도권)_1,121,390|기본설치비 포함(전국)_1,121,400|공식인증점 판매_1,121,400"
16801355,삼성전자 AR11B9150HZS,"기본설치비 포함(수도권)_851,780|기본설치비 포함(전국)_947,370|공식인증점 판매_947,380|기본설치비 별도_650,000|사업자전용_1,008,780"
19971596,삼성전자 비스포크 무풍슬림 AF17C5734GZRS,"기본설치비 포함(수도권)_1,495,990|기본설치비 포함(전국)_1,495,990|공식인증점 판매_1,513,000|기본설치비 별도_일시품절"
16775555,삼성전자 Q9000 AF19B6474TZRS,"기본설치비 포함(수도권)_1,369,990|기본설치비 포함(전국)_1,747,680|공식인증점 판매_1,766,820|기본설치비 별도_1,300,000"
17293535,삼성전자 윈도우핏 AW05B5171WWAZ 매립형,"무료설치_500,070|자가설치_480,000|자가설치 + 연장키트 35cm_995,800|자가설치 + 연장키트 70cm_1,022,300|자가설치 + 연장키트 105cm_1,102,490"
16711370,삼성전자 Q9000 AF17B6474GZS,"기본설치비 포함(수도권)_1,000,000|기본설치비 포함(전국)_1,248,520|공식인증점 판매_일시품절|기본설치비 별도_1,000,000"
17225465,삼성전자 윈도우핏 AW05B5171BWAT 거치형,"무료설치_490,220|자가설치_455,790"
18884810,삼성전자 비스포크 AP110BSPPBH8SY,"공식인증점 판매_2,150,240|기본설치비 포함(수도권)_1,978,680|기본설치비 포함(전국)_2,150,240|기본설치비 별도_1,348,910"
16638221,삼성전자 비스포크 무풍갤러리 AF19BX738WSRS,"기본설치비 포함(수도권)_2,427,790|기본설치비 포함(전국)_2,427,790|기본설치비 별도_2,427,920"
16780073,삼성전자 AR09B9150HZS,"기본설치비 포함(수도권)_761,560|기본설치비 포함(전국)_908,190|공식인증점 판매_912,300|기본설치비 별도_636,000"
16714484,삼성전자 비스포크 무풍클래식 AF17B7538TZS,"기본설치비 포함(수도권)_1,347,260|기본설치비 포함(전국)_1,347,260|공식인증점 판매_1,526,370|기본설치비 별도_1,136,000"
17225519,삼성전자 윈도우핏 AW05B5171TWAT 거치형,"무료설치_490,220|자가설치_463,500"
16720661,삼성전자 Q9000 AF19B6474TZS,"기본설치비 포함(수도권)_1,333,860|기본설치비 포함(전국)_1,367,960|공식인증점 판매_1,368,020|기본설치비 별도_1,272,970"
16768151,삼성전자 Q9000 AF17B6474GZRS,"기본설치비 포함(수도권)_1,231,840|기본설치비 포함(전국)_1,571,700|공식인증점 판매_1,599,000|기본설치비 별도_1,060,000"
17286887,삼성전자 윈도우핏 AW05B5171TWAZ 매립형,"무료설치_500,070|자가설치_455,800"
18875150,삼성전자 AP130BAPPBH2S,"공식인증점 판매_2,328,240|기본설치비 포함(수도권)_1,806,890|기본설치비 포함(전국)_2,328,240"
18876593,삼성전자 비스포크 무풍갤러리 AF19CX838ASRS,"기본설치비 포함(수도권)_2,849,370|기본설치비 포함(전국)_2,849,990|공식인증점 판매_2,979,520|기본설치비 별도_3,430,000"
16774826,삼성전자 Q9000 AF19B6474GZRS,"기본설치비 포함(수도권)_1,394,380|기본설치비 포함(전국)_1,566,970|공식인증점 판매_1,799,590|기본설치비 별도_1,248,000"
18876854,삼성전자 비스포크 무풍갤러리 AF25CX936WFRS,"기본설치비 포함(수도권)_4,841,490|기본설치비 포함(전국)_4,982,660|공식인증점 판매_5,164,500|기본설치비 별도_7,617,590"
16867283,삼성전자 비스포크 무풍갤러리 슬림핏 AF18BX839ESRS,"기본설치비 포함(수도권)_2,899,890|기본설치비 포함(전국)_2,899,890|공식인증점 판매_2,899,890"
16645004,삼성전자 무풍에어컨 AR07B9350HZS,"기본설치비 포함(수도권)_580,000|기본설치비 포함(전국)_768,070|공식인증점 판매_899,000|기본설치비 별도_398,990"
16719557,삼성전자 무풍에어컨 무풍클래식 AF18B9937RZS,"기본설치비 포함(수도권)_2,049,000|기본설치비 포함(전국)_2,049,000|공식인증점 판매_2,049,000"
16824749,삼성전자 AR15B9150HZS,"기본설치비 포함(수도권)_1,069,920|기본설치비 포함(전국)_1,157,900|공식인증점 판매_1,157,910|기본설치비 별도_790,000|사업자전용_1,250,280"
16773380,삼성전자 Q9000 AF17B6474WZRS,"기본설치비 포함(수도권)_1,244,240|기본설치비 포함(전국)_1,618,000|공식인증점 판매_1,787,590|기본설치비 별도_1,249,980"
19971692,삼성전자 비스포크 무풍슬림 AF17C5734AZRS,"기본설치비 포함(수도권)_1,495,190|기본설치비 포함(전국)_1,495,190|공식인증점 판매_1,495,200"
19964045,삼성전자 비스포크 무풍슬림 AF17C5734TZRS,"기본설치비 포함(수도권)_1,521,890|기본설치비 포함(전국)_1,521,890|공식인증점 판매_1,538,990"
13926605,삼성전자 AJ040RXH4BC1,"기본설치비 별도, 18평+6평+5평+5평_2,280,000|기본설치비 별도, 18평+6평+5평_2,250,000"
13433327,삼성전자 무풍에어컨 AR09A9170HCS,"기본설치비 포함(수도권)_719,990|기본설치비 포함(전국)_1,044,130|기본설치비 별도_398,530"
18875036,삼성전자 AP072BAPPBH2S,"공식인증점 판매_1,510,500|기본설치비 포함(수도권)_1,409,890|기본설치비 포함(전국)_1,585,780|기본설치비 별도_1,199,990"
16752113,삼성전자 비스포크 무풍클래식 AF17B7538WZRS,"기본설치비 포함(수도권)_1,530,000|기본설치비 포함(전국)_1,901,890|공식인증점 판매_2,038,990|기본설치비 별도_1,249,630"
19394642,삼성전자 비스포크 무풍갤러리 AF19CX838WSS,"기본설치비 포함(수도권)_2,309,340|기본설치비 포함(전국)_2,309,340|공식인증점 판매_2,787,150|기본설치비 별도_2,579,000"
20260628,삼성전자 비스포크 무풍에어컨 윈도우핏 AW06C7155EWAZ,"무료설치_794,124|자가설치_758,090|무료설치 +연장키트 35cm_899,890|무료설치 +연장키트 70cm_918,480|무료설치 +연장키트 105cm_933,350|||"
17059550,삼성전자 비스포크 무풍갤러리 체온풍 청정 AF19BX890EFRS,"기본설치비 포함(수도권)_3,146,990|기본설치비 포함(전국)_3,146,990|기본설치비 별도_3,251,000"
16714751,삼성전자 비스포크 무풍클래식 AF17B7538WZS,"기본설치비 포함(수도권)_1,200,000|기본설치비 포함(전국)_1,624,890|공식인증점 판매_1,632,700|기본설치비 별도_1,225,000"
18875336,삼성전자 비스포크 AP083BSPPBH6SY,"공식인증점 판매_1,555,560|기본설치비 포함(수도권)_1,555,560|기본설치비 포함(전국)_1,555,560"
18875066,삼성전자 AP083BAPPBH2S,"공식인증점 판매_1,587,560|기본설치비 포함(수도권)_1,359,920|기본설치비 포함(전국)_1,587,560|기본설치비 별도_1,001,290"
10980438,삼성전자 AR10T5170HZS,"기본설치비 포함(수도권)_652,030|기본설치비 포함(전국)_745,780|기본설치비 별도_485,640"
18875096,삼성전자 AP110BAPPBH2S,"기본설치비 포함(수도권)_2,014,910|기본설치비 포함(전국)_2,303,990|공식인증점 판매_2,204,000|기본설치비 별도_1,377,990"
16713338,삼성전자 비스포크 AF17B7538GZS,"기본설치비 포함(수도권)_1,399,830|기본설치비 포함(전국)_1,488,950|공식인증점 판매_1,488,950|기본설치비 별도_1,249,990"
16756454,삼성전자 비스포크 무풍클래식 AF19B7534GZRS,"기본설치비 포함(수도권)_1,878,500|기본설치비 포함(전국)_1,716,410|공식인증점 판매_1,978,380|기본설치비 별도_1,430,000"
13966850,삼성전자 Q9000 AF17A6474GZRS,"기본설치비 포함(수도권)_1,187,890|기본설치비 별도_1,075,350"
19582130,삼성전자 무풍에어컨 AR09C9180HZS,"공식인증점 판매_1,521,000|기본설치비 포함(수도권)_1,145,360|기본설치비 포함(전국)_1,145,360|기본설치비 별도_1,996,990"
13164218,삼성전자 무풍 AJ072MB1PBC1,"기본설치비 별도_3,200,000"
19426253,삼성전자 비스포크 무풍갤러리 체온풍 청정 AF17CX790AFRS,"기본설치비 포함(수도권)_3,278,890|기본설치비 포함(전국)_3,426,700|공식인증점 판매_3,426,700|기본설치비 별도_3,743,510"
16913597,삼성전자 윈도우핏 AW05A5171TZA,"무료설치_521,000|자가설치_574,190|무료설치 + 연장키트 60cm_일시품절|무료설치 + 연장키트 105cm_일시품절|자가설치 + 연장키트 60cm_1,899,050||"
16776254,삼성전자 Q9000 AF19B6474WZRS,"기본설치비 포함(수도권)_1,416,370|기본설치비 포함(전국)_1,765,640|공식인증점 판매_1,765,640|기본설치비 별도_1,300,000"
20057012,삼성전자 무풍 다배관 4실 AJ30BFS4P33SSY,"공식인증점 판매_5,454,000|기본설치비 포함(수도권)_5,454,000|기본설치비 포함(전국)_5,454,000"
16438949,삼성전자 AR06A1170HZT,"기본설치비 포함(수도권)_454,990|기본설치비 포함(전국)_561,010|기본설치비 별도_298,990"
19569872,삼성전자 무풍에어컨 AR07C9180HZS,"공식인증점 판매_1,415,100|기본설치비 포함(수도권)_1,040,600|기본설치비 포함(전국)_1,041,190|기본설치비 별도_685,000"
13950383,삼성전자 Q9000 AF17A6474TZRS,"기본설치비 포함(수도권)_1,229,150|기본설치비 포함(전국)_1,392,480|공식인증점 판매_1,952,060|기본설치비 별도_996,980"
16753040,삼성전자 비스포크 무풍클래식 AF17B7538BZRS,"기본설치비 포함(수도권)_1,609,500|기본설치비 포함(전국)_1,884,990|공식인증점 판매_1,970,030|기본설치비 별도_1,595,800"
16721756,삼성전자 비스포크 무풍클래식 AF19B7534GZS,"기본설치비 포함(수도권)_1,568,350|기본설치비 포함(전국)_1,568,350|공식인증점 판매_1,568,350|기본설치비 별도_1,160,000"
20121320,삼성전자 비스포크 무풍클래식 AF17B7939GZRS,"기본설치비 포함(수도권)_1,958,990|기본설치비 포함(전국)_1,958,990|공식인증점 판매_1,958,990|기본설치비 별도_2,338,950"
16723526,삼성전자 무풍에어컨 무풍클래식 AF25B9937RZS,"기본설치비 포함(수도권)_2,838,990|기본설치비 포함(전국)_2,977,470|공식인증점 판매_3,829,000|기본설치비 별도_2,757,820"
10928049,삼성전자 무풍에어컨 AR07T9190HZS,"기본설치비 포함(수도권)_980,000|기본설치비 포함(전국)_1,098,000|기본설치비 별도_456,000"
16752599,삼성전자 비스포크 무풍클래식 AF17B7538TZRS,"기본설치비 포함(수도권)_1,678,840|기본설치비 포함(전국)_1,909,000|공식인증점 판매_1,909,000|기본설치비 별도_1,347,240"
16778579,삼성전자 무풍에어컨 무풍클래식 AF18B9937RZRS,"기본설치비 포함(수도권)_2,349,000|기본설치비 포함(전국)_2,349,000|공식인증점 판매_2,349,000"
16712429,삼성전자 Q9000 AF17B6474WZS,"기본설치비 포함(수도권)_1,042,300|기본설치비 포함(전국)_1,167,800|공식인증점 판매_일시품절|기본설치비 별도_1,149,370"
16769150,삼성전자 Q9000 AF17B6474WSRS,"기본설치비 포함(수도권)_1,356,370|기본설치비 포함(전국)_1,799,000|공식인증점 판매_1,798,990|기본설치비 별도_1,714,130"
20261915,삼성전자 비스포크 무풍에어컨 윈도우핏 AW06C7155GWAZ,"무료설치_819,270|자가설치_769,490|무료설치 + 연장키트 35cm_887,290|무료설치 + 연장키트 70cm_911,040|무료설치 + 연장키트 105cm_911,770|||"
19701626,삼성전자 비스포크 무풍슬림 AF17C5734WSRS,"기본설치비 포함(수도권)_1,921,800|기본설치비 포함(전국)_1,977,720|공식인증점 판매_2,099,000|기본설치비 별도_2,298,990"
13946345,삼성전자 Q9000 AF17A6474TZS,"기본설치비 포함(수도권)_1,020,000|기본설치비 포함(전국)_1,670,000|공식인증점 판매_1,670,000"
13966454,삼성전자 Q9000 AF17A6474BZRS,"기본설치비 포함(수도권)_1,160,990|기본설치비 포함(전국)_2,584,000|기본설치비 별도_1,178,080"
16825058,삼성전자 AR13B9150HZS,"기본설치비 포함(수도권)_933,010|기본설치비 포함(전국)_1,087,720|공식인증점 판매_1,087,730|기본설치비 별도_720,000"
16720847,삼성전자 Q9000 AF19B6474WZS,"기본설치비 포함(수도권)_1,124,000|기본설치비 포함(전국)_1,422,960|공식인증점 판매_1,449,030|기본설치비 별도_1,109,800"
19390208,삼성전자 비스포크 무풍갤러리 AF20CX939WSRS,"기본설치비 포함(수도권)_3,541,890|기본설치비 포함(전국)_3,573,790|공식인증점 판매_3,862,340|기본설치비 별도_3,998,670"
19258505,삼성전자 비스포크 무풍갤러리 AF18CX839WSRS,"기본설치비 포함(수도권)_2,994,010|기본설치비 포함(전국)_2,999,000|공식인증점 판매_2,999,000|기본설치비 별도_4,124,000"
19953782,삼성전자 비스포크 무풍슬림 AF17C5734AZS,"기본설치비 포함(수도권)_1,121,390|기본설치비 포함(전국)_1,121,390|공식인증점 판매_1,121,390"
6850741,삼성전자 AP110RAPPBH1S,"기본설치비 포함(수도권)_1,399,990|기본설치비 별도_1,291,420"
17293862,삼성전자 윈도우핏 AW05B5171BWAZ 매립형,"무료설치_555,950|자가설치_455,790"
16627964,삼성전자 비스포크 무풍갤러리 AF17BX738LSRS,"기본설치비 포함(수도권)_2,415,590|기본설치비 포함(전국)_2,415,590|공식인증점 판매_2,583,340|기본설치비 별도_2,020,000"
19765097,삼성전자 비스포크 무풍갤러리 AF18CX839EZRS,"기본설치비 포함(수도권)_2,899,000|기본설치비 포함(전국)_2,899,000|공식인증점 판매_2,899,000|기본설치비 별도_일시품절"
19470623,삼성전자 비스포크 무풍클래식 AF17B7939GZS,"기본설치비 포함(수도권)_1,619,000|기본설치비 포함(전국)_1,619,000|공식인증점 판매_1,619,000|기본설치비 별도_2,396,380"
19360166,삼성전자 비스포크 무풍갤러리 AF17CX738ASRS,"기본설치비 포함(수도권)_2,649,410|기본설치비 포함(전국)_2,650,000|공식인증점 판매_2,832,380|기본설치비 별도_3,367,280"
7509103,삼성전자 AP110RAPDHH1S,"기본설치비 포함(수도권)_1,273,990|기본설치비 별도_1,084,990"
7130866,삼성전자 AC110KA4PBH5SY,"기본설치비 포함(수도권)_2,460,000|기본설치비 별도_1,302,000"
16699889,삼성전자 비스포크 무풍클래식 AF19B7934AZBRS,"기본설치비 포함(수도권)_2,095,860|기본설치비 포함(전국)_2,095,860|공식인증점 판매_2,095,950|기본설치비 별도_2,880,000"
19807829,삼성전자 비스포크 무풍클래식 AF19C7932WSS,"기본설치비 포함(수도권)_2,146,960|기본설치비 포함(전국)_2,276,180|공식인증점 판매_2,341,446|기본설치비 별도_2,387,770"
19701668,삼성전자 비스포크 무풍슬림 AF17C5734WSS,"기본설치비 포함(수도권)_1,646,990|기본설치비 포함(전국)_1,748,930|공식인증점 판매_1,743,510|기본설치비 별도_1,917,940"
19426583,삼성전자 비스포크 무풍갤러리 AF19CX837EFRS,"기본설치비 포함(수도권)_3,088,400|기본설치비 포함(전국)_3,159,180|공식인증점 판매_3,362,080|기본설치비 별도_3,339,510"
7507474,삼성전자 AP072RAPDBH1S,"기본설치비 포함(수도권)_1,091,990|기본설치비 별도_1,012,690"
18875198,삼성전자 AP145BAPPHH2S,"공식인증점 판매_2,483,180|기본설치비 포함(수도권)_2,250,680|기본설치비 포함(전국)_2,595,590|기본설치비 별도_1,626,180"
19389401,삼성전자 비스포크 무풍갤러리 AF17CX738WSRS,"기본설치비 포함(수도권)_2,646,200|기본설치비 포함(전국)_2,821,000|공식인증점 판매_2,832,380|기본설치비 별도_2,699,990"
19827191,삼성전자 비스포크 무풍갤러리 AF17CX738FZT,"기본설치비 포함(수도권)_2,416,180|기본설치비 포함(전국)_2,416,180|공식인증점 판매_2,416,690"
16628048,삼성전자 비스포크 무풍갤러리 AF17BX738WSS,"기본설치비 포함(수도권)_2,273,000|기본설치비 포함(전국)_2,273,000|공식인증점 판매_2,403,830|기본설치비 별도_2,699,990"
19395119,삼성전자 비스포크 무풍갤러리 AF20CX934AFRS,"기본설치비 포함(수도권)_4,219,400|기본설치비 포함(전국)_4,259,760|공식인증점 판매_4,318,460|기본설치비 별도_4,325,040"
16533563,삼성전자 비스포크 무풍갤러리 AF20BX939NSS,"기본설치비 포함(수도권)_3,164,000|기본설치비 포함(전국)_3,230,500|공식인증점 판매_3,271,180"
17283074,삼성전자 윈도우핏 AW05B5171WWAT 거치형,"무료설치_490,220|자가설치_479,990|자가설치 + 연장키트 35cm_1,047,380|자가설치 + 연장키트 70cm_1,047,380|자가설치 + 연장키트 105cm_1,102,490"
19394744,삼성전자 비스포크 무풍갤러리 AF19CX838WSRS,"기본설치비 포함(수도권)_2,829,990|기본설치비 포함(전국)_2,829,990|공식인증점 판매_3,159,250|기본설치비 별도_2,728,920"
7065004,삼성전자 AP060RAPDBH1S,"기본설치비 포함(수도권)_1,068,990|기본설치비 별도_970,890"
13389116,삼성전자 비스포크 무풍클래식 AF17A7974BZS,"기본설치비 포함(수도권)_1,549,290|공식인증점 판매_1,550,000|기본설치비 포함(전국)_1,550,000|기본설치비 별도_1,671,870"
16689587,삼성전자 비스포크 무풍에어컨 청정 AR07B9350GBS,"기본설치비 포함(수도권)_986,310|기본설치비 포함(전국)_1,005,340|공식인증점 판매_990,000|기본설치비 별도_909,000"
19824314,삼성전자 비스포크 무풍클래식 AF17C7932WSS,"기본설치비 포함(수도권)_2,049,440|기본설치비 포함(전국)_2,191,118|공식인증점 판매_2,191,118|기본설치비 별도_2,228,550"
18852293,삼성전자 비스포크 무풍갤러리 AF19CX838ASS,"기본설치비 포함(수도권)_2,527,790|기본설치비 포함(전국)_2,587,200|공식인증점 판매_2,679,130|기본설치비 별도_2,700,000"
16509173,삼성전자 비스포크 무풍갤러리 AF25BX934WAS,"기본설치비 포함(수도권)_4,124,000|기본설치비 포함(전국)_4,124,000|기본설치비 별도_4,828,990"
16757942,삼성전자 비스포크 무풍클래식 AF19B7534TZRS,"기본설치비 포함(수도권)_1,885,900|기본설치비 포함(전국)_2,104,900|공식인증점 판매_2,217,040|기본설치비 별도_1,849,150"
19806071,삼성전자 비스포크 무풍갤러리 AF19CX838FZRS,"기본설치비 포함(수도권)_2,744,990|기본설치비 포함(전국)_2,869,160|공식인증점 판매_2,869,170|기본설치비 별도_3,034,500"
16712645,삼성전자 Q9000 AF17B6474WSS,"기본설치비 포함(수도권)_1,446,090|기본설치비 포함(전국)_1,499,000|공식인증점 판매_1,499,000|기본설치비 별도_1,700,490"
19810265,삼성전자 비스포크 무풍클래식 AF19C7932GSRS,"기본설치비 포함(수도권)_2,679,870|기본설치비 포함(전국)_2,698,900|공식인증점 판매_2,698,912|기본설치비 별도_2,752,760"
16628138,삼성전자 비스포크 무풍갤러리 AF17BX738WSRS,"기본설치비 포함(수도권)_2,634,510|기본설치비 포함(전국)_2,650,000|공식인증점 판매_2,713,040|기본설치비 별도_2,615,820"
16922009,삼성전자 비스포크 무풍클래식 AF17B7939AZARS,"기본설치비 포함(수도권)_1,936,980|기본설치비 포함(전국)_1,936,980|공식인증점 판매_1,936,980|기본설치비 별도_일시품절"
20015930,삼성전자 무풍 다배관 5실 AJ40BFS5P44SSY,"공식인증점 판매_6,950,000|기본설치비 포함(수도권)_6,950,000|기본설치비 포함(전국)_6,950,000"
18876698,삼성전자 비스포크 무풍갤러리 AF19CX838BSRS,"기본설치비 포함(수도권)_2,866,550|기본설치비 포함(전국)_2,979,510|공식인증점 판매_2,979,520|기본설치비 별도_5,238,690"
16719965,삼성전자 Q9000 AF19B6474GZS,"기본설치비 포함(수도권)_1,234,780|기본설치비 포함(전국)_1,455,180|공식인증점 판매_1,455,180|기본설치비 별도_1,325,860"
19390106,삼성전자 비스포크 무풍갤러리 AF20CX939WSS,"기본설치비 포함(수도권)_3,263,270|기본설치비 포함(전국)_3,351,430|공식인증점 판매_3,578,920|기본설치비 별도_3,425,540"
19843085,삼성전자 비스포크 무풍클래식 AF19C7932AZR4S,"기본설치비 포함(수도권)_2,190,230|기본설치비 포함(전국)_2,190,230|공식인증점 판매_2,190,230"
19882022,삼성전자 비스포크 무풍클래식 AF19C7932WZ1S,"기본설치비 포함(수도권)_2,150,400|기본설치비 포함(전국)_2,150,400|공식인증점 판매_2,150,410"
11292564,삼성전자 무풍에어컨 무풍슬림 AF18T5774WZRS,"기본설치비 포함(수도권)_1,320,100|기본설치비 별도_1,163,380"
16724348,삼성전자 무풍에어컨 무풍클래식 AF19B7932RFS,"기본설치비 포함(수도권)_1,949,000|기본설치비 포함(전국)_1,949,000|공식인증점 판매_1,949,000"
21205559,삼성전자 비스포크 무풍 인피니트 라인 4실 AN30BSX4P36SSY,"기본설치비 포함(수도권)_6,940,000|기본설치비 포함(전국)_6,940,000|공식인증점 판매_6,940,000"
19258565,삼성전자 비스포크 무풍갤러리 AF18CX839WSS,"기본설치비 포함(수도권)_2,649,000|기본설치비 포함(전국)_2,649,000|공식인증점 판매_2,649,000|기본설치비 별도_3,626,100"
16677338,삼성전자 비스포크 무풍클래식 AF19A7974GSERS,"기본설치비 포함(수도권)_2,033,630|기본설치비 포함(전국)_2,219,940|공식인증점 판매_2,433,730|기본설치비 별도_2,661,380"
10425894,삼성전자 AR06R1131HZS,"기본설치비 포함(수도권)_478,100|기본설치비 포함(전국)_531,150|공식인증점 판매_531,160|기본설치비 별도_323,000|"
16707839,삼성전자 비스포크 무풍클래식 AF19B7934AZBS,"기본설치비 포함(수도권)_1,798,990|기본설치비 포함(전국)_1,759,020|공식인증점 판매_1,798,990|기본설치비 별도_2,945,470"
19360016,삼성전자 비스포크 무풍갤러리 AF17CX738GSS,"기본설치비 포함(수도권)_2,344,680|기본설치비 포함(전국)_2,497,120|공식인증점 판매_2,541,260|기본설치비 별도_2,617,990"
19402883,삼성전자 비스포크 무풍갤러리 AF17CX735AFRS,"기본설치비 포함(수도권)_3,030,210|기본설치비 포함(전국)_3,247,980|공식인증점 판매_3,282,240|기본설치비 별도_3,305,550"
16533794,삼성전자 비스포크 무풍갤러리 AF20BX936SFS,"기본설치비 포함(수도권)_3,364,000|기본설치비 포함(전국)_3,364,000|공식인증점 판매_3,893,000|기본설치비 별도_3,323,100"
19921877,삼성전자 무풍 다배관 4실 AJ30BFS4P36SSY,"공식인증점 판매_5,464,000|기본설치비 포함(수도권)_5,464,000|기본설치비 포함(전국)_5,464,000"
19394861,삼성전자 비스포크 무풍갤러리 AF20CX934AFS,"기본설치비 포함(수도권)_3,392,320|기본설치비 포함(전국)_3,482,380|공식인증점 판매_3,669,640|기본설치비 별도_3,489,990"
16778489,삼성전자 비스포크 무풍클래식 AF17B7939TSRS,"기본설치비 포함(수도권)_2,287,110|기본설치비 포함(전국)_2,287,120|공식인증점 판매_2,331,840|기본설치비 별도_2,322,030"
19822994,삼성전자 비스포크 무풍클래식 AF17C7932WSRS,"기본설치비 포함(수도권)_2,435,490|기본설치비 포함(전국)_2,549,410|공식인증점 판매_2,549,410|기본설치비 별도_2,705,800"
18852515,삼성전자 비스포크 무풍갤러리 AF19CX838BSS,"기본설치비 포함(수도권)_2,436,160|기본설치비 포함(전국)_2,436,160|공식인증점 판매_2,436,160|기본설치비 별도_4,670,460"
16756772,삼성전자 비스포크 무풍클래식 AF19B7534WZRS,"기본설치비 포함(수도권)_1,884,880|기본설치비 포함(전국)_2,261,000|기본설치비 별도_1,650,000"
19823144,삼성전자 비스포크 무풍클래식 AF17C7932ASRS,"기본설치비 포함(수도권)_2,389,710|기본설치비 포함(전국)_2,549,370|공식인증점 판매_2,549,410|기본설치비 별도_2,708,260"
19806338,삼성전자 비스포크 무풍클래식 AF19C7932ASRS,"기본설치비 포함(수도권)_2,573,770|기본설치비 포함(전국)_2,642,500|공식인증점 판매_2,698,912"
19360133,삼성전자 비스포크 무풍갤러리 AF17CX738ASS,"기본설치비 포함(수도권)_2,321,990|기본설치비 포함(전국)_2,474,390|공식인증점 판매_2,529,160|기본설치비 별도_2,618,000"
16690364,삼성전자 비스포크 무풍에어컨 청정 AR07B9350MAS,"기본설치비 포함(수도권)_1,151,540|기본설치비 포함(전국)_1,151,540|공식인증점 판매_1,158,924|기본설치비 별도_1,656,000"
19824800,삼성전자 비스포크 무풍클래식 AF17C7932ASS,"기본설치비 포함(수도권)_2,027,280|기본설치비 포함(전국)_2,170,770|공식인증점 판매_2,191,118|기본설치비 별도_2,277,920"
16629332,삼성전자 비스포크 무풍갤러리 AF19BX733ESS,"기본설치비 포함(수도권)_2,373,000|기본설치비 포함(전국)_2,373,000|기본설치비 별도_3,839,210"
19810229,삼성전자 비스포크 무풍클래식 AF19C7932TSRS,"기본설치비 포함(수도권)_2,590,590|기본설치비 포함(전국)_2,698,910|공식인증점 판매_2,698,912|기본설치비 별도_2,879,590"
16128143,삼성전자 비스포크 무풍갤러리 AF18AX777EFRS,"기본설치비 포함(수도권)_2,499,000|기본설치비 포함(전국)_2,499,000|공식인증점 판매_2,499,000"
19348682,삼성전자 비스포크 무풍갤러리 AF18CX836AFS,"기본설치비 포함(수도권)_2,880,990|기본설치비 포함(전국)_3,120,000|공식인증점 판매_3,120,000|기본설치비 별도_3,222,000"
16679621,삼성전자 비스포크 무풍클래식 AF19A7974GSES,"기본설치비 포함(수도권)_2,023,380|기본설치비 포함(전국)_2,023,380|공식인증점 판매_2,045,730"
4850095,삼성전자 AR06M1130HZ,"기본설치비 포함(수도권)_550,660|기본설치비 포함(전국)_550,660|기본설치비 별도_398,740"
16628957,삼성전자 비스포크 무풍갤러리 AF19BX732SFS,"기본설치비 포함(수도권)_2,300,368|기본설치비 포함(전국)_2,300,368|공식인증점 판매_2,300,368|기본설치비 별도_2,991,550"
19088339,삼성전자 비스포크 무풍갤러리 체온풍 청정 AF19CX890AFRS,"기본설치비 포함(수도권)_3,747,010|기본설치비 포함(전국)_3,855,600|공식인증점 판매_3,855,600|기본설치비 별도_4,307,560"
16629515,삼성전자 비스포크 무풍갤러리 AF19BX735NFS,"기본설치비 포함(수도권)_3,095,990|기본설치비 포함(전국)_3,095,990|공식인증점 판매_4,094,000|기본설치비 별도_4,039,200"
16780505,삼성전자 무풍에어컨 무풍클래식 AF25B9937RZRS,"기본설치비 포함(수도권)_3,192,800|기본설치비 포함(전국)_3,389,040|공식인증점 판매_4,349,000|기본설치비 별도_2,932,370"
19764956,삼성전자 비스포크 무풍갤러리 AF18CX839EZS,"기본설치비 포함(수도권)_2,549,000|기본설치비 포함(전국)_2,549,000|공식인증점 판매_2,549,000"
19389293,삼성전자 비스포크 무풍갤러리 AF17CX738WSS,"기본설치비 포함(수도권)_2,298,840|기본설치비 포함(전국)_2,497,780|공식인증점 판매_2,529,160|기본설치비 별도_2,417,670"
16764650,삼성전자 비스포크 무풍클래식 AF19B7934ASRS,"기본설치비 포함(수도권)_2,385,590|기본설치비 포함(전국)_2,569,330|공식인증점 판매_2,569,330|기본설치비 별도_2,602,990"
16683755,삼성전자 비스포크 무풍클래식 AF17A7974TZERS,"기본설치비 포함(수도권)_1,599,740|기본설치비 포함(전국)_2,352,000"
19303208,삼성전자 비스포크 무풍갤러리 AF20CX936PFRS,"기본설치비 포함(수도권)_3,797,100|기본설치비 포함(전국)_4,071,070|공식인증점 판매_4,507,040|기본설치비 별도_3,701,620"
16712981,삼성전자 비스포크 무풍클래식 AF17B7538BZS,"기본설치비 포함(수도권)_1,399,630|기본설치비 포함(전국)_1,583,120|공식인증점 판매_1,672,836|기본설치비 별도_1,640,210"
19402598,삼성전자 비스포크 무풍갤러리 AF17CX737BFRS,"기본설치비 포함(수도권)_2,913,180|기본설치비 포함(전국)_3,103,360|공식인증점 판매_3,214,940|기본설치비 별도_3,097,250"
16721852,삼성전자 비스포크 무풍클래식 AF19B7534TZS,"기본설치비 포함(수도권)_1,840,190|기본설치비 포함(전국)_1,882,010|공식인증점 판매_1,882,010|기본설치비 별도_1,260,000"
19387484,삼성전자 비스포크 무풍갤러리 AF23CX936BFS,"기본설치비 포함(수도권)_3,845,520|기본설치비 포함(전국)_3,845,520|공식인증점 판매_3,845,520"
6850072,삼성전자 AP145RAPPHH1S,"기본설치비 포함(수도권)_1,799,990|기본설치비 별도_1,220,000"
13367201,삼성전자 비스포크 무풍클래식 AF17A7974NSS,"기본설치비 포함(수도권)_1,638,000|기본설치비 포함(전국)_1,639,000|공식인증점 판매_1,639,000"
11253939,삼성전자 무풍에어컨 무풍슬림 AF18T5774WZS,"기본설치비 포함(수도권)_1,213,520|기본설치비 별도_1,248,730"
16677914,삼성전자 비스포크 무풍클래식 AF17A7974GZERS,"기본설치비 포함(수도권)_1,571,140|기본설치비 포함(전국)_2,400,000|기본설치비 별도_1,923,400"
19425638,삼성전자 비스포크 무풍갤러리 AF19CX837EFS,"기본설치비 포함(수도권)_2,615,940|기본설치비 포함(전국)_2,696,260|공식인증점 판매_2,850,000"
19390832,삼성전자 비스포크 무풍갤러리 AF17CX936AFRS,"기본설치비 포함(수도권)_3,390,460|기본설치비 포함(전국)_3,447,190|공식인증점 판매_3,588,670|기본설치비 별도_4,397,600"
19810373,삼성전자 비스포크 무풍클래식 AF19C7932WSRS,"기본설치비 포함(수도권)_2,595,650|기본설치비 포함(전국)_2,698,880|공식인증점 판매_2,698,912|기본설치비 별도_2,752,760"
19403072,삼성전자 비스포크 무풍갤러리 AF17CX738ESRS,"기본설치비 포함(수도권)_2,647,060|기본설치비 포함(전국)_2,650,000|공식인증점 판매_2,886,830|기본설치비 별도_2,989,990"
13670300,삼성전자 비스포크 무풍갤러리 AF17AX773EZS,"기본설치비 포함(수도권)_1,903,770|기본설치비 포함(전국)_1,903,770|공식인증점 판매_1,903,770"
19360055,삼성전자 비스포크 무풍갤러리 AF17CX738GSRS,"기본설치비 포함(수도권)_2,649,990|기본설치비 포함(전국)_2,650,000|공식인증점 판매_2,832,380|기본설치비 별도_2,638,260"
19402826,삼성전자 비스포크 무풍갤러리 AF17CX735AFS,"기본설치비 포함(수도권)_2,576,830|기본설치비 포함(전국)_2,679,470|공식인증점 판매_2,844,840|기본설치비 별도_2,880,000"
16718738,삼성전자 비스포크 무풍클래식 AF17B7939TSS,"기본설치비 포함(수도권)_1,868,990|기본설치비 포함(전국)_1,868,990|공식인증점 판매_1,868,990|기본설치비 별도_1,857,450"
19825655,삼성전자 비스포크 무풍갤러리 AF17CX738EZRS,"기본설치비 포함(수도권)_2,650,000|기본설치비 포함(전국)_2,650,000|공식인증점 판매_2,886,080|기본설치비 별도_3,003,890"
19806566,삼성전자 비스포크 무풍클래식 AF19C7932ASS,"기본설치비 포함(수도권)_2,147,080|기본설치비 포함(전국)_2,319,890|공식인증점 판매_2,341,446|기본설치비 별도_2,437,080"
17293691,삼성전자 윈도우핏 AW05B5171GWAT 거치형,"무료설치_490,220|자가설치_499,990|자가설치 + 연장키트 35cm_995,800|자가설치 + 연장키트 70cm_1,022,290|자가설치 + 연장키트 105cm_1,002,570"
18874793,삼성전자 비스포크 무풍갤러리 AF25CX936WFS,"기본설치비 포함(수도권)_4,382,390|기본설치비 포함(전국)_4,779,570|공식인증점 판매_4,779,640|기본설치비 별도_6,982,790"
13432127,삼성전자 비스포크 무풍클래식 AF17A7974BZRS,"기본설치비 포함(수도권)_1,586,490|기본설치비 포함(전국)_1,910,400|공식인증점 판매_2,359,000|기본설치비 별도_1,559,990"
13378001,삼성전자 비스포크 무풍클래식 AF17A7974EZS,"기본설치비 포함(수도권)_1,900,000|기본설치비 포함(전국)_3,174,890"
19258214,삼성전자 비스포크 무풍갤러리 AF18CX839BSRS,"기본설치비 포함(수도권)_2,994,090|기본설치비 포함(전국)_2,999,000|공식인증점 판매_2,999,000|기본설치비 별도_4,124,000"
16626422,삼성전자 비스포크 무풍갤러리 AF17BX737EFS,"기본설치비 포함(수도권)_2,403,830|기본설치비 포함(전국)_2,403,830|공식인증점 판매_2,499,470|기본설치비 별도_2,649,550"
13290812,삼성전자 비스포크 무풍갤러리 AF19AX772BFS,"기본설치비 포함(수도권)_2,337,140|기본설치비 포함(전국)_2,337,140|공식인증점 판매_2,337,140"
13173974,삼성전자 무풍에어컨 AR09T9170HCS,"공식인증점 판매_1,052,050|기본설치비 포함(수도권)_723,570|기본설치비 포함(전국)_850,000|기본설치비 별도_499,530"
19570208,삼성전자 무풍에어컨 AR16C9180HZS,"공식인증점 판매_2,105,600|기본설치비 포함(수도권)_1,590,470|기본설치비 포함(전국)_1,594,710|기본설치비 별도_1,697,690"
19348733,삼성전자 비스포크 무풍갤러리 AF18CX836AFRS,"기본설치비 포함(수도권)_3,332,100|기본설치비 포함(전국)_3,619,550|공식인증점 판매_3,619,560|기본설치비 별도_3,264,030"
16560881,삼성전자 AR07T9191HZS,"기본설치비 별도_1,370,800"
13670426,삼성전자 비스포크 무풍갤러리 AF17AX773EZRS,"기본설치비 포함(수도권)_2,159,120|기본설치비 포함(전국)_2,159,120|공식인증점 판매_2,159,120|기본설치비 별도_2,092,630"
16703879,삼성전자 비스포크 무풍갤러리 슬림핏 AF18BX836NFS,"기본설치비 포함(수도권)_3,450,000|기본설치비 포함(전국)_3,450,000|기본설치비 별도_4,284,820"
19402973,삼성전자 비스포크 무풍갤러리 AF17CX738ESS,"기본설치비 포함(수도권)_2,280,180|기본설치비 포함(전국)_2,280,190|공식인증점 판매_2,280,190|기본설치비 별도_2,610,000"
16915841,삼성전자 윈도우핏 AW05A5171NZA,"무료설치_525,800|자가설치_656,490"
14143523,삼성전자 무풍클래식 AF19A7972RFS,"기본설치비 포함(수도권)_2,945,000"
18846404,삼성전자 비스포크 무풍갤러리 AF19CX837AFS,"기본설치비 포함(수도권)_2,700,130|기본설치비 포함(전국)_2,700,130|공식인증점 판매_2,933,780|기본설치비 별도_4,398,900"
19822934,삼성전자 비스포크 무풍클래식 AF17C7932TSRS,"기본설치비 포함(수도권)_2,549,400|기본설치비 포함(전국)_2,549,410|공식인증점 판매_2,549,410|기본설치비 별도_2,757,680"
19807067,삼성전자 비스포크 무풍클래식 AF19C7932TSS,"기본설치비 포함(수도권)_2,340,460|기본설치비 포함(전국)_2,341,446|공식인증점 판매_2,341,446|기본설치비 별도_2,437,200"
19826825,삼성전자 비스포크 무풍갤러리 AF17CX738FZRS,"기본설치비 포함(수도권)_2,641,190|기본설치비 포함(전국)_2,649,990|공식인증점 판매_2,774,360|기본설치비 별도_2,834,070"
19302449,삼성전자 비스포크 무풍갤러리 AF20CX936PFS,"기본설치비 포함(수도권)_3,347,340|기본설치비 포함(전국)_3,798,000|공식인증점 판매_3,899,000|기본설치비 별도_4,723,800"
16734029,삼성전자 무풍에어컨 무풍갤러리 AF17TX772BFERS,"기본설치비 포함(수도권)_2,380,000|기본설치비 포함(전국)_2,540,560|공식인증점 판매_2,569,000"
19388579,삼성전자 비스포크 무풍갤러리 AF23CX936BFRS,"기본설치비 포함(수도권)_4,643,990|기본설치비 포함(전국)_4,943,790|공식인증점 판매_4,899,930"
7985059,삼성전자 무풍에어컨 무풍클래식 AF17R7573WZRS,"기본설치비 포함(수도권)_1,779,690|기본설치비 별도_1,298,000"
16629836,삼성전자 비스포크 무풍갤러리 AF19BX738WSS,"기본설치비 포함(수도권)_2,372,890|기본설치비 포함(전국)_2,372,890|기본설치비 별도_2,928,990"
16629449,삼성전자 비스포크 무풍갤러리 AF19BX733LSRS,"기본설치비 포함(수도권)_2,573,960|기본설치비 포함(전국)_2,725,520|공식인증점 판매_2,725,520|기본설치비 별도_2,615,370"
19805903,삼성전자 비스포크 무풍갤러리 AF19CX838EZRS,"기본설치비 포함(수도권)_3,299,690|기본설치비 포함(전국)_3,299,690|공식인증점 판매_3,299,700|기본설치비 별도_3,516,350"
20167412,삼성전자 AC145BS4PHH1SY,"공식인증점 판매_2,346,490|기본설치비 포함(수도권)_2,346,490|기본설치비 포함(전국)_2,346,490|기본설치비 별도_2,194,490"
19823513,삼성전자 비스포크 무풍클래식 AF17C7932GSS,"기본설치비 포함(수도권)_2,191,010|기본설치비 포함(전국)_2,191,118|공식인증점 판매_2,191,118|기본설치비 별도_2,580,300"
5186176,삼성전자 스마트에어컨Q9000 AF16M6471LZRS,"기본설치비 포함(수도권)_1,309,860|기본설치비 별도_1,440,770"
19387379,삼성전자 비스포크 무풍갤러리 AF20CX936GFRS,"기본설치비 포함(수도권)_3,907,530|기본설치비 포함(전국)_4,024,190|공식인증점 판매_4,024,190|기본설치비 별도_3,796,260"
13668998,삼성전자 비스포크 무풍갤러리 AF20AX978FZRS,"기본설치비 포함(수도권)_3,099,050|기본설치비 포함(전국)_3,390,070|공식인증점 판매_3,450,160"
17067887,삼성전자 비스포크 무풍갤러리 체온풍 청정 AF19BX890WFRS,"기본설치비 포함(수도권)_3,614,800|기본설치비 포함(전국)_4,047,630|공식인증점 판매_일시품절"
18875369,삼성전자 비스포크 AP083BSPPBH7SY,"공식인증점 판매_1,591,320|기본설치비 포함(수도권)_1,591,310|기본설치비 포함(전국)_1,591,320"
19087994,삼성전자 무풍에어컨 무풍클래식 AF18B9937RZRS + 큐브 에어 AX053CB800SLD,"기본설치비 포함(수도권)_2,748,990|기본설치비 포함(전국)_2,748,990|공식인증점 판매_2,749,000"
10928625,삼성전자 무풍에어컨 AR11T9190HZS,"기본설치비 포함(수도권)_1,220,310|기본설치비 포함(전국)_1,244,900|기본설치비 별도_949,990"
18875021,삼성전자 AP060BAPPBH2S,"공식인증점 판매_1,444,000|기본설치비 포함(수도권)_1,273,890|기본설치비 포함(전국)_1,466,080|기본설치비 별도_1,020,500"
16541000,삼성전자 비스포크 무풍갤러리 AF20BX934WARS,"기본설치비 포함(수도권)_4,185,920|기본설치비 포함(전국)_4,185,920"
16689908,삼성전자 AR07B5150HZS,"기본설치비 포함(수도권)_910,000|기본설치비 포함(전국)_910,000|공식인증점 판매_일시품절|기본설치비 별도_626,990"
19394951,삼성전자 비스포크 무풍갤러리 AF25CX934AAS,"기본설치비 포함(수도권)_4,567,500|기본설치비 포함(전국)_4,959,890|공식인증점 판매_5,118,670"
19570124,삼성전자 무풍에어컨 AR13C9180HZS,"공식인증점 판매_1,751,200|기본설치비 포함(수도권)_1,337,120|기본설치비 포함(전국)_1,352,630|기본설치비 별도_1,154,000"
19867088,삼성전자 비스포크 무풍클래식 AF17C7932AZR4S,"기본설치비 포함(수도권)_2,114,900|기본설치비 포함(전국)_2,114,900|공식인증점 판매_2,114,900"
13304081,삼성전자 비스포크 무풍갤러리 AF19AX773BZRS,"기본설치비 포함(수도권)_2,548,000|기본설치비 포함(전국)_2,700,000"
16677380,삼성전자 비스포크 무풍클래식 AF17A7974GSERS,"기본설치비 포함(수도권)_1,749,000|기본설치비 포함(전국)_1,749,000|공식인증점 판매_1,749,000|기본설치비 별도_3,530,000"
18876356,삼성전자 비스포크 무풍갤러리 AF19CX837AFRS,"기본설치비 포함(수도권)_3,079,250|기본설치비 포함(전국)_3,362,080|공식인증점 판매_3,362,080|기본설치비 별도_3,258,370"
19390565,삼성전자 비스포크 무풍갤러리 AF17CX936AFS,"기본설치비 포함(수도권)_3,029,910|기본설치비 포함(전국)_3,165,830|공식인증점 판매_3,165,830|기본설치비 별도_3,254,000"
16945925,삼성전자 비스포크 무풍클래식 AF17B7939WZBRS,"기본설치비 포함(수도권)_1,959,000|기본설치비 포함(전국)_1,959,000|공식인증점 판매_1,959,000|기본설치비 별도_2,416,680"
21759992,삼성전자 무풍 다배관 4실 AJ30BSS4P28SSY,"기본설치비 포함(수도권)_5,211,000|기본설치비 포함(전국)_5,211,000|공식인증점 판매_5,211,000|기본설치비 별도_가격비교예정"
18859790,삼성전자 AP060CAPPBH1S,"공식인증점 판매_1,809,650|기본설치비 포함(수도권)_1,809,650|기본설치비 포함(전국)_1,809,650"
19807589,삼성전자 비스포크 무풍클래식 AF19C7932GSS,"기본설치비 포함(수도권)_2,330,850|기본설치비 포함(전국)_2,330,850|공식인증점 판매_2,341,446|기본설치비 별도_2,421,800"
16923836,삼성전자 비스포크 무풍클래식 AF17B7939AZAS,"기본설치비 포함(수도권)_1,638,990|기본설치비 포함(전국)_1,639,000|공식인증점 판매_1,639,000"
13395458,삼성전자 AP145RAPDHH1S,"공식인증점 판매_2,346,500|기본설치비 포함(수도권)_1,699,990|기본설치비 별도_1,105,000"
13281905,삼성전자 비스포크 무풍갤러리 AF19AX773VZS,"기본설치비 포함(수도권)_2,373,000|기본설치비 포함(전국)_2,373,000|공식인증점 판매_3,113,000"
16540175,삼성전자 비스포크 무풍갤러리 AF20BX939ESRS,"기본설치비 포함(수도권)_3,553,540|기본설치비 포함(전국)_3,553,550|공식인증점 판매_3,553,550"
19825982,삼성전자 비스포크 무풍갤러리 AF17CX738EZT,"기본설치비 포함(수도권)_2,273,000|기본설치비 포함(전국)_2,273,000|공식인증점 판매_2,428,240"
19570034,삼성전자 무풍에어컨 AR11C9180HZS,"공식인증점 판매_1,701,000|기본설치비 포함(수도권)_1,290,850|기본설치비 포함(전국)_1,330,640|기본설치비 별도_876,300"
19388927,삼성전자 비스포크 무풍갤러리 AF17CX738PSRS,"기본설치비 포함(수도권)_2,769,490|기본설치비 포함(전국)_2,900,590|공식인증점 판매_2,900,630|기본설치비 별도_2,647,400"
10928310,삼성전자 무풍에어컨 AR09T9190HZS,"기본설치비 포함(수도권)_1,067,640|기본설치비 포함(전국)_1,067,640|기본설치비 별도_709,000"
19402466,삼성전자 비스포크 무풍갤러리 AF17CX737BFS,"기본설치비 포함(수도권)_2,565,580|기본설치비 포함(전국)_2,565,870|공식인증점 판매_2,769,860|기본설치비 별도_2,687,600"
13301123,삼성전자 비스포크 무풍갤러리 AF17AX773VZRS,"기본설치비 포함(수도권)_2,400,000|기본설치비 포함(전국)_일시품절"
21488693,삼성전자 무풍 다배관 3실 AJ18BSS3P18SSY,"기본설치비 포함(수도권)_4,144,000|기본설치비 포함(전국)_4,144,000|공식인증점 판매_4,144,000"
16541387,삼성전자 비스포크 무풍갤러리 AF23BX939VSRS,"기본설치비 포함(수도권)_3,300,000|기본설치비 포함(전국)_5,395,300|기본설치비 별도_2,175,000"
16758176,삼성전자 비스포크 무풍클래식 AF19B7534BZRS,"기본설치비 포함(수도권)_1,885,740|기본설치비 포함(전국)_1,999,880|공식인증점 판매_2,104,900|기본설치비 별도_2,150,700"
16914659,삼성전자 윈도우핏 AW05A5171GZA,"무료설치_525,800|자가설치_587,990|자가설치 + 연장키트 60cm_일시품절|자가설치 + 연장키트 90cm_일시품절|자가설치 + 연장키트 105cm_일시품절"
19806053,삼성전자 비스포크 무풍갤러리 AF19CX838FZS,"기본설치비 포함(수도권)_2,530,760|기본설치비 포함(전국)_2,530,760|공식인증점 판매_2,566,064"
19879766,삼성전자 비스포크 무풍클래식 AF19C7932WZR1S,"기본설치비 포함(수도권)_2,549,410|기본설치비 포함(전국)_2,549,410|공식인증점 판매_2,549,410"
21649742,삼성전자 무풍 다배관 4실 AJ30BSS4P36SSY,"기본설치비 포함(수도권)_5,579,000|기본설치비 포함(전국)_5,579,000|공식인증점 판매_5,579,000|기본설치비 별도_가격비교예정"
19961204,삼성전자 비스포크 무풍클래식 AF17C7932WZR1S,"기본설치비 포함(수도권)_2,354,190|기본설치비 포함(전국)_2,354,190|공식인증점 판매_2,354,190"
13923590,삼성전자 Q9000 AF17A6474GZS,"기본설치비 포함(수도권)_1,089,930"
16721648,삼성전자 비스포크 무풍클래식 AF19B7534BZS,"기본설치비 포함(수도권)_1,717,380|기본설치비 포함(전국)_1,812,676|공식인증점 판매_1,812,676|기본설치비 별도_1,904,080"
16777946,삼성전자 비스포크 무풍클래식 AF17B7939GSRS,"기본설치비 포함(수도권)_2,298,990|기본설치비 포함(전국)_2,299,000|공식인증점 판매_2,299,000|기본설치비 별도_2,632,760"
13946732,삼성전자 Q9000 AF17A6474BZS,"기본설치비 포함(수도권)_1,056,680|기본설치비 별도_1,259,000"
17059712,삼성전자 비스포크 무풍갤러리 체온풍 청정 AF19BX890NFRS,"기본설치비 포함(수도권)_3,967,990|기본설치비 포함(전국)_4,047,630|공식인증점 판매_4,359,530"
16775813,삼성전자 Q9000 AF19B6474WSRS,"기본설치비 포함(수도권)_1,899,000|기본설치비 포함(전국)_1,899,000|공식인증점 판매_1,899,000|기본설치비 별도_일시품절"
19823729,삼성전자 비스포크 무풍클래식 AF17C7932TSS,"기본설치비 포함(수도권)_2,191,110|기본설치비 포함(전국)_2,191,118|공식인증점 판매_2,191,118|기본설치비 별도_일시품절"
5242011,삼성전자 AR10M1170HZ,"기본설치비 포함(수도권)_739,490|기본설치비 포함(전국)_739,490|기본설치비 별도_533,000"
7858132,삼성전자 AR06R1130HZ,"기본설치비 포함(수도권)_539,990|기본설치비 포함(전국)_550,850|기본설치비 별도_314,440|"
19864634,삼성전자 비스포크 무풍클래식 AF17C7932AZ2S,"기본설치비 포함(수도권)_2,041,664|기본설치비 포함(전국)_2,041,664|공식인증점 판매_2,041,664"
19822889,삼성전자 비스포크 무풍클래식 AF17C7932GSRS,"기본설치비 포함(수도권)_2,476,450|기본설치비 포함(전국)_2,509,220|공식인증점 판매_2,549,410|기본설치비 별도_2,705,790"
10034304,삼성전자 AP072RNPDBH1,"기본설치비 포함(수도권)_1,436,370"
16780112,삼성전자 무풍에어컨 무풍클래식 AF19B7932RFRS,"기본설치비 포함(수도권)_2,399,000|기본설치비 포함(전국)_2,399,000|공식인증점 판매_2,399,000"
19395497,삼성전자 비스포크 무풍갤러리 AF25CX934AARS,"기본설치비 포함(수도권)_5,490,080|기본설치비 포함(전국)_5,716,260|공식인증점 판매_5,716,260"
16779413,삼성전자 비스포크 무풍갤러리 슬림핏 AF18BX839WSRS,"기본설치비 포함(수도권)_2,897,990|기본설치비 포함(전국)_3,267,720|기본설치비 별도_2,878,490"
13022123,삼성전자 비스포크 AP083RSPPBH8S,"기본설치비 별도_1,081,000"
11254077,삼성전자 무풍에어컨 무풍슬림 AF16T5774WZS,"기본설치비 포함(수도권)_1,165,010|기본설치비 포함(전국)_1,395,550"
16915037,삼성전자 윈도우핏 AW05A5171EZA,"무료설치_525,800|자가설치_578,000|자가설치 + 연장키트 60cm_883,500|자가설치 + 연장키트 90cm_883,500|자가설치 + 연장키트 105cm_883,500"
6964906,삼성전자 AP083RAPDBH1S,"기본설치비 포함(수도권)_1,455,180|기본설치비 별도_1,010,000"
7508395,삼성전자 AP110RAPDBH1S,"기본설치비 포함(수도권)_1,455,990|기본설치비 별도_1,239,000"
13650827,삼성전자 비스포크 무풍갤러리 AF20AX978YZS,"기본설치비 포함(수도권)_2,855,990|기본설치비 포함(전국)_2,855,990|공식인증점 판매_3,146,400"
9351762,삼성전자 AC060RA4PBH1SY,"기본설치비 포함(수도권)_일시품절|기본설치비 별도_1,086,790"
19863320,삼성전자 비스포크 무풍클래식 AF17C7932AZ4S,"기본설치비 포함(수도권)_1,768,050|기본설치비 포함(전국)_1,768,050|공식인증점 판매_1,768,050"
10033521,삼성전자 AP110RNPPBH1,"기본설치비 포함(수도권)_2,014,920"
16838177,삼성전자 무풍에어컨 무풍갤러리 AF19TX772TFERS,"기본설치비 포함(수도권)_2,402,400|기본설치비 포함(전국)_2,658,370|공식인증점 판매_2,658,370"
16683653,삼성전자 비스포크 무풍클래식 AF17A7974TZES,"기본설치비 포함(수도권)_1,482,190"
16629218,삼성전자 비스포크 무풍갤러리 AF19BX732ZFRS,"기본설치비 포함(수도권)_2,539,860|기본설치비 포함(전국)_2,539,860|공식인증점 판매_3,022,340|기본설치비 별도_2,996,770"
13650413,삼성전자 비스포크 무풍갤러리 AF20AX978FZS,"기본설치비 포함(수도권)_2,798,990|기본설치비 포함(전국)_3,022,730|공식인증점 판매_3,146,400"
3826250,삼성전자 AR06K1130HZ,"기본설치비 포함(수도권)_573,970|기본설치비 포함(전국)_573,970|기본설치비 별도_569,900"
8015614,삼성전자 스마트에어컨 AF16M6476LZRS,"기본설치비 포함(수도권)_1,336,180|기본설치비 별도_1,369,990"
6850543,삼성전자 AP130RAPPBH1S,"기본설치비 포함(수도권)_1,728,890|기본설치비 별도_1,336,560"
20713286,삼성전자 비스포크 핏홈 AF-FH31CMX87T,"기본설치비 포함(수도권)_4,149,000|기본설치비 포함(전국)_4,149,000|공식인증점 판매_4,149,000"
18884990,삼성전자 비스포크 AP145BSPPHH6SY,"공식인증점 판매_2,461,360|기본설치비 포함(수도권)_2,461,350|기본설치비 포함(전국)_2,461,360"
19258271,삼성전자 비스포크 무풍갤러리 AF18CX839BSS,"기본설치비 포함(수도권)_2,649,000|기본설치비 포함(전국)_2,649,000|공식인증점 판매_2,649,000"
11268798,삼성전자 무풍에어컨 무풍슬림 AF16T5774WZRS,"기본설치비 포함(수도권)_1,305,560|기본설치비 별도_1,185,020"
18875003,삼성전자 AP052BAPPBH2S,"공식인증점 판매_1,405,130|기본설치비 포함(수도권)_1,405,130|기본설치비 포함(전국)_1,405,130|기본설치비 별도_1,044,050"
16721951,삼성전자 비스포크 무풍클래식 AF19B7534WZS,"기본설치비 포함(수도권)_1,899,360|기본설치비 포함(전국)_1,940,850|기본설치비 별도_1,777,680"
10546482,삼성전자 스마트에어컨 AF16M6476LZK,"기본설치비 포함(수도권)_1,132,400|기본설치비 포함(전국)_1,415,270|기본설치비 별도_1,049,970"
16785578,삼성전자 비스포크 무풍클래식 AF19B7934BSS,"기본설치비 포함(수도권)_2,174,900|기본설치비 포함(전국)_2,208,610|공식인증점 판매_2,208,610"
19911443,삼성전자 무풍 단배관 4실 AJ30AFS4P36SSY,"공식인증점 판매_5,584,000|기본설치비 포함(수도권)_5,584,000|기본설치비 포함(전국)_5,584,000"
13301855,삼성전자 비스포크 무풍갤러리 AF17AX772BFRS,"기본설치비 포함(수도권)_2,542,120|기본설치비 포함(전국)_2,542,120|공식인증점 판매_2,542,120"
20017880,삼성전자 비스포크 무풍클래식 AF17B7939WSWRS,"기본설치비 포함(수도권)_2,024,000|기본설치비 포함(전국)_2,717,780"
16679537,삼성전자 비스포크 무풍클래식 AF17A7974GZES,"기본설치비 포함(수도권)_1,258,990|기본설치비 포함(전국)_2,183,400"
12675392,삼성전자 AJ030RXH4BC1,"기본설치비 별도, 15평+6평+5평_4,100,000|기본설치비 별도, 18평+6평_1,700,000"
19387334,삼성전자 비스포크 무풍갤러리 AF20CX936GFS,"기본설치비 포함(수도권)_3,292,260|기본설치비 포함(전국)_3,611,850|공식인증점 판매_3,611,850|기본설치비 별도_3,320,280"
9299028,삼성전자 AC090RA4PBH1SY,"기본설치비 포함(수도권)_1,689,000|기본설치비 별도_1,092,500"
16629323,삼성전자 비스포크 무풍갤러리 AF19BX733ESRS,"기본설치비 포함(수도권)_2,599,890|기본설치비 포함(전국)_2,750,000|기본설치비 별도_3,500,000"
13399211,삼성전자 무풍에어컨 AR11A9170HCS,"기본설치비 포함(수도권)_1,055,920|기본설치비 포함(전국)_1,055,920|기본설치비 별도_600,000"
19088036,삼성전자 무풍에어컨 무풍클래식 AF18B9937RZS + 큐브 에어 AX053CB800SLD,"기본설치비 포함(수도권)_2,499,000|기본설치비 포함(전국)_2,499,000|공식인증점 판매_2,499,000"
13669388,삼성전자 비스포크 무풍갤러리 AF20AX978YZRS,"기본설치비 포함(수도권)_3,329,170|기본설치비 포함(전국)_3,329,170|공식인증점 판매_3,450,160"
16785908,삼성전자 비스포크 무풍클래식 AF19B7934BSRS,"기본설치비 포함(수도권)_2,423,920|기본설치비 포함(전국)_2,559,946|공식인증점 판매_2,559,946|기본설치비 별도_2,827,000"
16540421,삼성전자 비스포크 무풍갤러리 AF20BX936SFRS,"기본설치비 포함(수도권)_3,934,000|기본설치비 포함(전국)_3,940,000|기본설치비 별도_4,244,000"
7504939,삼성전자 무풍에어컨 무풍슬림 AF18R5773WZRS,"기본설치비 포함(수도권)_1,552,380|기본설치비 별도_1,600,000"
19805969,삼성전자 비스포크 무풍갤러리 AF19CX838EZS,"기본설치비 포함(수도권)_2,915,030|기본설치비 포함(전국)_2,915,030|공식인증점 판매_2,915,040"
16914290,삼성전자 윈도우핏 AW05A5171BZA,"무료설치_525,800|자가설치_587,990|자가설치 + 연장키트 60cm_707,480|자가설치 + 연장키트 90cm_716,680|자가설치 + 연장키트 105cm_734,160"
19388783,삼성전자 비스포크 무풍갤러리 AF17CX738PSS,"기본설치비 포함(수도권)_2,344,680|기본설치비 포함(전국)_2,497,120|공식인증점 판매_2,541,260|기본설치비 별도_2,618,000"
16510172,삼성전자 비스포크 무풍갤러리 AF25BX934WARS,"기본설치비 포함(수도권)_5,000,000|기본설치비 포함(전국)_5,000,000"
10033425,삼성전자 AP072RNPPBH1,"기본설치비 포함(수도권)_1,436,370"
20562689,삼성전자 비스포크 무풍 인피니트 라인 청정 4실 AN30ASU4P36CSY,"기본설치비 포함(수도권)_8,320,000|기본설치비 포함(전국)_8,320,000|공식인증점 판매_8,320,000|기본설치비 별도_가격비교예정"
19879952,삼성전자 비스포크 무풍클래식 AF19C7932WZR2S,"기본설치비 포함(수도권)_2,549,410|기본설치비 포함(전국)_2,549,410|공식인증점 판매_2,549,410"
16721477,삼성전자 Q9000 AF19B6474WSS,"기본설치비 포함(수도권)_1,649,000|기본설치비 포함(전국)_1,649,000|공식인증점 판매_1,649,000|기본설치비 별도_1,748,050"
19843904,삼성전자 비스포크 무풍클래식 AF19C7932AZR2S,"기본설치비 포함(수도권)_2,549,410|기본설치비 포함(전국)_2,549,410|공식인증점 판매_2,549,410"
20713157,삼성전자 비스포크 핏홈 AF-FH31CMX87Y,"기본설치비 포함(수도권)_4,499,000|기본설치비 포함(전국)_4,499,000|공식인증점 판매_4,499,000"
19426316,삼성전자 비스포크 무풍갤러리 체온풍 청정 AF23CX990AFRS,"기본설치비 포함(수도권)_5,036,990|기본설치비 포함(전국)_5,182,150|공식인증점 판매_5,182,150"
16683935,삼성전자 비스포크 무풍클래식 AF19A7974BZES,"기본설치비 포함(수도권)_2,063,000|기본설치비 포함(전국)_2,063,000|공식인증점 판매_3,400,000|기본설치비 별도_2,449,990"
14015456,삼성전자 Q9000 AF19A6474TZS,"기본설치비 포함(수도권)_1,590,000|기본설치비 포함(전국)_1,837,690"
13428101,삼성전자 비스포크 무풍클래식 AF17A7974GSRS,"기본설치비 포함(수도권)_1,681,040"
3186690,삼성전자 스마트에어컨Q9000 AF15FVZB1WK,"기본설치비 포함(전국)_1,490,000"
19167713,삼성전자 AP130BAPDBH2S,"공식인증점 판매_일시품절|기본설치비 포함(수도권)_1,819,990|기본설치비 별도_1,620,000"
19841447,삼성전자 비스포크 무풍클래식 AF19C7932AZ1S,"기본설치비 포함(수도권)_2,191,730|기본설치비 포함(전국)_2,191,730|공식인증점 판매_2,191,740"
16698776,삼성전자 AR09B5150HZS,"기본설치비 포함(수도권)_918,890|기본설치비 포함(전국)_1,035,770|기본설치비 별도_748,990"
18875114,삼성전자 AP110BAPPHH2S,"공식인증점 판매_2,204,000|기본설치비 포함(수도권)_2,014,910|기본설치비 포함(전국)_2,215,210|기본설치비 별도_1,365,210"
19884290,삼성전자 비스포크 무풍클래식 AF17C7932WZ1S,"기본설치비 포함(수도권)_2,038,060|기본설치비 포함(전국)_2,038,060|공식인증점 판매_2,041,780"
9625608,삼성전자 AC145RA4DHH1SY,"기본설치비 포함(수도권)_일시품절|기본설치비 별도_1,909,400"
7600603,삼성전자 무풍에어컨 AR07R5172HCS,"기본설치비 포함(수도권)_822,030|기본설치비 포함(전국)_822,030|기본설치비 별도_871,520"
16703588,삼성전자 비스포크 무풍갤러리 슬림핏 AF18BX839WS,"기본설치비 포함(수도권)_2,573,200|기본설치비 포함(전국)_2,836,800|기본설치비 별도_2,848,990"
16781975,삼성전자 비스포크 무풍클래식 AF19B7934WZBRS,"기본설치비 포함(수도권)_2,246,920|기본설치비 포함(전국)_2,246,920|공식인증점 판매_2,246,920|기본설치비 별도_2,280,840"
19841219,삼성전자 비스포크 무풍클래식 AF19C7932AZ4S,"기본설치비 포함(수도권)_1,847,500|기본설치비 포함(전국)_1,847,500|공식인증점 판매_1,847,500"
14145743,삼성전자 Q9000 AF19A6474BZRS,"기본설치비 포함(수도권)_1,666,890|기본설치비 포함(전국)_1,812,260"
11266854,삼성전자 무풍에어컨 무풍클래식 AF19T7974CZS,"기본설치비 포함(수도권)_1,490,000|기본설치비 포함(전국)_1,490,000|공식인증점 판매_1,490,000"
13294445,삼성전자 비스포크 무풍갤러리 AF17AX773VZS,"기본설치비 포함(수도권)_2,770,000|기본설치비 포함(전국)_4,036,540"
7130056,삼성전자 AC060KA4PBH5SY,"기본설치비 포함(수도권)_1,780,000|기본설치비 별도_1,000,000"
16539974,삼성전자 비스포크 무풍갤러리 AF20BX939ESS,"기본설치비 포함(수도권)_3,224,400|기본설치비 포함(전국)_3,224,400|공식인증점 판매_3,224,400"
9297663,삼성전자 AC145RA4PHH1SY,"기본설치비 포함(수도권)_2,338,000|기본설치비 별도_1,960,000"
1301566,삼성전자 AR-SM92A,"기본설치비 포함_990,000"
18860210,삼성전자 AP145CAPPHH1S,"공식인증점 판매_2,988,890|기본설치비 포함(수도권)_2,988,890|기본설치비 포함(전국)_2,988,890"
16719200,삼성전자 비스포크 무풍클래식 AF17B7939WZBS,"기본설치비 포함(수도권)_1,820,770|기본설치비 포함(전국)_1,820,770|공식인증점 판매_1,820,770|기본설치비 별도_2,107,530"
19864757,삼성전자 비스포크 무풍클래식 AF17C7932AZ5S,"기본설치비 포함(수도권)_2,041,664|기본설치비 포함(전국)_2,041,664|공식인증점 판매_2,041,664"
19841669,삼성전자 비스포크 무풍클래식 AF19C7932AZ2S,"기본설치비 포함(수도권)_2,191,118|기본설치비 포함(전국)_2,191,118|공식인증점 판매_2,191,118"
16792805,삼성전자 비스포크 무풍클래식 AF19B7934WZBS,"기본설치비 포함(수도권)_1,903,640|기본설치비 포함(전국)_1,903,640|공식인증점 판매_1,903,640|기본설치비 별도_1,980,570"
19843577,삼성전자 비스포크 무풍클래식 AF19C7932AZR1S,"기본설치비 포함(수도권)_2,549,410|기본설치비 포함(전국)_2,549,410|공식인증점 판매_2,549,410"
10551135,삼성전자 무풍에어컨 무풍슬림 AF16R5773WSK,"기본설치비 포함(수도권)_1,305,150|기본설치비 포함(전국)_1,305,150|기본설치비 별도_1,299,000"
16629056,삼성전자 비스포크 무풍갤러리 AF19BX732SFRS,"기본설치비 포함(수도권)_2,710,274|기본설치비 포함(전국)_2,710,274|공식인증점 판매_2,710,274|기본설치비 별도_3,128,590"
13546433,삼성전자 무풍에어컨 무풍갤러리 AF19TX978MZ3H,"기본설치비 포함(수도권)_4,424,890|기본설치비 포함(전국)_4,778,290"
5224063,삼성전자 AR06M1170HZ,"기본설치비 포함(수도권)_749,000|기본설치비 별도_619,000"
18884864,삼성전자 비스포크 AP110BSPPHH6SY,"공식인증점 판매_2,215,950|기본설치비 포함(수도권)_2,215,950|기본설치비 포함(전국)_2,215,950|기본설치비 별도_1,990,000"
16629128,삼성전자 비스포크 무풍갤러리 AF19BX732ZFS,"기본설치비 포함(수도권)_2,174,000|기본설치비 포함(전국)_2,174,000|공식인증점 판매_2,565,270|기본설치비 별도_2,711,880"
7347844,삼성전자 AC090KA4PBH5SY,"기본설치비 포함(수도권)_1,874,990|기본설치비 별도_1,120,000"
19880540,삼성전자 비스포크 무풍클래식 AF19C7932WZR4S,"기본설치비 포함(수도권)_2,561,600|기본설치비 포함(전국)_2,561,600|공식인증점 판매_2,561,600"
18859889,삼성전자 AP083CAPPBH1S,"공식인증점 판매_2,022,250|기본설치비 포함(수도권)_1,911,600|기본설치비 포함(전국)_2,022,250"
13184369,삼성전자 무풍에어컨 AR07T9170HAS,"공식인증점 판매_1,123,170|기본설치비 포함(수도권)_899,460|기본설치비 포함(전국)_899,460|기본설치비 별도_332,500"
13289510,삼성전자 비스포크 무풍갤러리 AF19AX773BZS,"기본설치비 포함(수도권)_2,373,000|기본설치비 포함(전국)_2,373,000"
10033248,삼성전자 AP060RNPPBH1,"기본설치비 포함(수도권)_1,435,500"
19881434,삼성전자 비스포크 무풍클래식 AF19C7932WZR6S,"기본설치비 포함(수도권)_2,549,410|기본설치비 포함(전국)_2,549,410|공식인증점 판매_2,549,410"
13546658,삼성전자 무풍에어컨 무풍갤러리 AF17TX773TZ3H,"기본설치비 포함(수도권)_3,766,200|기본설치비 포함(전국)_4,101,000"
17420780,삼성전자 무풍에어컨 AC052BS1DBC1SY,"기본설치비 별도_980,000"
10569660,삼성전자 AR06N1130HZ,"기본설치비 포함(수도권)_551,480|기본설치비 포함(전국)_551,480"
13167560,삼성전자 무풍에어컨 무풍클래식 AF17T7974WZRS,"공식인증점 판매_2,030,840|기본설치비 포함(수도권)_1,749,100|기본설치비 별도_1,019,660"
19962413,삼성전자 비스포크 무풍클래식 AF17C7932WZR2S,"기본설치비 포함(수도권)_2,354,190|기본설치비 포함(전국)_2,354,190|공식인증점 판매_2,354,190"
18875393,삼성전자 비스포크 AP083BSPPBH8SY,"공식인증점 판매_1,655,090|기본설치비 포함(수도권)_1,653,270|기본설치비 포함(전국)_1,655,090"
