Id,Name,2023-08-15 21:17:41
27522527,삼성전자 Crystal UHD UN50CU7000 해외구매,"관부가세포함_1,123,490|관부가세별도_775,140"
27521741,삼성전자 Crystal UHD UN43CU7000 해외구매,"관부가세포함_1,018,260|관부가세별도_551,330"
27474413,삼성전자 QLED KQ85QC65AFXKR 사운드바 패키지,"벽걸이+HW-Q600C 사운드바_4,490,000"
27044729,삼성전자 MNA89MS1BACXKR + 더 프레임 플랫 화이트 베젤,"벽걸이+사운드바, HW-Q900C_115,000,000"
26035853,삼성전자 Crystal UHD 50CU8000 리퍼비시,"스탠드_854,490|벽걸이_881,790|방문수령_852,610"
25640876,삼성전자 Crystal UHD UN75CU7000 리퍼비시,"스탠드_1,418,690|벽걸이_1,464,190|방문수령_1,328,990"
25640564,삼성전자 Crystal UHD UN43CU7000 리퍼비시,"스탠드_654,290|벽걸이_681,590|방문수령_650,910"
25258892,삼성전자 Crystal UHD UN50TU8200 리퍼비시,"스탠드_508,690|벽걸이_535,990|방문수령_487,660"
25124702,삼성전자 QLED KQ55QCE1AFXKR,"스탠드_1,090,000|풀모션 슬림핏 벽걸이_1,190,000|스탠드+사운드바, HW-C450_1,260,000|벽걸이+사운드바, HW-C450_1,360,000"
25120244,삼성전자 QLED KQ65QCE1AFXKR,"스탠드_1,290,000|풀모션 슬림핏 벽걸이_1,390,000|스탠드+사운드바, HW-B550_1,370,000|벽걸이+사운드바, HW-B550_1,470,000"
25113980,삼성전자 QLED KQ75QCE1AFXKR,"스탠드_1,890,000|풀모션 슬림핏 벽걸이_1,990,000|스탠드+사운드바, HW-B550_1,970,000|벽걸이+사운드바, HW-B550_2,070,000"
25046144,삼성전자 QLED KQ85QCE1AFXKR,"스탠드_2,690,000|풀모션 슬림핏 벽걸이_2,890,000|스탠드+사운드바, HW-B550_2,770,000|벽걸이+사운드바, HW-B550_2,970,000"
25122182,삼성전자 QLED QN70Q60C 해외구매,"관부가세포함_1,886,070"
24708479,삼성전자 네오QLED QN75QN84 해외구매,관부가세별도_일시품절
24704306,삼성전자 QLED QN43Q70A 리퍼비시,"방문수령_590,000"
24704249,삼성전자 QLED QN50Q70A 리퍼비시,"방문수령_690,000"
24703541,삼성전자 Crystal UHD UN65CU8000 해외구매,"관부가세포함_1,359,380|관부가세포함+캘리팩_1,407,580"
23786129,삼성전자 75BET-H 리퍼비시,"스탠드_1,143,180|벽걸이_1,204,080|방문수령_1,030,080"
23704913,삼성전자 QLED QN50Q60C 해외구매,"관부가세포함_1,364,340"
23689871,삼성전자 QLED QN43Q60C 해외구매,"관부가세포함_1,259,860"
23662769,삼성전자 QLED QN32Q60C 해외구매,"관부가세포함_1,222,500|관부가세별도_977,050"
26430812,삼성전자 네오QLED KQ98QNC990FXKR + 더 프레임 플랫 화이트 베젤,"스탠드+사운드바, HW-Q900C_45,000,000"
22009931,삼성전자 Crystal UHD UN70CU7000 해외구매,"관부가세포함_1,648,670"
22008983,삼성전자 Crystal UHD UN70CU7000 리퍼비시,"스탠드_1,286,990|벽걸이_1,311,290|방문수령_1,132,550"
21731798,삼성전자 QLED QN75Q80C 해외구매,"관부가세포함_2,930,130|관부가세포함+1년보증_3,118,500|관부가세포함+캘리팩_2,953,470"
21729977,삼성전자 QLED QN50Q80C 해외구매,"관부가세포함_1,779,880|관부가세별도_일시품절"
21729107,삼성전자 QLED QN55Q80C 해외구매,"관부가세포함_1,616,750|관부가세포함+캘리팩_1,696,090|관부가세별도_일시품절"
27523583,삼성전자 Crystal UHD UN75CU7000 해외구매,"관부가세포함_1,619,820|관부가세별도_1,539,790"
27523322,삼성전자 Crystal UHD UN58CU7000 해외구매,"관부가세포함_1,281,710|관부가세별도_1,027,900"
25640792,삼성전자 Crystal UHD UN65CU7000 리퍼비시,"스탠드_1,063,790|벽걸이_1,091,090|방문수령_1,063,710"
21706166,삼성전자 Crystal UHD UN65CU7000 해외구매,"관부가세포함_1,209,770|관부가세포함+캘리팩_1,238,620"
21704903,삼성전자 Crystal UHD UN55CU7000 해외구매,"관부가세포함_1,194,150|관부가세별도_889,530"
21703049,삼성전자 Crystal UHD UN85CU7000 해외구매,"관부가세포함_2,524,500|관부가세포함+캘리팩_2,685,230|관부가세별도_2,450,470"
21702854,삼성전자 Crystal UHD UN85CU7000 리퍼비시,"스탠드_1,983,800|벽걸이_1,982,720|방문수령_1,765,230"
21702605,삼성전자 Crystal UHD UN55CU7000 리퍼비시,스탠드_일시품절|벽걸이_일시품절|방문수령_일시품절
21699452,삼성전자 QLED QN98Q80C 해외구매,"관부가세포함_10,771,580|관부가세포함+캘리팩_10,932,290"
21697070,삼성전자 네오QLED QN65QN900C 해외구매,"관부가세포함_5,490,450|관부가세포함+캘리팩_5,717,700"
21696575,삼성전자 네오QLED QN75QN900C 해외구매,"관부가세포함_7,075,910|관부가세포함+캘리팩_7,347,390"
21694493,삼성전자 MNA89MS1BACXKR,벽걸이_가격비교예정
21649796,삼성전자 네오QLED QE85QN93C 해외구매,"관부가세별도_13,567,970"
21649043,삼성전자 네오QLED QN85QN85C 해외구매,"관부가세포함_3,848,840|관부가세포함+캘리팩_4,084,110"
21636146,삼성전자 네오QLED QN75QN90C 해외구매,"관부가세포함_3,713,760|관부가세포함+캘리팩_3,908,150"
21635975,삼성전자 네오QLED QN50QN90C 해외구매,"관부가세포함_2,102,150"
21635738,삼성전자 네오QLED QN65QN90C 해외구매,"관부가세포함_3,014,260|관부가세포함+캘리팩_3,062,380"
21634976,삼성전자 네오QLED QN43QN90C 해외구매,"관부가세포함_1,926,040"
21633812,삼성전자 네오QLED QN55QN90C 해외구매,"관부가세포함_2,266,800|관부가세포함+캘리팩_2,300,880"
21632786,삼성전자 네오QLED QN65QN85C 해외구매,"관부가세포함_2,663,510|관부가세포함+캘리팩_2,724,450"
21629774,삼성전자 네오QLED KQ98QNC990FXKR,"스탠드_49,899,990|벽걸이_가격비교예정"
21635411,삼성전자 네오QLED QN75QN85C 해외구매,"관부가세별도_3,807,900"
21570470,삼성전자 네오QLED QN75QN85CAFXZA 해외구매,"관부가세포함_3,023,936|관부가세포함+캘리팩_3,193,220"
21546341,삼성전자 QLED QN65Q80C 해외구매,"관부가세포함_2,134,360|관부가세포함+캘리팩_2,262,830"
21544979,삼성전자 Crystal UHD UN55CU8000 해외구매,"관부가세포함_1,141,690|관부가세포함+캘리팩_1,225,180"
21541958,삼성전자 LH43PMHPBGC,본체_일시품절
21500786,삼성전자 네오QLED QN55QN85C 해외구매,"관부가세포함_1,827,990|관부가세포함+캘리팩_1,907,330"
20770583,삼성전자 QLED 70Q6DA 리퍼비시,"스탠드_1,269,980|벽걸이_일시품절|방문수령_일시품절"
20773970,삼성전자 네오QLED QN85QN800C 해외구매,"관부가세포함_7,278,690|관부가세포함+캘리팩_7,548,230"
20773760,삼성전자 네오QLED QN65QN800C 해외구매,"관부가세포함_3,969,820|관부가세포함+캘리팩_4,103,090"
20773463,삼성전자 네오QLED QN75QN800C 해외구매,"관부가세포함_5,453,130|관부가세포함+캘리팩_5,768,210"
20691020,삼성전자 LH75BECHLGFXKR,"스탠드_1,107,780|벽걸이_1,171,050"
20690909,삼성전자 LH65BECHLGFXKR,"스탠드_815,850|벽걸이_876,900"
20690837,삼성전자 LH55BECHLGFXKR,"스탠드_600,430|벽걸이_666,670"
20690789,삼성전자 LH50BECHLGFXKR,"스탠드_494,340|벽걸이_573,870"
20534339,삼성전자 비즈니스TV LH65BECHLBFXKR,"스탠드_1,147,990|벽걸이_1,244,560"
20534366,삼성전자 비즈니스TV LH75BECHLBFXKR,"스탠드_1,573,090|벽걸이_1,634,290"
20534288,삼성전자 비즈니스TV LH50BECHLBFXKR,"스탠드_668,390|벽걸이_752,390"
20534408,삼성전자 비즈니스TV LH85BECHLBFXKR,"스탠드_2,477,550|벽걸이_2,698,580"
20534312,삼성전자 비즈니스TV LH55BECHLBFXKR,"스탠드_841,370|벽걸이_920,470"
20534219,삼성전자 비즈니스TV LH43BECHLBFXKR,"스탠드_554,270|벽걸이_643,370"
20615522,삼성전자 LH43BECHLGFXKR,"스탠드_419,580|벽걸이_480,630"
20523338,삼성전자 LH85BECHLGFXKR,"스탠드_1,685,250|벽걸이_1,861,800"
20521397,삼성전자 LH46HDBPLGA 리퍼비시,"스탠드_308,490"
20463065,삼성전자 QLED 43Q90 리퍼비시,"AS 6개월,스탠드_830,000|AS 6개월,벽걸이_880,000|AS 6개월,방문수령_790,000"
20460761,삼성전자 Crystal UHD 85TU690T 리퍼비시,"AS 1년,스탠드_1,679,100|AS 1년,벽걸이_1,722,600|AS 1년,방문수령_1,505,100"
20449031,삼성전자 QLED 75Q800 리퍼비시,"스탠드_2,989,990|벽걸이_3,050,000|방문수령_2,685,790"
20400110,삼성전자 QLED QN85Q80C 해외구매,"관부가세포함_3,156,050|관부가세별도_6,050,870|관부가세포함+캘리팩_3,527,330"
20368151,삼성전자 LH85QBRBDGCXKR,"본체_2,844,890|벽걸이_3,211,700"
20364752,삼성전자 QLED 65Q6D 리퍼비시,"AS 6개월,스탠드_958,990|AS 6개월,벽걸이_1,145,280|AS 6개월,방문수령_888,600"
20345441,삼성전자 QLED QN65Q70RAF 리퍼비시,"스탠드_1,449,000|벽걸이_1,449,000"
20344970,삼성전자 QLED QN65Q8FNAF 리퍼비시,"스탠드_1,980,000|벽걸이_1,980,000"
20335244,삼성전자 Crystal UHD UN75CU8000 해외구매,"관부가세포함_1,951,440|관부가세포함+캘리팩_1,932,590"
20332226,삼성전자 Crystal UHD UN85CU8000 해외구매,"관부가세포함_2,977,860|관부가세포함+캘리팩_2,980,960"
20322536,삼성전자 Crystal UHD 50TU700D 리퍼비시,"스탠드_508,990|벽걸이_559,550|방문수령_471,060"
20321927,삼성전자 Crystal UHD UA43AU7000 리퍼비시,"방문수령_460,000"
20321765,삼성전자 Crystal UHD UA50AU7000 리퍼비시,"방문수령_580,000"
20321657,삼성전자 Crystal UHD UA55AU7000 리퍼비시,"방문수령_650,000"
20321537,삼성전자 Crystal UHD UA70AU7000 리퍼비시,"방문수령_1,000,000"
20321486,삼성전자 Crystal UHD UA65AU7000 리퍼비시,"방문수령_860,000"
20321348,삼성전자 Crystal UHD UA75AU7000 리퍼비시,"방문수령_1,100,000"
20315780,삼성전자 QLED QN50Q6DAA 리퍼비시,"방문수령_753,300"
20315279,삼성전자 QLED QN55Q60TBFXZA 리퍼비시,"스탠드_720,280|벽걸이_739,480|방문수령_658,240"
19095704,삼성전자 네오QLED KQ75QNC85AFXKR,"스탠드_2,540,330|풀모션 슬림핏 벽걸이_2,631,720|슬림핏 벽걸이_2,997,920|스탠드+사운드바, HW-Q600C_2,766,490|벽걸이+사운드바, HW-Q600C_2,763,990"
19203596,삼성전자 QLED KQ85QC70AFXKR,"스탠드_2,596,630|풀모션 슬림핏 벽걸이_2,774,520|슬림핏 벽걸이_3,166,800|고정 벽걸이_4,048,958"
19099343,삼성전자 QLED KQ65QC60AFXKR,"스탠드_1,243,130|풀모션 슬림핏 벽걸이_1,226,010|미니슬림 벽걸이_1,886,290|슬림핏 벽걸이_1,844,930"
17519525,삼성전자 QLED KQ65QB67AFXKR,"스탠드_1,141,110|벽걸이_1,173,990|미니슬림 벽걸이_1,709,990|슬림핏 벽걸이_1,709,990|풀모션 슬림핏 벽걸이_1,745,190||"
13747553,삼성전자 Crystal UHD KU55UA7000FXKR,"스탠드_649,000|벽걸이_766,970|미니슬림 벽걸이_879,300|풀모션 슬림핏 벽걸이_764,180|스탠드+사운드바, HW-T400_일시품절|||"
16556960,삼성전자 네오QLED KQ43QNB90AFXKR,"스탠드_886,890|벽걸이_985,760|미니슬림 벽걸이_1,100,000|슬림핏 벽걸이_1,125,000"
14076893,삼성전자 Crystal UHD KU50UA7050FXKR,"스탠드_554,600|벽걸이_614,400|미니슬림 벽걸이_1,178,700"
6407264,삼성전자 UN43N5020AFXKR,"스탠드_356,000|벽걸이_347,070|미니슬림 벽걸이_407,340|슬림핏 벽걸이_567,000|"
19099976,삼성전자 네오QLED KQ85QNC90AFXKR,"스탠드_5,330,000|풀모션 슬림핏 벽걸이_6,611,130|슬림핏 벽걸이_7,286,960"
16643528,삼성전자 QLED KQ85QB70AFXKR,"스탠드_2,628,550|벽걸이_2,804,560|슬림핏 벽걸이_3,600,000|풀모션 슬림핏 벽걸이_3,084,900"
16513277,삼성전자 네오QLED KQ75QNB700FXKR,"스탠드_2,820,710|벽걸이_3,001,500|슬림핏 벽걸이_3,799,990|스탠드+사운드바, HW-Q600_일시품절"
19278140,삼성전자 QLED KQ98QC80AFXKR,"스탠드_6,369,870|풀모션 슬림핏 벽걸이_6,789,950|슬림핏 벽걸이_8,428,240"
16747589,삼성전자 네오QLED KQ75QNB83AFXKR,"스탠드_2,321,300|벽걸이_2,543,850|슬림핏 벽걸이_일시품절|스탠드+사운드바, HW-Q600C_2,487,010|벽걸이+사운드바, HW-Q600C_2,591,520"
16557365,삼성전자 네오QLED KQ50QNB90AFXKR,"스탠드_1,035,570|벽걸이_1,179,800|미니슬림 벽걸이_1,507,970|슬림핏 벽걸이_1,175,000|풀모션 슬림핏 벽걸이_1,795,140"
13747409,삼성전자 Crystal UHD KU65UA7000FXKR,"스탠드_864,880|벽걸이_980,040|미니슬림 벽걸이_일시품절|슬림핏 벽걸이_일시품절|풀모션 슬림핏 벽걸이_1,100,000||||"
17555681,삼성전자 호텔TV HG43AU800NFXKR,"스탠드_445,000|벽걸이_496,300"
16630478,삼성전자 더 세리프 KQ65LSB01AFXKR,"스탠드_1,830,930|벽걸이_일시품절"
6552389,삼성전자 UN32N4010AFXKR,"스탠드_219,340|벽걸이_366,190"
17528690,삼성전자 QLED KQ85QB67AFXKR,"스탠드_2,181,440|벽걸이_2,947,480|슬림핏 벽걸이_3,930,463|풀모션 슬림핏 벽걸이_3,810,710|스탠드+사운드바, JBLBAR20AIOBLKAS_3,190,000"
16513616,삼성전자 네오QLED KQ65QNB85AFXKR,"스탠드_1,845,970|벽걸이_1,983,600"
16747613,삼성전자 네오QLED KQ65QNB83AFXKR,"스탠드_1,771,720|벽걸이_1,862,770|미니슬림 벽걸이_3,167,990|스탠드+사운드바, HW-Q600B_4,000,000|벽걸이+사운드바, HW-Q600B_4,000,000"
6409692,삼성전자 UN43N5010AFXKR,"스탠드_315,870|벽걸이_338,180|미니슬림 벽걸이_350,000|본체_298,469"
13479812,삼성전자 QLED KQ50QA65AFXKR,"스탠드_854,990|벽걸이_949,990|미니슬림 벽걸이_981,990|슬림핏 벽걸이_981,990"
19104977,삼성전자 Crystal UHD KU85UC7000FXKR,"스탠드_1,922,490|풀모션 슬림핏 벽걸이_2,120,850|슬림핏 벽걸이_2,309,000"
19203623,삼성전자 QLED KQ75QC70AFXKR,"스탠드_2,156,800|풀모션 슬림핏 벽걸이_2,323,840|슬림핏 벽걸이_2,742,380|스탠드+사운드바, HW-C400_3,096,300|벽걸이+사운드바, HW-C400_3,177,510||"
13822778,삼성전자 Crystal UHD KU65UA8070FXKR,"스탠드_940,690|벽걸이_1,052,470|미니슬림 벽걸이_1,138,250|슬림핏 벽걸이_1,119,200"
19578470,삼성전자 올레드 KQ55SC90AFXKR,"스탠드_1,555,416|풀모션 슬림핏 벽걸이_1,690,320|미니슬림 벽걸이_1,865,500|슬림핏 벽걸이_1,956,500"
13802825,삼성전자 Crystal UHD KU70UA8070FXKR,"스탠드_1,031,180|벽걸이_1,073,400|슬림핏 벽걸이_1,095,000"
16513451,삼성전자 네오QLED KQ85QNB85AFXKR,"스탠드_3,936,540|벽걸이_4,035,050|스탠드+사운드바, HW-Q600B_4,573,370|벽걸이+사운드바, HW-Q600B_4,999,940"
19099283,삼성전자 QLED KQ85QC60AFXKR,"스탠드_2,477,780|풀모션 슬림핏 벽걸이_2,477,780|슬림핏 벽걸이_4,701,070|스탠드+사운드바, HW-Q600C_2,870,390|벽걸이+사운드바, HW-Q600C_2,870,390||||"
17529125,삼성전자 QLED KQ75QB67AFXKR,"스탠드_1,851,510|벽걸이_1,901,880|슬림핏 벽걸이_3,108,440|풀모션 슬림핏 벽걸이_2,594,510|스탠드+사운드바, JBLBAR20AIOBLKAS_2,490,000"
13801802,삼성전자 Crystal UHD KU50UA8070FXKR,"스탠드_588,800|벽걸이_694,230|미니슬림 벽걸이_747,000|슬림핏 벽걸이_768,500"
13644965,삼성전자 호텔TV HG50NT670UFXKR,"스탠드_518,510|벽걸이_603,990"
18095759,삼성전자 QLED KQ85QB83AFXKR,"스탠드_3,080,800|벽걸이_3,699,450"
16540064,삼성전자 네오QLED KQ75QNB85AFXKR,"스탠드_2,546,460|벽걸이_2,694,030"
13747061,삼성전자 Crystal UHD KU85UA7000FXKR,"스탠드_1,938,700|벽걸이_2,049,990|슬림핏 벽걸이_3,647,700|풀모션 슬림핏 벽걸이_2,178,500|스탠드+사운드바, HW-B450_2,221,430|||||"
14506988,삼성전자 LH43BEAHLGFXKR,"본체_429,000|스탠드_427,920|벽걸이_483,990"
19262456,삼성전자 Crystal UHD KU75UC8000FXKR,"스탠드_1,654,020|풀모션 슬림핏 벽걸이_1,719,710|슬림핏 벽걸이_2,006,770|스탠드+사운드바, HW-T400_2,210,640|벽걸이+사운드바, HW-T400_1,970,220||||"
14528546,삼성전자 LH55BEAHLGFXKR,"스탠드_619,390|벽걸이_683,990"
13802123,삼성전자 Crystal UHD KU43UA8070FXKR,"스탠드_550,000|벽걸이_619,250|미니슬림 벽걸이_1,107,600|슬림핏 벽걸이_705,600"
19262483,삼성전자 Crystal UHD KU65UC8000FXKR,"스탠드_1,085,980|풀모션 슬림핏 벽걸이_1,159,710|미니슬림 벽걸이_1,549,990|슬림핏 벽걸이_1,512,430|스탠드+사운드바, HW-T400_일시품절|||"
19205162,삼성전자 QLED KQ75QC60AFXKR,"스탠드_1,936,230|풀모션 슬림핏 벽걸이_1,936,230|슬림핏 벽걸이_2,640,170|스탠드+사운드바, HW-Q600C_2,198,390|벽걸이+사운드바, HW-Q600C_2,198,390||"
19362863,삼성전자 네오QLED QN85QN85B 리퍼비시,"스탠드_2,874,910|벽걸이_3,949,990|방문수령_3,073,590"
13479473,삼성전자 QLED KQ75QA65AFXKR,"스탠드_1,798,870|벽걸이_1,846,710|슬림핏 벽걸이_1,899,000|스탠드+사운드바, HW-S801B_일시품절"
14460329,삼성전자 LH65BEAHLGFXKR,"스탠드_848,480|벽걸이_904,000"
18128813,삼성전자 QLED KQ65QB83AFXKR,"스탠드_1,644,920|벽걸이_1,754,210|스탠드+사운드바, HW-Q600B_2,199,990|벽걸이+사운드바, HW-Q600B_2,523,000"
14528447,삼성전자 LH75BEAHLGFXKR,"스탠드_1,148,990|벽걸이_1,249,000"
6565371,삼성전자 UN32N4000AFXKR,"스탠드_236,430|벽걸이_310,800"
16577528,삼성전자 네오QLED KQ65QNB90AFXKR,"스탠드_2,346,040|벽걸이_2,882,060|미니슬림 벽걸이_3,399,000|슬림핏 벽걸이_3,499,000|풀모션 슬림핏 벽걸이_일시품절"
14079020,삼성전자 Crystal UHD KU43UA7070FXKR,"스탠드_463,900|벽걸이_623,430|미니슬림 벽걸이_671,130|슬림핏 벽걸이_719,290"
16787765,삼성전자 네오QLED QN85QN800B 해외구매,"관부가세포함_5,135,760|관부가세포함+캘리팩_4,899,000"
19105334,삼성전자 Crystal UHD KU55UC7000FXKR,"스탠드_728,030|풀모션 슬림핏 벽걸이_819,480|미니슬림 벽걸이_1,043,490|슬림핏 벽걸이_1,003,620|스탠드+사운드바, HW-T400_일시품절|||||"
17529281,삼성전자 QLED KQ55QB67AFXKR,"스탠드_938,810|벽걸이_1,022,400|미니슬림 벽걸이_1,246,160|슬림핏 벽걸이_1,161,538|풀모션 슬림핏 벽걸이_1,025,780"
16544633,삼성전자 QLED KQ85QB60AFXKR,"스탠드_2,103,350|벽걸이_2,277,450|스탠드+사운드바, HW-S50B_2,965,440|벽걸이+사운드바, HW-S50B_2,965,440|벽걸이+사운드바, HW-Q600B_3,195,220"
19103474,삼성전자 네오QLED KQ50QNC90AFXKR,"스탠드_1,625,160|풀모션 슬림핏 벽걸이_1,643,830|미니슬림 벽걸이_2,057,130|슬림핏 벽걸이_2,062,430"
14545796,삼성전자 LH50BEAHLGFXKR,"본체_720,000|스탠드_528,920|벽걸이_579,840"
13747469,삼성전자 Crystal UHD KU58UA7000FXKR,"스탠드_693,950|벽걸이_774,364|풀모션 슬림핏 벽걸이_990,000|스탠드+사운드바, HW-B450_1,234,040|벽걸이+사운드바, HW-B450_1,234,040"
13473158,삼성전자 QLED KQ43QA65AFXKR,"스탠드_598,990|벽걸이_692,000|슬림핏 벽걸이_738,500"
16630205,삼성전자 더 세리프 KQ55LSB01AFXKR,"스탠드_1,413,590"
19258844,삼성전자 Crystal UHD KU65UC7000FXKR,"스탠드_995,660|풀모션 슬림핏 벽걸이_995,670|미니슬림 벽걸이_1,314,950|슬림핏 벽걸이_1,314,950|스탠드+사운드바, HW-T400_일시품절|||||"
19105388,삼성전자 Crystal UHD KU43UC7000FXKR,"스탠드_536,650|풀모션 슬림핏 벽걸이_618,160|미니슬림 벽걸이_764,400|슬림핏 벽걸이_649,000|스탠드+사운드바, HW-T400_일시품절|||"
13004282,삼성전자 Crystal UHD UN55TU7000 리퍼비시,"스탠드_531,040|벽걸이_573,000|방문수령_473,000"
19204376,삼성전자 QLED KQ65QC65AFXKR,"스탠드_1,368,990|풀모션 슬림핏 벽걸이_1,460,730|미니슬림 벽걸이_1,527,890|슬림핏 벽걸이_1,573,390"
20425034,삼성전자 Crystal UHD UN65TU7000 리퍼비시,"AS 1년,스탠드_685,510|AS 1년,벽걸이_758,990|AS 1년,방문수령_612,980|AS 6개월,스탠드_695,990|AS 6개월,벽걸이_739,500|"
19099382,삼성전자 QLED KQ55QC60AFXKR,"스탠드_974,940|풀모션 슬림핏 벽걸이_974,940|미니슬림 벽걸이_1,483,930|슬림핏 벽걸이_1,410,500|스탠드+사운드바, HW-Q600C_1,529,990||||"
19918790,삼성전자 QLED KQ75QC67AFXKR,"스탠드_2,104,790|풀모션 슬림핏 벽걸이_2,104,480|슬림핏 벽걸이_3,166,310"
16590818,삼성전자 QLED KQ85QB80AFXKR,"스탠드_3,263,190|벽걸이_3,399,390|스탠드+사운드바, HW-Q600B_3,821,580"
16643828,삼성전자 QLED KQ75QB70AFXKR,"스탠드_2,056,550|벽걸이_2,217,670|슬림핏 벽걸이_3,000,000|스탠드+사운드바, HW-Q600B_2,290,470|벽걸이+사운드바, HW-Q600B_2,381,470"
13801271,삼성전자 Crystal UHD KU85UA8070FXKR,"스탠드_2,006,020|벽걸이_2,127,640|슬림핏 벽걸이_2,165,000"
11037330,삼성전자 KU43T5300AFXKR,"스탠드_418,790|벽걸이_475,680|미니슬림 벽걸이_511,190|슬림핏 벽걸이_910,000|풀모션 슬림핏 벽걸이_499,000"
19919288,삼성전자 QLED KQ85QC67AFXKR,"스탠드_2,621,740|풀모션 슬림핏 벽걸이_2,754,900"
16200662,삼성전자 LH32QMRNBGCXKR,"본체_412,000|스탠드_458,000|벽걸이_467,890|키오스크형_1,250,000"
19101701,삼성전자 네오QLED KQ43QNC90AFXKR,"스탠드_1,348,700|풀모션 슬림핏 벽걸이_1,444,200|미니슬림 벽걸이_1,483,300|슬림핏 벽걸이_1,492,400"
19258751,삼성전자 Crystal UHD KU75UC7000FXKR,"스탠드_1,378,610|풀모션 슬림핏 벽걸이_1,486,010|슬림핏 벽걸이_1,699,990|스탠드+사운드바, HW-T400_일시품절|벽걸이+사운드바, HW-T400_일시품절||||"
17686067,삼성전자 QLED KQ55QB75AFXKR,"스탠드_1,108,990|벽걸이_1,202,000|미니슬림 벽걸이_1,272,990|슬림핏 벽걸이_1,248,500"
16646069,삼성전자 Crystal UHD KU50UB8000FXKR,"스탠드_621,510|벽걸이_814,280|미니슬림 벽걸이_928,200|슬림핏 벽걸이_1,049,990|풀모션 슬림핏 벽걸이_914,490"
18963497,삼성전자 올레드 KQ77SC95AFXKR,"스탠드_4,750,000|풀모션 슬림핏 벽걸이_4,900,000|슬림핏 벽걸이_5,445,500|스탠드+사운드바, HW-Q930C_4,750,000|스탠드+사운드바, HW-Q800C_6,156,580|"
20249051,삼성전자 네오QLED QN85QN90C 해외구매,"관부가세포함_4,194,482|관부가세별도_8,130,200|관부가세포함+캘리팩_4,581,150"
13782767,삼성전자 Crystal UHD KU75UA7000FXKR,"스탠드_1,268,850|벽걸이_1,305,150|슬림핏 벽걸이_1,439,990|풀모션 슬림핏 벽걸이_1,410,000|스탠드+사운드바, HW-B450_1,426,250||"
19104740,삼성전자 네오QLED KQ55QNC83AFXKR,"스탠드_1,573,900|풀모션 슬림핏 벽걸이_1,612,180|미니슬림 벽걸이_2,061,000|슬림핏 벽걸이_1,873,563"
16556480,삼성전자 더 프레임 KQ75LSB03AFXKR,"스탠드_2,906,790|벽걸이_3,489,900|슬림핏 벽걸이_3,498,620"
18128945,삼성전자 QLED KQ75QB83AFXKR,"스탠드_2,218,680|벽걸이_2,312,000|스탠드+사운드바, HW-Q600B_일시품절|벽걸이+사운드바, HW-Q600B_일시품절"
18989183,삼성전자 올레드 KQ55SC95AFXKR,"스탠드_1,990,000|풀모션 슬림핏 벽걸이_2,090,000|미니슬림 벽걸이_2,730,000|슬림핏 벽걸이_2,730,000|스탠드+사운드바, HW-Q600C_2,888,580|"
19262519,삼성전자 Crystal UHD KU55UC8000FXKR,"스탠드_964,810|풀모션 슬림핏 벽걸이_995,830|미니슬림 벽걸이_1,189,090|슬림핏 벽걸이_1,139,580|스탠드+사운드바, HW-T400_일시품절|||"
19206191,삼성전자 Crystal UHD KU55UC8100FXKR,"스탠드_860,090|풀모션 슬림핏 벽걸이_886,680|미니슬림 벽걸이_1,183,000|슬림핏 벽걸이_1,183,000|스탠드+사운드바, HW-C450_1,087,700|"
13479971,삼성전자 QLED KQ65QA65AFXKR,"스탠드_1,178,420|벽걸이_1,270,080|미니슬림 벽걸이_1,384,990|슬림핏 벽걸이_1,318,500"
19578146,삼성전자 올레드 KQ65SC90AFXKR,"스탠드_2,605,060|풀모션 슬림핏 벽걸이_2,789,990|슬림핏 벽걸이_3,239,990|미니슬림 벽걸이_3,212,300|스탠드+사운드바, HW-S50B_3,988,900|||"
13479692,삼성전자 QLED KQ85QA65AFXKR,"스탠드_2,398,990|벽걸이_2,584,990|슬림핏 벽걸이_2,538,500|고정 벽걸이_2,799,000"
13801085,삼성전자 Crystal UHD KU75UA8070FXKR,"스탠드_1,394,160|벽걸이_1,513,370|슬림핏 벽걸이_2,356,900"
19182536,삼성전자 네오QLED KQ85QNC85AFXKR,"스탠드_5,517,990|풀모션 슬림핏 벽걸이_5,422,200|슬림핏 벽걸이_6,894,850"
16645988,삼성전자 Crystal UHD KU55UB8000FXKR,"스탠드_731,590|벽걸이_839,350|미니슬림 벽걸이_1,116,000|슬림핏 벽걸이_1,116,000"
19206086,삼성전자 Crystal UHD KU75UC8100FXKR,"스탠드_1,488,100|풀모션 슬림핏 벽걸이_1,522,940|슬림핏 벽걸이_2,002,000|스탠드+사운드바, HW-C450_1,809,920|벽걸이+사운드바, HW-C450_1,790,910"
19105370,삼성전자 Crystal UHD KU50UC7000FXKR,"스탠드_679,760|풀모션 슬림핏 벽걸이_742,530|미니슬림 벽걸이_920,640|슬림핏 벽걸이_1,046,500|스탠드+사운드바, HW-T400_일시품절|||"
16240400,삼성전자 LH43QETELGCXKR,"본체_401,390|스탠드_464,680|벽걸이_473,690"
19203668,삼성전자 QLED KQ65QC70AFXKR,"스탠드_1,699,990|풀모션 슬림핏 벽걸이_1,910,520|미니슬림 벽걸이_2,068,840|슬림핏 벽걸이_1,981,450|스탠드+사운드바, HW-C400_2,151,290|"
14674064,삼성전자 Crystal UHD UN85TU7000 리퍼비시,"스탠드_1,698,990|벽걸이_1,828,990|방문수령_1,394,600"
19203185,삼성전자 QLED KQ65QC80AFXKR,"스탠드_2,146,500|풀모션 슬림핏 벽걸이_2,164,390|미니슬림 벽걸이_2,343,330|슬림핏 벽걸이_2,343,730|스탠드+사운드바, HW-S50B_2,152,080|"
19262618,삼성전자 Crystal UHD KU50UC8000FXKR,"스탠드_842,790|풀모션 슬림핏 벽걸이_858,120|미니슬림 벽걸이_1,001,000|슬림핏 벽걸이_1,001,000|스탠드+사운드바, HW-T400_일시품절|||"
19203716,삼성전자 QLED KQ55QC70AFXKR,"스탠드_1,234,860|풀모션 슬림핏 벽걸이_1,329,990|미니슬림 벽걸이_1,509,690|슬림핏 벽걸이_1,436,650"
19104722,삼성전자 네오QLED KQ75QNC83AFXKR,"스탠드_3,134,970|풀모션 슬림핏 벽걸이_3,289,810|슬림핏 벽걸이_3,385,200"
16630100,삼성전자 더 세리프 KQ50LSB01AFXKR,"스탠드_1,158,080|벽걸이_1,900,000"
14076716,삼성전자 Crystal UHD KU55UA7050FXKR,"스탠드_670,820|벽걸이_1,185,920"
6600976,삼성전자 UN32N4020AFXKR,"스탠드_220,130|벽걸이_321,860|미니슬림 벽걸이_347,500|슬림핏 벽걸이_360,230|자가설치_229,780"
18988973,삼성전자 올레드 KQ65SC95AFXKR,"스탠드_3,299,990|풀모션 슬림핏 벽걸이_3,589,330|미니슬림 벽걸이_3,913,000|슬림핏 벽걸이_3,913,000|스탠드+사운드바, HW-Q930C_8,650,000|||"
13480061,삼성전자 QLED KQ55QA65AFXKR,"스탠드_901,610|벽걸이_1,055,990|미니슬림 벽걸이_1,298,990"
15080378,삼성전자 네오QLED KQ98QNA90AFXKR,"스탠드_9,023,890|벽걸이_9,319,290"
16721339,삼성전자 QLED KQ55QB80AFXKR,"스탠드_1,359,990|벽걸이_1,459,970|풀모션 슬림핏 벽걸이_1,460,000"
19264721,삼성전자 Crystal UHD KU43UC7030FXKR,"스탠드_525,910|풀모션 슬림핏 벽걸이_576,630|미니슬림 벽걸이_643,490|슬림핏 벽걸이_652,850"
19918844,삼성전자 QLED KQ55QC67AFXKR,"스탠드_1,098,610|풀모션 슬림핏 벽걸이_1,223,950|미니슬림 벽걸이_1,638,000|슬림핏 벽걸이_1,638,000"
19203224,삼성전자 QLED KQ55QC80AFXKR,"스탠드_1,448,990|풀모션 슬림핏 벽걸이_1,612,180|미니슬림 벽걸이_1,774,500|슬림핏 벽걸이_1,774,500"
19581305,삼성전자 올레드 KQ77SC90AFXKR,"스탠드_4,443,290|풀모션 슬림핏 벽걸이_4,340,000|슬림핏 벽걸이_4,944,780|스탠드+사운드바, HW-Q600C_4,652,110|벽걸이+사운드바, HW-Q600C_4,999,810"
14555636,삼성전자 Crystal UHD UN58TU7000 리퍼비시,"스탠드_569,990|벽걸이_612,390|방문수령_474,990"
19204346,삼성전자 QLED KQ75QC65AFXKR,"스탠드_1,978,970|풀모션 슬림핏 벽걸이_2,339,460|슬림핏 벽걸이_2,034,800"
19206044,삼성전자 Crystal UHD KU85UC8100FXKR,"스탠드_2,128,770|풀모션 슬림핏 벽걸이_2,153,930|슬림핏 벽걸이_3,094,000|스탠드+사운드바, HW-C450_2,489,280|벽걸이+사운드바, HW-C450_2,580,430"
19262432,삼성전자 Crystal UHD KU85UC8000FXKR,"스탠드_2,371,750|풀모션 슬림핏 벽걸이_2,450,090|슬림핏 벽걸이_3,126,120|스탠드+사운드바, HW-T400_3,062,330|벽걸이+사운드바, HW-T400_2,902,980||||"
6429273,삼성전자 UN43N5000AFXKR,"스탠드_378,300|벽걸이_403,600|미니슬림 벽걸이_488,900|풀모션 슬림핏 벽걸이_446,000"
19100018,삼성전자 네오QLED KQ75QNC90AFXKR,"스탠드_4,150,000|풀모션 슬림핏 벽걸이_4,914,410|슬림핏 벽걸이_5,544,810"
19662770,삼성전자 QLED KQ75QC68AFXKR,"스탠드_2,274,530|풀모션 슬림핏 벽걸이_2,329,850|슬림핏 벽걸이_3,593,020"
19263974,삼성전자 Crystal UHD KU50UC7050FXKR,"스탠드_690,000|풀모션 슬림핏 벽걸이_790,000"
19104716,삼성전자 네오QLED KQ85QNC83AFXKR,"스탠드_4,601,210|풀모션 슬림핏 벽걸이_4,997,910|"
14558759,삼성전자 Crystal UHD UN82TU7000 리퍼비시,"스탠드_1,390,000|벽걸이_1,451,590|방문수령_1,253,040"
19104731,삼성전자 네오QLED KQ65QNC83AFXKR,"스탠드_2,537,150|풀모션 슬림핏 벽걸이_2,628,450|미니슬림 벽걸이_2,839,000|슬림핏 벽걸이_2,676,657"
19448093,삼성전자 Crystal UHD 43TU690T 리퍼비시,"스탠드_360,330|벽걸이_424,990|방문수령_326,750"
19105169,삼성전자 Crystal UHD KU70UC7000FXKR,"스탠드_1,149,800|풀모션 슬림핏 벽걸이_1,293,800|슬림핏 벽걸이_1,235,270"
17723375,삼성전자 LH55BEAHLBFXKR,"스탠드_574,310|벽걸이_661,490"
16805948,삼성전자 네오QLED QN85QN85B 해외구매,"관부가세포함_3,606,390"
17723336,삼성전자 LH50BEAHLBFXKR,"스탠드_521,360|벽걸이_578,340"
19203056,삼성전자 QLED KQ85QC80AFXKR,"스탠드_4,089,990|풀모션 슬림핏 벽걸이_4,675,780|슬림핏 벽걸이_4,639,990|스탠드+사운드바, HW-Q600C_4,828,900|벽걸이+사운드바, HW-Q600C_4,934,520"
16629926,삼성전자 더 세리프 KQ43LSB01AFXKR,"스탠드_975,590"
13747316,삼성전자 Crystal UHD KU70UA7000FXKR,"스탠드_1,102,490|벽걸이_1,248,120|슬림핏 벽걸이_1,550,530|풀모션 슬림핏 벽걸이_일시품절"
12660674,삼성전자 Crystal UHD UN50TU7000 리퍼비시,"스탠드_444,990|벽걸이_519,490|방문수령_420,140"
16975568,삼성전자 Crystal UHD UN70TU6985 리퍼비시,"스탠드_776,910|벽걸이_837,810|방문수령_689,910"
16655345,삼성전자 Crystal UHD KU65UB8100FXKR,"스탠드_1,042,970|벽걸이_1,081,130|미니슬림 벽걸이_1,276,680|스탠드+사운드바, HW-B450_1,464,870|벽걸이+사운드바, HW-B450_1,464,870"
19105289,삼성전자 Crystal UHD KU58UC7000FXKR,"스탠드_890,280|풀모션 슬림핏 벽걸이_1,023,230|미니슬림 벽걸이_1,239,790|슬림핏 벽걸이_1,113,950|스탠드+사운드바, HW-T400_일시품절|||||"
16558043,삼성전자 네오QLED KQ75QNB90AFXKR,"스탠드_3,887,230|벽걸이_4,264,910"
19089260,삼성전자 네오QLED KQ55QNC85AFXKR,"스탠드_1,790,000|풀모션 슬림핏 벽걸이_1,916,820|미니슬림 벽걸이_2,245,600|슬림핏 벽걸이_2,135,770"
17266418,삼성전자 네오QLED KQ65QNB85AFXKR 사운드바 패키지,"스탠드, HW-S50B_일시품절|스탠드, HW-Q600B_2,130,710|벽걸이, HW-Q600B_2,773,520"
20470142,삼성전자 Crystal UHD UN75TU7000 리퍼비시,"AS 1년,스탠드_978,990|AS 1년,벽걸이_1,029,410|AS 1년,방문수령_832,580|AS 6개월,스탠드_989,990|AS 6개월,벽걸이_1,034,540|"
17254145,삼성전자 네오QLED KQ75QNB85AFXKR 사운드바 패키지,"스탠드, HW-Q600B_2,751,750|벽걸이, HW-Q600B_2,807,490|스탠드, HW-Q600C_3,249,770|벽걸이, HW-Q600C_4,074,670"
13301540,삼성전자 QLED QN50Q60T 리퍼비시,"스탠드_623,030|벽걸이_649,920|방문수령_587,990"
16221896,삼성전자 Crystal UHD UN55AU8000 리퍼비시,"스탠드_578,690|벽걸이_611,040|방문수령_489,780"
19206158,삼성전자 Crystal UHD KU65UC8100FXKR,"스탠드_1,003,470|풀모션 슬림핏 벽걸이_1,094,630|미니슬림 벽걸이_1,533,270|슬림핏 벽걸이_1,533,550|스탠드+사운드바, HW-C450_1,284,790|"
16719053,삼성전자 더 세로 KQ43LSB05BFXKR,"스탠드_1,178,840|이지무빙키트 포함_1,259,990"
14075996,삼성전자 Crystal UHD KU85UA7050FXKR,"스탠드_1,848,550|벽걸이_2,083,810|스탠드+사운드바, JBLBAR20AIOBLKAS_1,990,000|스탠드+사운드바, SR-C20A_일시품절"
16092287,삼성전자 QLED KQ65QA67AFXKR,"스탠드_1,399,770|벽걸이_1,441,140|미니슬림 벽걸이_일시품절|슬림핏 벽걸이_1,998,990|스탠드+사운드바, HW-Q600A_3,369,000||"
13418186,삼성전자 호텔TV HG55NT670UFXKR,"스탠드_597,990|벽걸이_619,000"
19204499,삼성전자 QLED KQ50QC65AFXKR,"스탠드_868,990|풀모션 슬림핏 벽걸이_1,289,990|미니슬림 벽걸이_1,592,500|슬림핏 벽걸이_1,229,990"
16558139,삼성전자 네오QLED KQ85QNB90AFXKR,"스탠드_5,496,420|벽걸이_6,393,910"
14115518,삼성전자 Crystal UHD UN70TU7000 리퍼비시,"스탠드_768,990|벽걸이_854,340|방문수령_713,000"
19095050,삼성전자 네오QLED KQ65QNC85AFXKR,"스탠드_2,587,930|풀모션 슬림핏 벽걸이_2,680,930|미니슬림 벽걸이_3,503,500|슬림핏 벽걸이_3,503,500"
16556642,삼성전자 더 프레임 KQ85LSB03AFXKR,"스탠드_4,344,130|벽걸이_4,563,060"
19907336,삼성전자 QLED 75Q60 리퍼비시,"스탠드_1,165,300|벽걸이_1,313,490|방문수령_1,053,500"
20028221,삼성전자 QLED KQ65QC60AFXKR 사운드바 패키지,"스탠드+HW-S50B 사운드바_4,752,930|벽걸이+HW-S50B 사운드바_4,899,990|스탠드+HW-B450 사운드바_1,738,100|벽걸이+HW-B450 사운드바_1,738,100|스탠드+HW-B650 사운드바_1,369,520|||||"
17677679,삼성전자 QLED KQ75QB75AFXKR,"스탠드_2,181,270|벽걸이_2,197,360|풀모션 슬림핏 벽걸이_2,900,000"
16098017,삼성전자 Crystal UHD UN65AU8000 리퍼비시,"스탠드_732,540|벽걸이_793,440|방문수령_655,320"
19662806,삼성전자 QLED KQ85QC68AFXKR,"스탠드_2,924,580|풀모션 슬림핏 벽걸이_3,200,200|슬림핏 벽걸이_일시품절"
16747532,삼성전자 네오QLED KQ85QNB83AFXKR,"스탠드_3,852,680|벽걸이_4,088,010|슬림핏 벽걸이_일시품절"
16689203,삼성전자 더 세로 KQ43LSB05AFXKR,"스탠드_1,171,280|이지무빙키트 포함_1,259,990"
13801646,삼성전자 Crystal UHD KU55UA8070FXKR,"스탠드_841,910|벽걸이_916,710|미니슬림 벽걸이_1,068,270"
19203143,삼성전자 QLED KQ75QC80AFXKR,"스탠드_3,008,990|풀모션 슬림핏 벽걸이_3,688,600|슬림핏 벽걸이_4,019,570|스탠드+사운드바, HW-Q600C_3,778,890|벽걸이+사운드바, HW-Q600C_3,860,000"
10990521,삼성전자 QLED KQ55QT90AFXKR,"스탠드_2,560,000|벽걸이_2,560,000"
16132703,삼성전자 Crystal UHD UN50AU8000 리퍼비시,"스탠드_479,000|벽걸이_568,720|방문수령_463,290"
16645064,삼성전자 Crystal UHD KU85UB8000FXKR,"스탠드_2,200,000|벽걸이_2,861,850|슬림핏 벽걸이_3,419,600|풀모션 슬림핏 벽걸이_2,300,000|스탠드+사운드바, HW-B450_일시품절"
19662737,삼성전자 QLED KQ65QC68AFXKR,"스탠드_1,411,500|풀모션 슬림핏 벽걸이_1,554,660|미니슬림 벽걸이_2,548,000|슬림핏 벽걸이_2,548,000"
16514636,삼성전자 QLED KQ50QB60AFXKR,"스탠드_939,290|벽걸이_1,055,420|미니슬림 벽걸이_1,458,030|슬림핏 벽걸이_2,113,200|풀모션 슬림핏 벽걸이_일시품절"
16077716,삼성전자 QLED KQ85QA67AFXKR,"스탠드_2,590,870|벽걸이_2,949,990"
19104497,삼성전자 네오QLED KQ75QNC88AFXKR,"스탠드_3,990,000|풀모션 슬림핏 벽걸이_4,666,290|슬림핏 벽걸이_4,768,400"
20338364,삼성전자 Crystal UHD UN43TU7000 리퍼비시,"AS 1년,스탠드_388,990|AS 1년,벽걸이_438,990|AS 1년,방문수령_364,990|AS 6개월,스탠드_363,780|AS 6개월,벽걸이_419,490|"
16644707,삼성전자 Crystal UHD KU75UB8100FXKR,"스탠드_1,484,980|벽걸이_1,625,210|스탠드+사운드바, HW-B450_1,739,400|벽걸이+사운드바, HW-B450_1,749,490"
19263929,삼성전자 Crystal UHD KU55UC7050FXKR,"스탠드_842,910|풀모션 슬림핏 벽걸이_989,990"
19104437,삼성전자 네오QLED KQ85QNC88AFXKR,"스탠드_5,189,730|풀모션 슬림핏 벽걸이_5,472,670|슬림핏 벽걸이_6,552,000"
19262693,삼성전자 Crystal UHD KU43UC8000FXKR,"스탠드_702,110|풀모션 슬림핏 벽걸이_771,340|미니슬림 벽걸이_910,000|슬림핏 벽걸이_910,000|스탠드+사운드바, HW-T400_786,480|||"
16591697,삼성전자 QLED KQ65QB80AFXKR,"스탠드_1,852,550|벽걸이_2,059,890|풀모션 슬림핏 벽걸이_일시품절|스탠드+사운드바, HW-Q600B_2,160,000|벽걸이+사운드바, HW-Q600B_2,160,000"
20148803,삼성전자 네오QLED QN85QN900C 해외구매,"관부가세포함_5,863,090|관부가세별도_12,290,810|관부가세포함+캘리팩_6,075,990"
16943891,삼성전자 Crystal UHD UN75AU8000 리퍼비시,"스탠드_1,089,240|벽걸이_1,150,140|방문수령_976,140"
19099436,삼성전자 QLED KQ43QC60AFXKR,"스탠드_748,940|풀모션 슬림핏 벽걸이_821,600|미니슬림 벽걸이_1,004,890|슬림핏 벽걸이_1,025,990"
19918820,삼성전자 QLED KQ65QC67AFXKR,"스탠드_1,409,810|풀모션 슬림핏 벽걸이_1,408,480|미니슬림 벽걸이_2,275,000|슬림핏 벽걸이_2,275,000"
13820285,삼성전자 Crystal UHD KU43UA8090FXKR,"스탠드_707,770|벽걸이_759,230|슬림핏 벽걸이_967,000"
19098170,삼성전자 네오QLED KQ75QNC800FXKR,"스탠드_6,122,800|풀모션 슬림핏 벽걸이_6,215,490||스탠드+사운드바, HW-Q800C_6,970,610|벽걸이+사운드바, HW-Q800C_7,036,160"
16524107,삼성전자 네오QLED KQ75QNB800FXKR,"스탠드_4,691,880|벽걸이_4,878,280|슬림핏 벽걸이_7,999,990"
16646162,삼성전자 Crystal UHD KU43UB8000FXKR,"스탠드_553,660|벽걸이_780,480"
19667975,삼성전자 네오QLED 65QN85 리퍼비시,"스탠드_1,439,990|벽걸이_1,459,990|방문수령_1,305,190"
19098203,삼성전자 네오QLED KQ85QNC800FXKR,"스탠드_8,149,590|풀모션 슬림핏 벽걸이_8,241,090||스탠드+사운드바, HW-Q800C_9,229,790|벽걸이+사운드바, HW-Q800C_9,416,860"
14078558,삼성전자 Crystal UHD KU75UA7070FXKR,"스탠드_1,248,890|벽걸이_1,391,250"
13747706,삼성전자 Crystal UHD KU43UA7000FXKR,"스탠드_510,980|벽걸이_584,390|미니슬림 벽걸이_601,000|슬림핏 벽걸이_일시품절"
16524062,삼성전자 네오QLED KQ85QNB800FXKR,"스탠드_7,120,000|벽걸이_7,716,410|슬림핏 벽걸이_일시품절|고정 벽걸이_일시품절"
19424351,삼성전자 QLED KQ85QB70AFXKR 사운드바 패키지,"스탠드, HW-S50B_2,909,270|벽걸이, HW-S50B_2,900,160"
13819493,삼성전자 Crystal UHD KU70UA8090FXKR,"스탠드_1,287,640|벽걸이_1,380,180|슬림핏 벽걸이_일시품절"
17675219,삼성전자 QLED KQ65QB75AFXKR,"스탠드_1,769,000|벽걸이_2,199,960|슬림핏 벽걸이_2,678,400|풀모션 슬림핏 벽걸이_2,850,000"
19204274,삼성전자 QLED KQ85QC65AFXKR,"스탠드_2,599,000|풀모션 슬림핏 벽걸이_3,594,810|슬림핏 벽걸이_2,692,000|고정 벽걸이_4,892,220"
17723417,삼성전자 LH65BEAHLBFXKR,"스탠드_833,970|벽걸이_903,710"
16788068,삼성전자 네오QLED QN85QN90B 해외구매,"관부가세포함_4,441,220|관부가세포함+캘리팩_5,726,455"
16515224,삼성전자 QLED KQ43QB65AFXKR,"스탠드_690,000|벽걸이_896,380|미니슬림 벽걸이_일시품절|풀모션 슬림핏 벽걸이_790,000|스탠드+사운드바, HW-S50B_1,187,720|"
17867954,삼성전자 Crystal UHD UN43AU8000 리퍼비시,"스탠드_408,900|벽걸이_435,000|방문수령_356,700"
16077980,삼성전자 QLED KQ75QA67AFXKR,"스탠드_1,891,600|벽걸이_2,009,880|슬림핏 벽걸이_2,178,720|스탠드+사운드바, HW-Q600A_4,547,500|벽걸이+사운드바, HW-Q600A_4,696,800"
16515182,삼성전자 QLED KQ55QB65AFXKR,"스탠드_1,136,640|벽걸이_1,169,280|풀모션 슬림핏 벽걸이_1,090,000|스탠드+사운드바, HW-S50B_2,010,230|벽걸이+사운드바, HW-S50B_2,080,620||"
19314968,삼성전자 Crystal UHD 75TU690T 리퍼비시,"스탠드_958,990|벽걸이_1,070,390|방문수령_871,530"
14802746,삼성전자 LH65QETELGCXKR,"본체_772,480|벽걸이_894,390"
16647188,삼성전자 Crystal UHD KU50UB8070FXKR,"스탠드_739,960|벽걸이_812,910|미니슬림 벽걸이_880,210|슬림핏 벽걸이_884,469"
20400524,삼성전자 QLED QN85Q80C 해외구매,"관부가세포함_3,156,050|관부가세별도_6,050,870|관부가세포함+캘리팩_3,527,330"
16556396,삼성전자 더 프레임 KQ65LSB03AFXKR,"스탠드_2,162,470|벽걸이_2,341,420|미니슬림 벽걸이_2,217,190|슬림핏 벽걸이_2,229,370"
16515125,삼성전자 QLED KQ65QB65AFXKR,"스탠드_1,450,000|벽걸이_1,673,890|풀모션 슬림핏 벽걸이_1,550,000|스탠드+사운드바, HW-B550_1,550,000|벽걸이+사운드바, HW-B550_1,650,000"
16707905,삼성전자 더 프레임 KQ32LSB03BFXKR,"스탠드_716,670|벽걸이_857,720"
16515080,삼성전자 QLED KQ75QB65AFXKR,"스탠드_1,999,990|벽걸이_2,204,930|풀모션 슬림핏 벽걸이_2,100,000|스탠드+사운드바, HW-S50B_3,055,380|벽걸이+사운드바, HW-S50B_3,216,000||"
10824360,삼성전자 Crystal UHD KU50UT7000FXKR,"스탠드_1,199,770|벽걸이_1,460,180|미니슬림 벽걸이_일시품절"
19099733,삼성전자 네오QLED KQ55QNC95AFXKR,"스탠드_2,902,390|풀모션 슬림핏 벽걸이_2,898,890|미니슬림 벽걸이_3,075,610|슬림핏 벽걸이_3,105,310"
19260305,삼성전자 Crystal UHD KU85UC8500FXKR,"스탠드_1,462,370|풀모션 슬림핏 벽걸이_1,462,370|슬림핏 벽걸이_4,277,000|스탠드+사운드바, HW-C400_1,462,370|벽걸이+사운드바, HW-C400_1,462,370"
16629260,삼성전자 더 세리프 KQ55LSB01BFXKR,"스탠드_1,524,690"
19100045,삼성전자 네오QLED KQ65QNC90AFXKR,"스탠드_3,339,990|풀모션 슬림핏 벽걸이_3,696,650|미니슬림 벽걸이_3,685,500|슬림핏 벽걸이_3,685,500"
16645850,삼성전자 Crystal UHD KU60UB8000FXKR,"스탠드_1,257,130|벽걸이_1,305,800"
16628921,삼성전자 더 세리프 KQ50LSB01BFXKR,"스탠드_1,190,000"
16514990,삼성전자 QLED KQ85QB65AFXKR,"스탠드_2,853,000|벽걸이_3,173,160|슬림핏 벽걸이_일시품절|풀모션 슬림핏 벽걸이_3,200,000|고정 벽걸이_일시품절||||"
16737875,삼성전자 Crystal UHD KU65UB8070FXKR,"스탠드_1,169,590|벽걸이_1,228,050|미니슬림 벽걸이_1,271,060|슬림핏 벽걸이_1,313,700"
19099616,삼성전자 네오QLED KQ85QNC95AFXKR,"스탠드_8,619,890|풀모션 슬림핏 벽걸이_8,779,880|슬림핏 벽걸이_8,872,500"
16514504,삼성전자 QLED KQ60QB60AFXKR,"스탠드_1,549,770|벽걸이_1,649,770|미니슬림 벽걸이_1,652,770|슬림핏 벽걸이_1,757,000"
19577387,삼성전자 Crystal UHD KU65UC7050FXKR,"스탠드_1,191,050|풀모션 슬림핏 벽걸이_1,253,700"
19264454,삼성전자 Crystal UHD KU65UC7030FXKR,"스탠드_1,064,370|풀모션 슬림핏 벽걸이_1,116,690|미니슬림 벽걸이_1,183,000|슬림핏 벽걸이_1,183,000"
16647068,삼성전자 Crystal UHD KU60UB8070FXKR,"스탠드_998,990|벽걸이_1,139,000|미니슬림 벽걸이_1,612,410|슬림핏 벽걸이_1,189,000"
12852035,삼성전자 Crystal UHD UN65TU8000 리퍼비시,"스탠드_803,480|벽걸이_832,850|방문수령_728,890"
19260413,삼성전자 Crystal UHD KU65UC8500FXKR,"스탠드_1,198,990|풀모션 슬림핏 벽걸이_1,284,570|미니슬림 벽걸이_2,093,000|슬림핏 벽걸이_1,398,958|스탠드+사운드바, HW-C400_1,537,460|"
14076365,삼성전자 Crystal UHD KU65UA7050FXKR,"스탠드_989,990|벽걸이_1,299,990"
17729117,삼성전자 LH43BEAHLBFXKR,"스탠드_428,990|벽걸이_484,000"
19099007,삼성전자 네오QLED KQ75QNC700FXKR,"스탠드_5,299,990|풀모션 슬림핏 벽걸이_5,690,370|슬림핏 벽걸이_5,689,810"
16763252,삼성전자 네오QLED KQ65QNB88AFXKR,"스탠드_2,868,250|벽걸이_2,855,350"
16177616,삼성전자 Crystal UHD UN60TU7000 리퍼비시,"스탠드_677,390|벽걸이_789,000|방문수령_676,850"
19099415,삼성전자 QLED KQ50QC60AFXKR,"스탠드_904,690|풀모션 슬림핏 벽걸이_976,470|미니슬림 벽걸이_1,072,480|슬림핏 벽걸이_1,123,990"
19662728,삼성전자 QLED KQ55QC68AFXKR,"스탠드_1,472,020|풀모션 슬림핏 벽걸이_1,540,370|미니슬림 벽걸이_1,729,000|슬림핏 벽걸이_1,729,000"
19099661,삼성전자 네오QLED KQ75QNC95AFXKR,"스탠드_7,098,990|풀모션 슬림핏 벽걸이_7,198,990|슬림핏 벽걸이_7,867,170"
16807121,삼성전자 QLED QN85Q80B 해외구매,"관부가세포함_2,789,760|리퍼/중고_2,768,800"
16643948,삼성전자 QLED KQ65QB70AFXKR,"스탠드_1,819,990|벽걸이_1,857,610|미니슬림 벽걸이_1,829,000"
19100063,삼성전자 네오QLED KQ55QNC90AFXKR,"스탠드_2,434,980|풀모션 슬림핏 벽걸이_2,637,990|미니슬림 벽걸이_2,502,500|슬림핏 벽걸이_2,548,000"
4576776,삼성전자 UN43K5110BFXKR,"스탠드_1,664,440|벽걸이_427,010|미니슬림 벽걸이_389,480"
16556264,삼성전자 더 프레임 KQ55LSB03AFXKR,"스탠드_1,557,260|벽걸이_1,790,000"
16554299,삼성전자 더 프레임 KQ43LSB03AFXKR,"스탠드_1,218,990|벽걸이_1,269,990|미니슬림 벽걸이_1,638,000"
14076272,삼성전자 Crystal UHD KU75UA7050FXKR,"스탠드_1,449,890|벽걸이_1,526,210"
16514585,삼성전자 QLED KQ55QB60AFXKR,"스탠드_1,034,080|벽걸이_1,118,630|미니슬림 벽걸이_일시품절|스탠드+사운드바, HW-S50B_1,650,000|벽걸이+사운드바, HW-S50B_1,668,730"
19279715,삼성전자 QLED KQ98QC80AFXKR + 더 세리프 KQ50LSB01AFXKR,"스탠드_8,574,790|풀모션 슬림핏 벽걸이_8,874,950"
16647257,삼성전자 Crystal UHD KU43UB8070FXKR,"스탠드_625,000|벽걸이_696,440|미니슬림 벽걸이_725,000|슬림핏 벽걸이_725,000"
13747643,삼성전자 Crystal UHD KU50UA7000FXKR,"스탠드_640,490|벽걸이_772,760|미니슬림 벽걸이_일시품절|슬림핏 벽걸이_일시품절|풀모션 슬림핏 벽걸이_일시품절||||"
16644440,삼성전자 Crystal UHD KU85UB8100FXKR,"스탠드_2,260,990|벽걸이_2,435,550|스탠드+사운드바, HW-B450_2,633,760|벽걸이+사운드바, HW-B450_2,633,760"
19098086,삼성전자 네오QLED KQ65QNC800FXKR,"스탠드_4,589,130|풀모션 슬림핏 벽걸이_4,768,680|미니슬림 벽걸이_4,641,000|슬림핏 벽걸이_4,686,500"
16645700,삼성전자 Crystal UHD KU75UB8000FXKR,"스탠드_1,572,980|벽걸이_1,640,210|슬림핏 벽걸이_1,638,000|스탠드+사운드바, HW-B550_3,000,000|벽걸이+사운드바, HW-B550_3,000,000"
16637018,삼성전자 QLED KQ75QB80AFXKR,"스탠드_2,650,000|벽걸이_2,699,990"
19101812,삼성전자 더 프레임 KQ32LSC03BFXKR,"프레임 베젤_770,000"
17476535,삼성전자 더 세리프 KQ55LSB01PFXKR,"스탠드_1,542,280"
14769110,삼성전자 LH50QETELGCXKR,"본체_476,450|스탠드_514,560|벽걸이_546,410"
14802014,삼성전자 LH55QETELGCXKR,"본체_602,470|스탠드_646,690|벽걸이_656,090"
19097897,삼성전자 네오QLED KQ85QNC900FXKR,"스탠드_13,989,910|풀모션 슬림핏 벽걸이_14,083,530|슬림핏 벽걸이_14,915,130"
16645802,삼성전자 Crystal UHD KU65UB8000FXKR,"스탠드_1,202,150|벽걸이_1,247,990"
19104545,삼성전자 네오QLED KQ65QNC88AFXKR,"스탠드_3,250,530|풀모션 슬림핏 벽걸이_3,250,480|미니슬림 벽걸이_3,276,000|슬림핏 벽걸이_3,276,000"
16999538,삼성전자 호텔TV HG75AU800NFXKR,"스탠드_1,297,360|벽걸이_1,431,050"
21629720,삼성전자 네오QLED KQ98QNC990FXKR,"스탠드_49,899,990|벽걸이_가격비교예정"
19203311,삼성전자 QLED KQ50QC80AFXKR,"스탠드_1,387,870|풀모션 슬림핏 벽걸이_1,477,910|미니슬림 벽걸이_1,691,670|슬림핏 벽걸이_1,774,500"
16782257,삼성전자 Crystal UHD UN85AU8000 리퍼비시,"스탠드_1,928,590|벽걸이_1,998,650|방문수령_1,752,710"
10726956,삼성전자 LH32DCEPLGA,"본체_359,000|스탠드_509,000|벽걸이_538,990"
19104590,삼성전자 네오QLED KQ55QNC88AFXKR,"스탠드_1,920,090|풀모션 슬림핏 벽걸이_2,011,100|미니슬림 벽걸이_2,229,500|슬림핏 벽걸이_2,229,500"
16644032,삼성전자 QLED KQ55QB70AFXKR,"스탠드_1,277,240|벽걸이_1,499,990|미니슬림 벽걸이_1,433,370|슬림핏 벽걸이_1,365,000|풀모션 슬림핏 벽걸이_일시품절"
19264286,삼성전자 Crystal UHD KU85UC7030FXKR,"스탠드_2,365,350|풀모션 슬림핏 벽걸이_2,611,830|슬림핏 벽걸이_3,075,400"
13514132,삼성전자 Crystal UHD KU50UA8000FXKR,"스탠드_735,280|벽걸이_1,049,890|미니슬림 벽걸이_1,049,900"
6112488,삼성전자 UN75NU8000FXKR,"스탠드_4,600,000"
10902693,삼성전자 QLED KQ85QT80AFXKR,"스탠드_3,093,090|벽걸이_3,093,090"
20274185,삼성전자 올레드 QN77S90C 해외구매,"관부가세포함_3,862,820|관부가세포함+캘리팩_4,195,370"
16646510,삼성전자 Crystal UHD KU85UB8070FXKR,"스탠드_2,124,850|벽걸이_2,145,400|슬림핏 벽걸이_3,830,010"
16831760,삼성전자 LH55QMBEBGCXKR,"본체_918,900|스탠드_953,580|벽걸이_1,013,930|키오스크형_2,277,000"
19263290,삼성전자 Crystal UHD KU50UC7070FXKR,"스탠드_587,000"
16175969,삼성전자 QLED QN75Q60T 리퍼비시,"스탠드_1,354,990|벽걸이_1,369,990|방문수령_1,158,810"
20258057,삼성전자 QLED KQ85QC70AFXKR 사운드바 패키지,"스탠드, HW-S50B_3,960,000|벽걸이, HW-S50B_3,960,000|스탠드, HW-C400_3,727,780|벽걸이, HW-C400_3,922,260"
13496192,삼성전자 QLED KQ65QA60AFXKR,"스탠드_1,469,990|벽걸이_1,714,090|미니슬림 벽걸이_2,004,900|슬림핏 벽걸이_2,004,900|스탠드+사운드바, HW-A450_2,112,000|"
13513829,삼성전자 Crystal UHD KU65UA8000FXKR,"스탠드_1,191,430|벽걸이_1,231,430|미니슬림 벽걸이_1,748,190"
13499195,삼성전자 네오QLED KQ75QNA85AFXKR,"스탠드_4,295,100|벽걸이_4,800,000"
16628726,삼성전자 더 세리프 KQ43LSB01BFXKR,"스탠드_915,840"
20520650,삼성전자 Crystal UHD KU85UC7000FXKR 사운드바 패키지,"스탠드+HW-T400 사운드바_일시품절|벽걸이+HW-T400 사운드바_일시품절|스탠드, HW-B450 사운드바_일시품절|벽걸이+HW-B450 사운드바_일시품절|스탠드+HW-C450 사운드바_2,223,060||"
11916109,삼성전자 QLED QN65Q60T 리퍼비시,"스탠드_907,200|벽걸이_867,350|방문수령_805,120"
16910696,삼성전자 LH32QMRBBGCXKR,"본체_460,000"
16513361,삼성전자 네오QLED KQ65QNB700FXKR,"스탠드_3,104,490|벽걸이_3,291,560|미니슬림 벽걸이_3,255,370|슬림핏 벽걸이_5,089,990"
7206679,삼성전자 QLED QN65Q7FNAFVKR,스탠드_일시품절
17723282,삼성전자 LH75BEAHLBFXKR,"본체_일시품절|스탠드_1,136,280|벽걸이_1,203,720"
16514366,삼성전자 QLED KQ75QB60AFXKR,"스탠드_1,926,980|벽걸이_2,074,350|스탠드+사운드바, HW-S50B_2,253,900|벽걸이+사운드바, HW-S50B_2,271,900"
13688690,삼성전자 QLED KQ55QA70AFXKR,"스탠드_1,343,790|벽걸이_1,676,790|미니슬림 벽걸이_1,599,890|슬림핏 벽걸이_1,518,900|스탠드+사운드바, HW-A450_2,856,530|"
19620266,삼성전자 Crystal UHD 50TU690T 리퍼비시,"AS 1년,스탠드_473,250|AS 1년,벽걸이_541,990|AS 1년,방문수령_436,370|AS 3개월,스탠드_539,260|AS 3개월,벽걸이_568,720|||"
19204532,삼성전자 QLED KQ43QC65AFXKR,"스탠드_696,530|풀모션 슬림핏 벽걸이_789,531|미니슬림 벽걸이_1,319,500|슬림핏 벽걸이_836,031"
15298979,삼성전자 QLED QN55Q80T 리퍼비시,"스탠드_898,990|벽걸이_938,990|방문수령_794,830"
19577417,삼성전자 Crystal UHD KU75UC7030FXKR,"스탠드_1,461,070|풀모션 슬림핏 벽걸이_1,545,000|슬림핏 벽걸이_2,015,290"
16705121,삼성전자 QLED KQ50QB80AFXKR,"스탠드_1,095,000|벽걸이_1,195,000|풀모션 슬림핏 벽걸이_1,390,000"
16832675,삼성전자 LH50QBBEBGCXKR,"본체_489,990|스탠드_711,890|벽걸이_744,170|키오스크형_1,540,000"
19260359,삼성전자 Crystal UHD KU75UC8500FXKR,"스탠드_1,924,690|풀모션 슬림핏 벽걸이_2,389,990|슬림핏 벽걸이_2,821,000|스탠드+사운드바, HW-C400_1,982,000|벽걸이+사운드바, HW-C400_2,132,000"
13498475,삼성전자 네오QLED KQ50QNA90AFXKR,"스탠드_1,568,600|벽걸이_1,699,170|미니슬림 벽걸이_2,430,200|슬림핏 벽걸이_2,430,200"
19577396,삼성전자 Crystal UHD KU75UC7050FXKR,"스탠드_1,592,400|풀모션 슬림핏 벽걸이_1,706,230|슬림핏 벽걸이_일시품절"
16514810,삼성전자 QLED KQ43QB60AFXKR,"스탠드_715,540|벽걸이_725,270|미니슬림 벽걸이_일시품절|슬림핏 벽걸이_955,750"
13496258,삼성전자 QLED KQ55QA60AFXKR,"스탠드_1,255,000|벽걸이_1,490,000|미니슬림 벽걸이_1,569,000|슬림핏 벽걸이_1,659,000|스탠드+사운드바, HW-A450_1,904,360|"
19264655,삼성전자 Crystal UHD KU50UC7030FXKR,"스탠드_716,070|풀모션 슬림핏 벽걸이_778,590|미니슬림 벽걸이_832,210|슬림핏 벽걸이_791,700"
14078840,삼성전자 Crystal UHD KU55UA7070FXKR,"스탠드_829,890"
16711772,삼성전자 Crystal UHD KU55UB8100FXKR,"스탠드_822,190|벽걸이_999,830|미니슬림 벽걸이_일시품절|스탠드+사운드바, HW-B450_1,022,100|벽걸이+사운드바, HW-B450_1,041,900"
19261733,삼성전자 Crystal UHD KU75UC8070FXKR,"스탠드_1,585,850|풀모션 슬림핏 벽걸이_1,821,910|슬림핏 벽걸이_1,884,800"
16763513,삼성전자 네오QLED KQ85QNB88AFXKR,"스탠드_4,871,780|벽걸이_5,000,230|스탠드+사운드바, HW-Q600B_6,899,870|벽걸이+사운드바, HW-Q600B_6,899,870|스탠드+사운드바, HW-S800B_일시품절|"
16763354,삼성전자 네오QLED KQ75QNB88AFXKR,"스탠드_3,836,990|벽걸이_4,072,050"
16514453,삼성전자 QLED KQ65QB60AFXKR,"스탠드_1,426,370|벽걸이_1,432,190|미니슬림 벽걸이_1,665,300|스탠드+사운드바, HW-S50B_1,619,850|벽걸이+사운드바, HW-S50B_1,767,000"
19099043,삼성전자 네오QLED KQ65QNC700FXKR,"스탠드_3,739,990|풀모션 슬림핏 벽걸이_3,839,990|미니슬림 벽걸이_4,397,570|슬림핏 벽걸이_3,989,990"
13688300,삼성전자 QLED KQ85QA70AFXKR,"스탠드_3,500,000|벽걸이_3,700,000|슬림핏 벽걸이_5,021,600|스탠드+사운드바, HW-A450_6,189,140|벽걸이+사운드바, HW-A450_6,189,140"
20460782,삼성전자 Crystal UHD 85TU690T 리퍼비시,"AS 1년,스탠드_1,679,100|AS 1년,벽걸이_1,722,600|AS 1년,방문수령_1,505,100"
4986803,삼성전자 QLED QN55Q7FAMFXKR,"스탠드_2,051,900|벽걸이_2,159,900"
16911104,삼성전자 LH50QMBEBGCXKR,"본체_771,970|스탠드_808,710|벽걸이_859,470|키오스크형_1,730,000"
16629707,삼성전자 더 세리프 KQ65LSB01BFXKR,"스탠드_1,889,990"
17556035,삼성전자 호텔TV HG55AU800NFXKR,"스탠드_688,480|벽걸이_779,490"
17633867,삼성전자 네오QLED QN65QN85A 리퍼비시,"스탠드_1,439,990|벽걸이_1,909,000|방문수령_1,799,000"
16558898,삼성전자 네오QLED KQ65QNB95AFXKR,"스탠드_2,970,000|벽걸이_3,950,000"
16502498,삼성전자 네오QLED KQ85QNB900FXKR,"스탠드_9,708,170|벽걸이_12,005,450|풀모션 슬림핏 벽걸이_일시품절"
7549027,삼성전자 QLED QN65Q80RAFXKR,스탠드_일시품절
13012511,삼성전자 Crystal UHD KU85UT8180FXKR,"스탠드_2,311,000|벽걸이_3,500,000|스탠드+사운드바, HW-T450_4,512,000|벽걸이+사운드바, HW-T450_일시품절"
19577459,삼성전자 Crystal UHD KU85UC7050FXKR,"스탠드_2,735,760|풀모션 슬림핏 벽걸이_2,846,780"
13513478,삼성전자 Crystal UHD KU85UA8000FXKR,"스탠드_3,008,990|벽걸이_3,106,460|스탠드+사운드바, HW-A450_3,364,170|벽걸이+사운드바, HW-A450_3,364,170"
13688639,삼성전자 QLED KQ65QA70AFXKR,"스탠드_1,935,000|벽걸이_1,978,710|미니슬림 벽걸이_1,998,900|슬림핏 벽걸이_2,076,670|스탠드+사운드바, HW-A450_2,826,010|"
16801451,삼성전자 LH55QBBEBGCXKR,"본체_757,180|스탠드_822,000|벽걸이_860,880|키오스크형_1,800,000"
16524143,삼성전자 네오QLED KQ65QNB800FXKR,"스탠드_3,810,370|벽걸이_3,929,220|미니슬림 벽걸이_일시품절|슬림핏 벽걸이_일시품절"
19577372,삼성전자 Crystal UHD KU55UC7070FXKR,"스탠드_954,310|풀모션 슬림핏 벽걸이_954,070|미니슬림 벽걸이_1,001,000|슬림핏 벽걸이_1,098,990"
10887234,삼성전자 Crystal UHD KU65UT8070FXKR,"스탠드_1,299,960|벽걸이_1,399,890"
10800291,삼성전자 Crystal UHD KU65UT7000FXKR,"스탠드_1,119,950|벽걸이_1,119,950|사운드바 패키지, HW-T450_1,460,000|사운드바 패키지, HW-A450_1,460,000"
15401078,삼성전자 네오QLED KQ43QNA90AFXKR,"스탠드_1,259,000|벽걸이_1,359,000|미니슬림 벽걸이_1,359,000|슬림핏 벽걸이_1,399,000"
19204469,삼성전자 QLED KQ55QC65AFXKR,"스탠드_1,045,280|풀모션 슬림핏 벽걸이_1,138,281|미니슬림 벽걸이_1,801,800|슬림핏 벽걸이_1,184,781"
16199831,삼성전자 QLED QN85Q60T 리퍼비시,"스탠드_2,191,640|벽걸이_2,210,650|방문수령_1,971,830"
5331111,삼성전자 UN32M4000AFXKR,"스탠드_285,770|벽걸이_356,720"
16556015,삼성전자 더 프레임 KQ50LSB03AFXKR,"스탠드_1,477,550|벽걸이_1,549,990"
17373053,삼성전자 네오QLED QN50QN90A 리퍼비시,"스탠드_1,142,070|벽걸이_1,240,000|방문수령_890,000"
16559207,삼성전자 네오QLED KQ85QNB95AFXKR,"스탠드_7,949,990|벽걸이_8,300,000"
10797999,삼성전자 Crystal UHD KU75UT7000FXKR,"스탠드_1,789,780|벽걸이_1,798,990"
13513658,삼성전자 Crystal UHD KU75UA8000FXKR,"스탠드_1,996,580|벽걸이_1,949,900|슬림핏 벽걸이_일시품절"
19566587,삼성전자 QLED QN55Q60A 리퍼비시,"스탠드_768,990|벽걸이_772,590|방문수령_709,750"
18963800,삼성전자 올레드 QN77S95C 해외구매,"관부가세포함_4,711,469|관부가세포함+캘리팩_5,036,630"
10806264,삼성전자 QLED KQ65QT60AFXKR,"스탠드_1,844,000|벽걸이_2,160,430"
13695077,삼성전자 Crystal UHD KU55UA9500FXKR,"스탠드_1,238,990|벽걸이_1,499,900|미니슬림 벽걸이_1,599,900"
12993686,삼성전자 QLED QN43Q60T 리퍼비시,"스탠드_519,000|벽걸이_548,150|방문수령_428,170"
10822590,삼성전자 Crystal UHD KU55UT7000FXKR,"스탠드_897,560|벽걸이_1,289,990|미니슬림 벽걸이_1,290,000"
13758779,삼성전자 Crystal UHD KU85UA8100FXKR,"스탠드_3,081,280|벽걸이_2,487,500|스탠드+사운드바, HW-A450_3,599,240|벽걸이+사운드바, HW-A450_3,599,250"
18343790,삼성전자 QLED KQ85QB83AFXKR 사운드바 패키지,"스탠드, HW-Q600B_3,595,200"
19787936,삼성전자 Crystal UHD 58TU690T 리퍼비시,"스탠드_595,750|벽걸이_608,020|방문수령_549,490"
19808024,삼성전자 네오QLED QN85QN90B 리퍼비시,"스탠드_4,444,490|벽걸이_4,550,070|방문수령_4,111,060"
16646981,삼성전자 Crystal UHD KU75UB8070FXKR,"스탠드_1,571,690|벽걸이_1,691,110"
10884747,삼성전자 Crystal UHD KU75UT8070FXKR,"스탠드_2,112,000|벽걸이_2,093,800"
2621739,삼성전자 UN40H4000AF,"스탠드_415,000|벽걸이_442,990"
16831712,삼성전자 LH65QMBEBGCXKR,"본체_1,187,080|스탠드_1,375,000|벽걸이_1,307,620|키오스크형_2,871,000"
10917048,삼성전자 Crystal UHD KU75UT8050FXKR,"스탠드_2,498,000|벽걸이_2,498,000"
13264277,삼성전자 더 세리프 KQ55LST01EFXKR,"스탠드_1,439,050|벽걸이_2,789,990"
16786832,삼성전자 LH75QBBEBGCXKR,"본체_1,423,930|벽걸이_1,582,090|이동식 스탠드_2,280,000|키오스크형_3,959,990"
13759112,삼성전자 Crystal UHD KU65UA8100FXKR,"스탠드_1,577,540|벽걸이_1,719,040"
16999505,삼성전자 호텔TV HG65AU800NFXKR,"스탠드_971,090|벽걸이_1,043,940"
19099694,삼성전자 네오QLED KQ65QNC95AFXKR,"스탠드_4,939,990|풀모션 슬림핏 벽걸이_5,050,720|미니슬림 벽걸이_5,032,300|슬림핏 벽걸이_5,050,500"
13688561,삼성전자 QLED KQ75QA70AFXKR,"스탠드_3,008,990|벽걸이_3,373,430|스탠드+사운드바, HW-A450_4,000,000|벽걸이+사운드바, HW-A450_4,000,000"
20543081,삼성전자 QLED KQ85QC60AFXKR + 사운드바 + TV 카메라,"스탠드_2,825,900|벽걸이_2,825,900"
16786898,삼성전자 LH65QBBEBGCXKR,"본체_995,130|벽걸이_1,122,570|이동식 스탠드_1,744,000|키오스크형_2,653,190"
16081409,삼성전자 LH85QMRBBGCXKR,"본체_3,403,900|벽걸이_3,670,940"
22065644,삼성전자 QLED QN85Q70A 리퍼비시,"스탠드_2,423,890|방문수령_2,380,000"
10887981,삼성전자 Crystal UHD KU43UT8070FXKR,"스탠드_680,690|벽걸이_799,000"
17618588,삼성전자 네오QLED KQ98QNB100FXKR,"스탠드_44,999,990|슬림핏 벽걸이_44,999,990"
16831328,삼성전자 LH98QMTBPGCXKR,"본체_9,999,000|벽걸이_12,174,810"
20624576,삼성전자 비즈니스TV LH85BECHLBFXKR,"스탠드_2,477,550|벽걸이_2,698,580"
19097039,삼성전자 네오QLED KQ75QNC900FXKR,"스탠드_11,442,610|풀모션 슬림핏 벽걸이_11,442,690|슬림핏 벽걸이_11,513,190"
20754239,삼성전자 네오QLED QN65QN90B 리퍼비시,"스탠드_1,870,800"
17677820,삼성전자 QLED KQ85QB75AFXKR,"스탠드_3,496,350|벽걸이_4,619,590|풀모션 슬림핏 벽걸이_3,900,000"
13665515,삼성전자 QLED QN75Q70T 리퍼비시,"스탠드_1,689,990|벽걸이_1,740,000|방문수령_1,407,670"
8152873,삼성전자 UN43NU6900 리퍼비시,"스탠드_609,000|벽걸이_448,610|방문수령_365,720"
20277476,삼성전자 올레드 QN65S90C 해외구매,"관부가세포함_2,753,300|관부가세별도_4,008,220|관부가세포함+캘리팩_2,806,490"
13499408,삼성전자 네오QLED KQ55QNA85AFXKR,"스탠드_2,500,000|벽걸이_2,499,190|미니슬림 벽걸이_2,499,200"
19918874,삼성전자 QLED KQ50QC67AFXKR,"스탠드_1,076,980|풀모션 슬림핏 벽걸이_1,499,990"
11678024,삼성전자 QLED KQ75QT67AFXKR,"스탠드_2,389,000|벽걸이_2,489,000|스탠드+사운드바, HW-T450_일시품절|벽걸이+사운드바, HW-T450_일시품절|스탠드+사운드바, HW-T550_일시품절|"
17555963,삼성전자 호텔TV HG50AU800NFXKR,"스탠드_618,520|벽걸이_705,690"
18181646,삼성전자 QLED QN65Q70A 리퍼비시,"방문수령_1,090,000"
11011026,삼성전자 더 세로 KQ43LST05AFXKR,"스탠드_1,365,950|이지무빙키트 포함_일시품절"
13759199,삼성전자 Crystal UHD KU55UA8100FXKR,"스탠드_1,095,670|벽걸이_1,333,300|스탠드+사운드바, HW-A450_1,904,360|벽걸이+사운드바, HW-A450_1,904,360"
13369643,삼성전자 네오QLED QN85QN90A 해외구매,"관부가세포함_4,006,000"
3060109,삼성전자 UN50JU6800F,스탠드_일시품절
16279271,삼성전자 QLED QN65Q70R 리퍼비시,"스탠드_1,349,000|방문수령_996,308"
17199233,삼성전자 네오QLED QN85QN95B 해외구매,"관부가세포함_5,259,350"
17633558,삼성전자 네오QLED QN75QN85A 리퍼비시,"스탠드_2,690,000|벽걸이_2,619,000|방문수령_2,590,000"
13722059,삼성전자 더 프레임 KQ65LSA03AFXKR,"스탠드_2,766,390|벽걸이_3,290,390|미니슬림 벽걸이_3,290,400|슬림핏 벽걸이_3,290,390"
13819163,삼성전자 Crystal UHD KU85UA8090FXKR,"스탠드_3,215,260|벽걸이_3,380,800"
13022489,삼성전자 LH32DCE2LGA,"본체_479,000|스탠드_499,000|벽걸이_539,000"
13496090,삼성전자 QLED KQ75QA60AFXKR,"스탠드_2,269,860|벽걸이_2,351,100|슬림핏 벽걸이_2,411,400|스탠드+사운드바, HW-A450_3,000,000|벽걸이+사운드바, HW-A450_3,800,000|"
13517840,삼성전자 QLED KQ75QA80AFXKR,"스탠드_3,135,870|벽걸이_3,135,880"
20165045,삼성전자 QLED QN85Q70C 해외구매,"관부가세포함_3,123,750|관부가세포함+캘리팩_3,398,310"
20696750,삼성전자 네오QLED QN65QN85B 리퍼비시,"스탠드_1,687,990|벽걸이_1,717,990|방문수령_1,290,000"
7557391,삼성전자 UN65RU7400FXKR,"스탠드_1,830,630"
19577228,삼성전자 Crystal UHD KU65UC7070FXKR,"스탠드_1,147,390|풀모션 슬림핏 벽걸이_1,294,410|미니슬림 벽걸이_1,290,830|슬림핏 벽걸이_1,338,810"
18980054,삼성전자 Crystal UHD UN86TU9010 리퍼비시,"스탠드_2,001,860|벽걸이_2,209,930|방문수령_1,848,870"
13534313,삼성전자 QLED QN85Q70A 해외구매,"관부가세포함_2,800,010|관부가세포함+캘리팩_2,711,690"
11703920,삼성전자 UN40N5200 리퍼비시,"스탠드_459,000|벽걸이_499,000|방문수령_377,100"
16832924,삼성전자 LH55QHBEBGCXKR,"본체_1,008,890|스탠드_1,134,000|벽걸이_1,174,000|키오스크형_2,090,000"
16647149,삼성전자 Crystal UHD KU55UB8070FXKR,"스탠드_920,690|벽걸이_1,007,110"
6096756,삼성전자 QLED QN55Q7FNAFXKR,"스탠드_5,000,000"
20542091,삼성전자 Crystal UHD KU58UC7000FXKR + 사운드바 + TV 카메라,"스탠드_1,162,700|벽걸이_1,162,700"
13723688,삼성전자 더 프레임 KQ32LST03BFXKR,"스탠드_740,000|벽걸이_840,000"
13499957,삼성전자 QLED KQ85QA80AFXKR,"스탠드_5,095,000|벽걸이_5,295,000"
16911053,삼성전자 LH43QMBEBGCXKR,"본체_632,780|스탠드_675,060|벽걸이_711,550|키오스크형_1,520,000"
19260440,삼성전자 Crystal UHD KU55UC8500FXKR,"스탠드_1,027,530|풀모션 슬림핏 벽걸이_1,110,000|미니슬림 벽걸이_1,187,490|슬림핏 벽걸이_1,242,850|스탠드+사운드바, HW-C400_1,110,000|"
15585716,삼성전자 Crystal UHD KU75UA8180FXKR,"스탠드_1,980,000|벽걸이_2,275,940"
15357956,삼성전자 QLED QN75Q900T 리퍼비시,"방문수령_3,175,900"
16831487,삼성전자 LH43QHBEBGCXKR,"본체_738,910|스탠드_일시품절|벽걸이_866,000|키오스크형_1,690,000"
6108295,삼성전자 UN43NU7150FXKR,"벽걸이_844,000"
19918928,삼성전자 QLED KQ43QC67AFXKR,"스탠드_748,950|풀모션 슬림핏 벽걸이_846,000"
13495892,삼성전자 QLED KQ85QA60AFXKR,"스탠드_2,958,980|벽걸이_2,958,980|벽걸이+사운드바, HW-A550_3,321,500|벽걸이+사운드바, HW-A450_5,100,000|스탠드+사운드바, HW-A450_5,100,000"
19766153,삼성전자 네오QLED QN75QN85B 리퍼비시,"스탠드_2,529,990|벽걸이_2,579,990|방문수령_2,308,170"
18898016,삼성전자 Crystal UHD 50BET-H 리퍼비시,"스탠드_552,960|벽걸이_588,120|방문수령_501,120"
16559063,삼성전자 네오QLED KQ75QNB95AFXKR,"스탠드_5,283,970|벽걸이_8,320,000"
14803349,삼성전자 LH75QETEPGCXKR,"본체_1,144,010|벽걸이_1,298,600|이동식 스탠드_1,898,000"
10885854,삼성전자 QLED KQ75QT80AFXKR,"스탠드_4,257,890|벽걸이_4,257,890|스탠드+사운드바, HW-Q60T_4,257,890|벽걸이+사운드바, HW-Q60T_4,257,890"
19540679,삼성전자 네오QLED 75QN85 리퍼비시,"스탠드_2,669,990|벽걸이_2,759,990|방문수령_2,386,250"
13498892,삼성전자 네오QLED KQ85QNA85AFXKR,"스탠드_6,268,990|벽걸이_5,848,850|슬림핏 벽걸이_8,610,000"
13036724,삼성전자 Crystal UHD UN85TU8000 리퍼비시,"스탠드_1,958,870|벽걸이_2,002,870|방문수령_1,706,840"
20543000,삼성전자 QLED KQ75QC60AFXKR + 사운드바 + TV 카메라,"스탠드_2,148,300|벽걸이_2,148,300"
7536397,삼성전자 QLED QN49Q60RAFXKR,"스탠드_1,996,880|벽걸이_1,996,880"
4042197,삼성전자 UN60KS8000FXKR,"스탠드_3,174,000"
2505606,삼성전자 UN40H5030AF,스탠드_일시품절
16811330,삼성전자 LH43QBBEBGCXKR,"본체_556,220|스탠드_612,950|벽걸이_611,990|키오스크형_1,380,000"
13514057,삼성전자 Crystal UHD KU55UA8000FXKR,"스탠드_1,167,220|벽걸이_1,299,190|미니슬림 벽걸이_1,489,990"
4622526,삼성전자 UN43K5100BFXKR,"스탠드_759,000"
14803250,삼성전자 LH65QETEPGCXKR,"본체_803,000"
3091638,삼성전자 UN43J5300AFXKR,"스탠드_618,800"
6436390,삼성전자 UN65NU7050FXKR,"스탠드_3,000,000|벽걸이_1,500,000"
16558538,삼성전자 네오QLED KQ55QNB95AFXKR,"스탠드_2,290,000|벽걸이_2,383,000|슬림핏 벽걸이_2,551,688"
20485487,삼성전자 QLED QN82Q60T 리퍼비시 (6개월 보증),"스탠드_2,320,000|벽걸이_2,320,000|방문수령_1,757,500"
13517876,삼성전자 QLED KQ65QA80AFXKR,"스탠드_2,179,970|벽걸이_2,199,970|미니슬림 벽걸이_2,259,990"
13004222,삼성전자 Crystal UHD UN55TU8000 리퍼비시,"스탠드_607,040|벽걸이_625,650|방문수령_568,470"
2996086,삼성전자 UN65JS9000FXKR,"스탠드_5,800,000"
4987558,삼성전자 UN55MU8000FXKR,"스탠드_979,926|벽걸이_1,240,000|스탠드+사운드바, HW-MS550_1,829,780|벽걸이+사운드바, HW-MS550_1,829,780"
20724014,삼성전자 QLED QN65Q80B 리퍼비시,"스탠드_1,428,700|벽걸이_1,483,300|방문수령_1,424,770"
12605261,삼성전자 Crystal UHD UN50TU8000 리퍼비시,"스탠드_476,000|벽걸이_578,540|방문수령_475,970"
15268928,삼성전자 더 세리프 KQ65LST01EFXKR,"스탠드_2,903,300"
2018949,삼성전자 UN40F5030AF,"스탠드_540,000"
14667446,삼성전자 Crystal UHD UN82TU700D 리퍼비시,"스탠드_1,957,000|벽걸이_2,080,500|방문수령_1,610,990"
13819688,삼성전자 Crystal UHD KU65UA8090FXKR,"스탠드_1,946,970|벽걸이_2,050,000"
7206871,삼성전자 QLED QN55Q7FNAFVKR,"스탠드_1,543,370|밀착 벽걸이_1,911,000"
5219974,삼성전자 UN43M5200AFXKR,"스탠드_841,800|벽걸이_855,600"
20205653,삼성전자 QLED QN75Q80B 리퍼비시,"스탠드_1,946,490|벽걸이_1,828,190|방문수령_1,858,090"
6070800,삼성전자 QLED QN55Q6FNAFXKR,"스탠드_1,073,290"
4987531,삼성전자 UN65MU8000FXKR,"스탠드_4,098,600|벽걸이_4,112,400"
16837298,삼성전자 LH65QHBEBGCXKR,"본체_1,326,150|벽걸이_1,521,000|키오스크형_2,860,000"
20314238,삼성전자 QLED QN85Q60C 해외구매,"관부가세포함_2,514,520|관부가세포함+캘리팩_3,201,590"
19662707,삼성전자 QLED KQ50QC68AFXKR,"스탠드_1,073,610|풀모션 슬림핏 벽걸이_1,175,670|미니슬림 벽걸이_1,164,800|슬림핏 벽걸이_1,164,800"
13499300,삼성전자 네오QLED KQ65QNA85AFXKR,"스탠드_2,375,000|벽걸이_2,375,000|미니슬림 벽걸이_3,199,770|스탠드+사운드바, HW-Q600A_일시품절"
4602405,삼성전자 UN49K5110BFXKR,"스탠드_841,800|벽걸이_924,600"
6706270,삼성전자 HG43NJ570MFXKR,"스탠드_529,000|벽걸이_580,000"
19098572,삼성전자 네오QLED KQ75QNC850FXKR,"스탠드_7,722,990|풀모션 슬림핏 벽걸이_8,325,510|슬림핏 벽걸이_8,330,750"
5242117,삼성전자 UN49M5200AFXKR,"스탠드_966,000|벽걸이_979,800"
10979475,삼성전자 QLED KQ65QT80AFXKR,"스탠드_2,700,000||스탠드+사운드바, HW-Q60T_일시품절|벽걸이+사운드바, HW-Q60T_일시품절"
13518230,삼성전자 QLED KQ55QA80AFXKR,"스탠드_1,599,000|벽걸이_1,963,500|미니슬림 벽걸이_1,699,000"
13694702,삼성전자 Crystal UHD KU75UA9500FXKR,"스탠드_2,149,880|벽걸이_2,230,000"
20471414,삼성전자 네오QLED QN75QN90B 리퍼비시,"스탠드_2,889,990|벽걸이_2,939,990|방문수령_2,629,510"
13694969,삼성전자 Crystal UHD KU65UA9500FXKR,"스탠드_1,989,900|벽걸이_1,989,890|미니슬림 벽걸이_2,299,900"
10887534,삼성전자 Crystal UHD KU55UT8070FXKR,"스탠드_781,220|벽걸이_1,199,900|미니슬림 벽걸이_2,112,000"
16225307,삼성전자 QLED QN75Q90T 리퍼비시,"스탠드_1,900,000|벽걸이_1,950,000|방문수령_1,849,380"
16175273,삼성전자 네오QLED QN75QN800A 리퍼비시,"스탠드_3,340,000|벽걸이_3,390,000|방문수령_3,190,000"
17838875,삼성전자 LH55VMBEBGBXKR,"본체_2,795,360|벽걸이_3,914,990"
16761752,삼성전자 QLED QN70Q60T 리퍼비시,"스탠드_1,430,000|벽걸이_1,450,000|방문수령_1,056,290"
16081013,삼성전자 LH43QBRBBGCXKR,"본체_572,450|스탠드_571,480|벽걸이_607,880"
16090997,삼성전자 QLED QN75Q80T 리퍼비시,"스탠드_1,982,400|벽걸이_1,948,350|방문수령_1,749,990"
19577270,삼성전자 Crystal UHD KU85UC7070FXKR,"스탠드_2,504,770|풀모션 슬림핏 벽걸이_2,589,770"
13722200,삼성전자 더 프레임 KQ55LSA03AFXKR,"스탠드_1,869,900|벽걸이_2,354,900"
4987981,삼성전자 UN49MU7000FXKR,"스탠드_918,100|벽걸이_918,100|스탠드+사운드바, HW-J250_918,100|벽걸이+사운드바, HW-J250_918,100"
18088853,삼성전자 Crystal UHD UN85AU7980FXZA 리퍼비시,"스탠드_1,892,940|벽걸이_2,015,730|방문수령_1,749,810"
17249111,삼성전자 QLED QN65Q90T 리퍼비시,"스탠드_1,279,000|벽걸이_1,329,000|방문수령_1,229,000"
6512426,삼성전자 UN49N5000AFXKR,"스탠드_611,550|벽걸이_611,550"
3275967,삼성전자 UN60JS7200F,"스탠드_1,349,000|벽걸이_1,349,000"
11547314,삼성전자 LH50BETHLGFXKR,"본체_529,000|스탠드_529,000|벽걸이_584,000"
11079108,삼성전자 Crystal UHD KU65UT8090FXKR,"스탠드_1,456,990|벽걸이_1,550,000"
20580668,삼성전자 QLED QN85Q80B 리퍼비시,"스탠드_3,039,990|벽걸이_3,089,990|방문수령_2,745,150"
17895461,삼성전자 QM55R 리퍼비시,"벽걸이_807,350"
16513682,삼성전자 네오QLED KQ55QNB85AFXKR,"스탠드_1,850,000|벽걸이_1,930,000"
19012853,삼성전자 더 프레임 QN55LS03A 리퍼비시,"스탠드_1,069,500|벽걸이_1,282,500|방문수령_1,104,000"
16960283,삼성전자 QLED QN70Q60B 해외구매,"관부가세포함_1,847,000|관부가세별도_일시품절"
15829391,삼성전자 Crystal UHD KU85UA8180FXKR,"스탠드_2,486,910|벽걸이_2,590,000"
20542283,삼성전자 Crystal UHD KU65UC7000FXKR + 사운드바 + TV 카메라,"스탠드_1,293,600|벽걸이_1,356,510"
18374684,삼성전자 LH55VMBRBGBXKR,"본체_3,528,820|벽걸이_4,395,370"
13496432,삼성전자 QLED KQ43QA60AFXKR,"스탠드_869,220|벽걸이_882,600|미니슬림 벽걸이_924,400"
17634056,삼성전자 네오QLED QN55QN90A 리퍼비시,"스탠드_1,759,000|벽걸이_1,809,000|방문수령_1,620,240"
13496357,삼성전자 QLED KQ50QA60AFXKR,"스탠드_893,060|벽걸이_1,164,300|미니슬림 벽걸이_1,275,900"
10917768,삼성전자 Crystal UHD KU65UT8050FXKR,"스탠드_1,500,000|벽걸이_1,499,990"
10798713,삼성전자 QLED KQ75QT70AFXKR,"스탠드_2,799,000|벽걸이_4,536,280"
11547251,삼성전자 LH55BETHLGFXKR,"본체_629,000|스탠드_610,130|벽걸이_684,000"
10804110,삼성전자 Crystal UHD KU70UT7000FXKR,"스탠드_1,424,900|벽걸이_1,424,900"
6436394,삼성전자 UN55NU7050FXKR,"스탠드_1,324,000|벽걸이_1,324,000"
4986805,삼성전자 QLED QN65Q7FAMFXKR,"스탠드_2,023,000|벽걸이_1,943,700"
19262282,삼성전자 Crystal UHD KU43UC8070FXKR,"스탠드_1,182,900|풀모션 슬림핏 벽걸이_1,399,990|미니슬림 벽걸이_1,547,000|슬림핏 벽걸이_1,547,000"
10799280,삼성전자 QLED KQ65QT70AFXKR,"스탠드_2,138,860|벽걸이_1,938,950|미니슬림 벽걸이_2,724,800|벽걸이+사운드바, HW-T550_2,200,000"
6473865,삼성전자 QLED QN65Q6FNKFXKR,스탠드_일시품절
13485947,삼성전자 QLED QN55Q60TAFXZA 리퍼비시,"스탠드_809,000|벽걸이_837,000|방문수령_659,000"
17839070,삼성전자 LH46VMBUBGBXKR,"본체_1,427,950|벽걸이_2,106,090"
13498133,삼성전자 네오QLED KQ65QNA90AFXKR,"스탠드_3,600,000|벽걸이_4,000,000|미니슬림 벽걸이_4,720,500|슬림핏 벽걸이_4,720,500"
7715050,삼성전자 UN75RU7190FXKR,"스탠드_2,550,000|벽걸이_2,600,000"
20542433,삼성전자 Crystal UHD KU75UC7000FXKR + 사운드바 + TV 카메라,"스탠드_1,694,000|벽걸이_1,694,000"
16839524,삼성전자 LH75QMBEBGCXKR,"본체_1,928,910|벽걸이_2,107,690|키오스크형_3,990,000"
16648478,삼성전자 Crystal UHD KU75UB8500FXKR,"스탠드_2,303,390|벽걸이_2,395,490"
11547434,삼성전자 LH65BETHLGFXKR,"본체_849,000|스탠드_849,000|벽걸이_904,000"
11283639,삼성전자 QLED KQ85QT65AFXKR,"스탠드_4,696,600|벽걸이_4,730,990"
3832037,삼성전자 UN65KS9500FXKR,"스탠드_2,051,500|벽걸이_2,135,000"
20307389,삼성전자 LH015IERJLSKR,"본체_54,897,490"
13495403,삼성전자 네오QLED KQ65QNA800FXKR,"스탠드_3,515,950|벽걸이_3,850,000|미니슬림 벽걸이_5,870,990|슬림핏 벽걸이_5,870,990"
19299926,삼성전자 Crystal UHD KU55UC8070FXKR,"스탠드_1,599,990|풀모션 슬림핏 벽걸이_1,699,890|미니슬림 벽걸이_1,820,000|슬림핏 벽걸이_1,820,000"
16959944,삼성전자 QLED QN85Q60B 해외구매,"관부가세포함_2,889,990"
6958876,삼성전자 UN65NU7010FXKR,스탠드_일시품절
10876737,삼성전자 LH55VHRRBGBXKR,"본체_3,875,620|벽걸이_4,547,940"
16557665,삼성전자 네오QLED KQ55QNB90AFXKR,"스탠드_2,589,990|벽걸이_2,800,000|슬림핏 벽걸이_일시품절"
7637785,삼성전자 UN65RU7190FXKR,스탠드_일시품절
6104254,삼성전자 UN55NU7100FXKR,"스탠드_960,329"
19136198,삼성전자 QLED QN85Q60B 리퍼비시,"스탠드_2,469,990|벽걸이_2,350,000|방문수령_2,060,390"
6104080,삼성전자 UN65NU7150FXKR,"스탠드_1,921,050"
5118713,삼성전자 UN65MU6500FXKR,"스탠드_2,704,800"
16831595,삼성전자 LH50QHBEBGCXKR,"본체_925,980|스탠드_997,990|벽걸이_1,061,000|키오스크형_1,850,000"
13533491,삼성전자 QLED QN85Q80A 해외구매,"관부가세포함_3,802,000"
16502699,삼성전자 네오QLED KQ75QNB900FXKR,"스탠드_11,489,990|벽걸이_일시품절"
13324664,삼성전자 QLED QN55Q70T 리퍼비시,"스탠드_797,050|벽걸이_918,990|방문수령_751,690"
12004724,삼성전자 QLED QN75Q60R 리퍼비시,"스탠드_1,598,990|방문수령_1,519,040"
12464168,삼성전자 QN55Q87RAFXKR,"스탠드_1,499,000|벽걸이_1,499,000"
12457376,삼성전자 LH55QMREBGCXKR,"본체_999,000|스탠드_1,183,000|키오스크형_2,080,000"
16896041,삼성전자 네오QLED QN65QN90B 해외구매,"관부가세포함_2,644,680"
16701449,삼성전자 네오QLED QN85QN90A 리퍼비시,"스탠드_4,179,990|벽걸이_4,229,990|방문수령_3,588,950"
13498349,삼성전자 네오QLED KQ55QNA90AFXKR,"스탠드_2,453,370|벽걸이_2,689,890|미니슬림 벽걸이_2,689,890"
5524147,삼성전자 UN55MU6190FXKR,"스탠드_1,872,720|벽걸이_1,872,720"
4000313,삼성전자 UN65KS8000FXKR,"스탠드_3,988,200"
19577501,삼성전자 Crystal UHD KU70UC7070FXKR,"스탠드_1,353,620|풀모션 슬림핏 벽걸이_1,397,060"
13819751,삼성전자 Crystal UHD KU60UA8090FXKR,"스탠드_1,343,990|벽걸이_1,417,000|미니슬림 벽걸이_일시품절"
12624236,삼성전자 Crystal UHD UN43TU8000 리퍼비시,"스탠드_444,990|벽걸이_468,990|방문수령_397,030"
10806735,삼성전자 Crystal UHD KU50UT8000FXKR,"스탠드_4,995,000|벽걸이_4,995,000"
18474197,삼성전자 더 프레임 QN65LS03A 리퍼비시,"스탠드_1,710,000|벽걸이_1,757,500|방문수령_1,799,990"
16515206,삼성전자 QLED KQ50QB65AFXKR,"스탠드_1,090,000|벽걸이_1,199,970|미니슬림 벽걸이_1,399,000|풀모션 슬림핏 벽걸이_1,190,000"
11001357,삼성전자 QLED KQ75QT90AFXKR,"스탠드_4,540,900"
20161004,삼성전자 QLED QN75Q60C 해외구매,"관부가세포함_1,839,990|관부가세포함+캘리팩_2,543,430"
19349702,삼성전자 네오QLED QN85QN800B 리퍼비시,"스탠드_5,205,200|벽걸이_5,250,700|방문수령_5,243,990"
5132842,삼성전자 UN50MU6350FXKR,"스탠드_939,000|벽걸이_939,000"
4091101,삼성전자 UN50KU6300FXKR,"스탠드_1,609,840"
17486975,삼성전자 QLED QN60Q60T 리퍼비시,"스탠드_1,028,000|벽걸이_1,078,000|방문수령_759,050"
14667869,삼성전자 Crystal UHD UN70TU700D 리퍼비시,"스탠드_920,550|벽걸이_958,550|방문수령_839,000"
3091536,삼성전자 UN55JS8500F,"스탠드_3,500,000"
19722950,삼성전자 Crystal UHD 55AU7175 리퍼비시,"스탠드_697,990|벽걸이_727,990|방문수령_606,450"
14203895,삼성전자 QLED QN65Q80T 리퍼비시,"스탠드_1,167,540|벽걸이_1,269,000|방문수령_1,090,160"
13498034,삼성전자 네오QLED KQ75QNA90AFXKR,"스탠드_5,350,000|벽걸이_6,000,000|슬림핏 벽걸이_6,600,000"
9211596,삼성전자 QLED QN75Q85RAFXKR,"스탠드_5,811,310|벽걸이_6,063,160"
8963258,삼성전자 QLED QN65Q85RAFXKR,"스탠드_2,274,700|벽걸이_2,274,750"
19992338,삼성전자 더 프레임 KQ65LSB03AFXKR + 챔퍼 샌드골드 베젤 + 플랫 화이트 베젤 + 더 세리프 KQ55LSB01AFXKR,"스탠드_3,590,000"
14670884,삼성전자 네오QLED KQ75QNA83AFXKR,"스탠드_2,935,370|벽걸이_4,200,000|슬림핏 벽걸이_일시품절"
16078430,삼성전자 QLED QN85Q80A 리퍼비시,"스탠드_일시품절|벽걸이_일시품절|방문수령_2,482,640"
10853589,삼성전자 QLED KQ55QT80AFXKR,"스탠드_2,081,630|벽걸이_2,200,000"
16807916,삼성전자 네오QLED QN85QN900B 해외구매,"관부가세포함_7,574,940"
10889637,삼성전자 Crystal UHD KU50UT8070FXKR,"스탠드_777,520|벽걸이_1,956,000"
19571762,삼성전자 Crystal UHD 43TU6900 리퍼비시,"방문수령_388,550"
19264610,삼성전자 Crystal UHD KU55UC7030FXKR,"스탠드_888,990|풀모션 슬림핏 벽걸이_1,005,430|미니슬림 벽걸이_991,900|슬림핏 벽걸이_1,084,910"
18957926,삼성전자 QLED QN43Q60B 리퍼비시,"스탠드_657,000|벽걸이_677,000|방문수령_538,640"
19662452,삼성전자 QLED KQ43QC68AFXKR,"스탠드_1,052,940|풀모션 슬림핏 벽걸이_1,001,000|미니슬림 벽걸이_1,183,000|슬림핏 벽걸이_1,183,000"
18541328,삼성전자 LH85OHNSLGBKR,"본체_30,894,310|스탠드_34,230,000|벽걸이_34,230,000"
11321157,삼성전자 LH43QMREBGCXKR,"본체_668,940|키오스크형_1,859,000"
10888368,삼성전자 Crystal UHD KU55UT8500FXKR,"스탠드_1,326,528|벽걸이_1,326,528"
19668464,삼성전자 네오QLED 65QN90 리퍼비시,"스탠드_2,160,000|벽걸이_1,979,000|방문수령_1,654,900"
18989144,삼성전자 올레드 QN65S95C 해외구매,"관부가세포함_3,671,550|관부가세포함+캘리팩_3,662,310"
13541369,삼성전자 QLED QN85Q70T 리퍼비시,"스탠드_3,080,000|벽걸이_3,210,000|방문수령_2,549,990"
11572664,삼성전자 LH75BETHLGFXKR,"스탠드_1,199,000|벽걸이_1,204,000"
7657498,삼성전자 UN65NU6900 리퍼비시,"스탠드_917,990|벽걸이_953,990|방문수령_659,960"
7481872,삼성전자 UN40NU7100 리퍼비시,"스탠드_539,000|벽걸이_579,000|방문수령_431,828"
4988525,삼성전자 UN55MU7500FXKR,"스탠드_1,246,850|벽걸이_1,584,350|스탠드+사운드바, HW-MS550_1,584,350|벽걸이+사운드바, HW-MS550_1,584,350"
20274347,삼성전자 올레드 QN55S90C 해외구매,"관부가세포함_2,230,080|관부가세포함+캘리팩_2,272,030"
19012916,삼성전자 더 프레임 QN50LS03A 리퍼비시,"스탠드_1,235,000|벽걸이_1,350,000"
16081289,삼성전자 LH43QMRBBGCXKR,"본체_688,070|스탠드_710,990|벽걸이_716,450"
13494473,삼성전자 네오QLED KQ85QNA900FXKR,"스탠드_9,900,000|벽걸이_25,000,000"
19136240,삼성전자 QLED QN70Q60B 리퍼비시,"스탠드_1,350,000|벽걸이_1,400,000|방문수령_1,254,000"
16889567,삼성전자 QLED QN75Q70A 리퍼비시,"방문수령_1,520,000"
16081136,삼성전자 LH85QBRBBGCXKR,"본체_2,724,810|벽걸이_3,093,910|이동식 스탠드_3,468,990"
15178382,삼성전자 네오QLED KQ85QNA88AFXKR,"스탠드_4,650,000|벽걸이_4,850,000"
12704648,삼성전자 UN32N5300 해외구매,"관부가세포함_431,010|관부가세별도_408,090"
18428099,삼성전자 LH55VMBUBGBXKR,"본체_2,165,630|벽걸이_2,728,190"
16330415,삼성전자 QLED QN65Q800T 리퍼비시,"스탠드_2,920,000|벽걸이_2,970,000|방문수령_2,706,000"
10804977,삼성전자 QLED KQ75QT60AFXKR,"스탠드_2,820,000|벽걸이_2,900,000"
19136144,삼성전자 QLED QN75Q60B 리퍼비시,"스탠드_2,306,390|벽걸이_1,750,000|방문수령_1,519,990"
11685761,삼성전자 QLED KQ55QT67AFXKR,"스탠드_1,376,390|벽걸이_1,999,990|스탠드+사운드바, HW-T450_일시품절|벽걸이+사운드바, HW-T450_일시품절"
16837241,삼성전자 LH75QHBEBGCXKR,"본체_2,129,610|벽걸이_2,368,000|키오스크형_4,454,990"
16762448,삼성전자 Crystal UHD UN43TU8200 리퍼비시,"스탠드_444,980|벽걸이_408,990|방문수령_382,050"
13495310,삼성전자 네오QLED KQ75QNA800FXKR,"스탠드_7,599,000|벽걸이_7,155,420"
13107152,삼성전자 Crystal UHD UN75TU8000 리퍼비시,"스탠드_1,288,490|벽걸이_1,338,990|방문수령_1,091,690"
16648598,삼성전자 Crystal UHD KU55UB8500FXKR,"스탠드_1,288,520|벽걸이_1,403,070"
19101698,삼성전자 네오QLED KQ75QNC85AFXKR + 더 프리스타일 SP-LSBP3LAXKR,"스탠드_5,840,000|풀모션 슬림핏 벽걸이_5,940,000"
10737513,삼성전자 LH40DCEPLGA,"본체_580,000"
19262963,삼성전자 Crystal UHD KU75UC7070FXKR,"스탠드_1,573,890|풀모션 슬림핏 벽걸이_1,573,890|슬림핏 벽걸이_2,639,000"
16081088,삼성전자 LH75QBRBBGCXKR,"본체_1,591,420|벽걸이_1,509,690|이동식 스탠드_2,283,000"
15120014,삼성전자 네오QLED KQ65QNA88AFXKR,"스탠드_2,531,610|벽걸이_일시품절"
7537429,삼성전자 QLED QN75Q60RAFXKR,"스탠드_3,122,450|벽걸이_5,663,420"
5865823,삼성전자 QLED QN65Q7FAMV,"스탠드_1,943,700|벽걸이_2,023,000"
4602400,삼성전자 UN43K5300BFXKR,"스탠드_745,200|벽걸이_828,000"
17117735,삼성전자 LH55OMNESGBXKR,"본체_2,571,950"
16747634,삼성전자 네오QLED KQ55QNB83AFXKR,"스탠드_2,078,770|벽걸이_2,214,990|미니슬림 벽걸이_2,329,990"
20542892,삼성전자 QLED KQ55QC60AFXKR + TV 카메라,"스탠드+사운드바, HW-B650_1,232,000|벽걸이+사운드바, HW-B650_1,232,000"
15585872,삼성전자 Crystal UHD KU55UA8180FXKR,"스탠드_1,007,910|벽걸이_1,086,070|미니슬림 벽걸이_일시품절"
18895304,삼성전자 더 프레임 KQ65LSB03AFXKR + 더 프리스타일 SP-LSBP3LAXKR,"스탠드_2,790,000"
18989207,삼성전자 올레드 QN55S95C 해외구매,"관부가세포함_2,847,230|관부가세포함+캘리팩_2,869,700"
16648550,삼성전자 Crystal UHD KU65UB8500FXKR,"스탠드_1,636,450|벽걸이_1,728,450"
12568310,삼성전자 Crystal UHD KU70UT7080FXKR,"스탠드_2,000,000|벽걸이_일시품절"
7272817,삼성전자 UN50NU6900 리퍼비시,"스탠드_507,400|벽걸이_607,990|방문수령_434,310"
5552433,삼성전자 UN32M4010AFXKR,"스탠드_353,000|벽걸이_390,000"
4986757,삼성전자 QLED QN65Q8CAMFXKR,"스탠드_6,665,400|벽걸이_6,840,000"
10998063,삼성전자 QLED KQ75QT95AFXKR,"스탠드_5,999,990|벽걸이_5,232,400"
7554436,삼성전자 UN75RU7100FXKR,"스탠드_2,129,000|벽걸이_2,140,000"
20161844,삼성전자 네오QLED QN75QN90 리퍼비시,"스탠드_일시품절|벽걸이_2,760,000|방문수령_2,690,000"
15244550,삼성전자 Crystal UHD UN70TU6980 리퍼비시,"스탠드_1,080,000|벽걸이_998,770|방문수령_848,990"
6112776,삼성전자 UN75NU7100FXKR,"스탠드_1,999,900|벽걸이_1,979,890"
19992389,삼성전자 더 프레임 KQ75LSB03AFXKR + 챔퍼 샌드골드 베젤 + 플랫 화이트 베젤 + 더 세리프 KQ55LSB01AFXKR,"스탠드_4,130,000"
10764933,삼성전자 QLED KQ55QT70AFXKR,"스탠드_1,479,800|벽걸이_1,700,000"
19626581,삼성전자 Crystal UHD 55TU690T 리퍼비시,"스탠드_559,650|벽걸이_587,770|방문수령_520,190"
15799646,삼성전자 Crystal UHD KU65UA8180FXKR,"스탠드_1,568,200|벽걸이_1,981,000|미니슬림 벽걸이_일시품절"
11211249,삼성전자 Crystal UHD KU75UT8100FXKR,"스탠드_2,495,000|벽걸이_2,620,000"
19261676,삼성전자 Crystal UHD KU85UC8070FXKR,"스탠드_2,471,810|풀모션 슬림핏 벽걸이_2,617,340|슬림핏 벽걸이_2,734,370"
14671313,삼성전자 네오QLED KQ55QNA83AFXKR,"스탠드_2,149,990|벽걸이_2,689,990|미니슬림 벽걸이_2,689,990"
13497851,삼성전자 네오QLED KQ85QNA90AFXKR,"스탠드_6,000,000|벽걸이_6,200,000"
20161244,삼성전자 QLED QN55Q60C 해외구매,"관부가세포함_1,344,790|관부가세포함+캘리팩_1,425,810|관부가세별도_1,421,190|캘리팩, 관부가세별도_1,506,690"
18474173,삼성전자 더 프레임 QN75LS03A 리퍼비시,"스탠드_3,249,990|벽걸이_3,300,000|방문수령_3,087,500"
10790622,삼성전자 Crystal UHD UN43TU7000 해외구매,"관부가세포함_523,380|관부가세별도_680,003"
7564987,삼성전자 UN75RU7150FXKR,"스탠드_2,582,990|벽걸이_2,633,000"
5999365,삼성전자 QLED QN65Q7FNAFXKR,"스탠드_2,399,900|벽걸이_2,500,000"
18131543,삼성전자 네오QLED QN98QN90A 해외구매,"관부가세포함_15,448,400|관부가세포함+캘리팩_15,604,500|관부가세별도_28,685,360"
14092736,삼성전자 QLED KQ50QA80AFXKR,"스탠드_1,846,900|벽걸이_1,907,700|미니슬림 벽걸이_1,907,700"
8026423,삼성전자 UN75RU7470FXKR,"스탠드_2,559,160"
5042945,삼성전자 UN55MU9500FXKR,"스탠드_1,691,700|벽걸이_1,806,960|스탠드+사운드바, HW-M4501_1,806,960|벽걸이+사운드바, HW-M4501_1,806,960"
18895403,삼성전자 더 세리프 KQ55LSB01BFXKR + 더 프리스타일 SP-LSBP3LAXKR,"스탠드_1,890,000"
16910840,삼성전자 LH025IERKLS,"본체_60,545,000"
15050732,삼성전자 Crystal UHD KU86UT9000FXKR,"스탠드_3,199,990|벽걸이_3,458,430"
14818196,삼성전자 더 프레임 KQ75LSA03AFXKR,"스탠드_3,488,540|벽걸이_4,999,400"
7044361,삼성전자 LH43DCJPLGA,"본체_469,000|스탠드_429,000|벽걸이_484,000"
5999591,삼성전자 QLED QN65Q6FNAFXKR,"스탠드_1,800,000|벽걸이_1,800,000"
19098527,삼성전자 네오QLED KQ65QNC850FXKR,"스탠드_5,293,710|풀모션 슬림핏 벽걸이_5,422,710|미니슬림 벽걸이_5,399,690|슬림핏 벽걸이_5,187,000"
17838827,삼성전자 LH55VHBEBGBXKR,"본체_3,528,890|벽걸이_4,399,160"
16648322,삼성전자 Crystal UHD KU85UB8500FXKR,"스탠드_3,991,690|벽걸이_4,175,690"
14837540,삼성전자 HG75NT690UFXKR,"스탠드_1,440,000|벽걸이_1,857,890"
5840743,삼성전자 UN75MU6190VXKR,"스탠드_2,802,170"
3327950,삼성전자 UN32J4030AFXKR,"스탠드_1,057,240"
2995970,삼성전자 UN55JS9000F,"스탠드_4,300,000"
11301228,삼성전자 QLED QN49Q70R 리퍼비시,"스탠드_754,390|벽걸이_781,690|방문수령_708,890"
10903335,삼성전자 Crystal UHD KU82UT8000FXKR,"스탠드_2,823,350|벽걸이_2,683,310|스탠드+사운드바, HW-T450_3,071,040"
10896678,삼성전자 더 세리프 KQ55LST01AFXKR,"스탠드_2,610,590"
10810167,삼성전자 QLED KQ50QT60AFXKR,"스탠드_1,950,000"
21466247,삼성전자 Crystal UHD KU75UC8100FXKR + 슬림핏 카메라 VG-STCBU2K/KR,"스탠드+사운드바_1,751,770|벽걸이+사운드바_1,751,770"
19706177,삼성전자 Crystal UHD 55TU7095 리퍼비시,"스탠드_549,230|벽걸이_576,830|방문수령_484,830"
19577246,삼성전자 Crystal UHD KU70UC7030FXKR,"스탠드_1,336,990|풀모션 슬림핏 벽걸이_1,588,240|슬림핏 벽걸이_1,965,530"
12779351,삼성전자 QLED KQ75QT85AFXKR,"스탠드_3,087,490|벽걸이_3,087,490"
7556557,삼성전자 UN43RU7100FXKR,"미니슬림 벽걸이_663,110"
5125763,삼성전자 UN32M5500AFXKR,"스탠드_667,900"
15178052,삼성전자 네오QLED KQ75QNA88AFXKR,"스탠드_4,447,000|벽걸이_5,000,000"
14791772,삼성전자 HG43NT690UFXKR,"스탠드_549,000|벽걸이_741,050"
7626958,삼성전자 UN55NU6900 리퍼비시,"스탠드_680,000|벽걸이_635,550|방문수령_536,590"
10805484,삼성전자 Crystal UHD KU75UT8000FXKR,"스탠드_2,800,000|벽걸이_2,800,000"
20388056,삼성전자 QLED QN75Q80RAFXZA 리퍼비시,"스탠드_1,819,190|벽걸이_1,954,990"
20161160,삼성전자 QLED QN65Q60C 해외구매,"관부가세포함_1,594,170|관부가세포함+캘리팩_1,684,730"
19706987,삼성전자 Crystal UHD 55AU7105 리퍼비시,"스탠드_734,010|벽걸이_763,410|방문수령_679,000"
17117663,삼성전자 LH46OMBEBGBXKR,"본체_1,958,990"
16330340,삼성전자 QLED QN75Q800T 리퍼비시,"방문수령_2,744,400"
14838080,삼성전자 Crystal UHD UN55TU8300 리퍼비시,"스탠드_779,000|벽걸이_829,000|방문수령_704,660"
11695769,삼성전자 QLED KQ43QT67AFXKR,"스탠드_1,350,000|벽걸이_1,298,000|미니슬림 벽걸이_일시품절"
12649244,삼성전자 UN75NU6900 리퍼비시,"스탠드_1,392,300|벽걸이_1,071,980|방문수령_998,000"
19096493,삼성전자 네오QLED KQ85QNC85AFXKR + 더 프리스타일 SP-LSBP3LAXKR,"스탠드_7,040,000|풀모션 슬림핏 벽걸이_7,240,000"
18938582,삼성전자 LH55OHAESGBXKR,"본체_5,773,890"
13513937,삼성전자 Crystal UHD KU60UA8000FXKR,"스탠드_1,399,970|벽걸이_1,846,900|미니슬림 벽걸이_1,846,900"
11219601,삼성전자 Crystal UHD KU55UT8100FXKR,"스탠드_1,093,890|벽걸이_1,700,000"
11010762,삼성전자 더 세로 KQ43LST05BFXKR,"스탠드_1,871,200|이지무빙키트 포함_일시품절"
9605892,삼성전자 QLED QN55Q89RAFXKR,"스탠드_1,490,000|벽걸이_1,490,000"
19577333,삼성전자 Crystal UHD KU58UC7030FXKR,"스탠드_1,388,990|풀모션 슬림핏 벽걸이_1,449,990|미니슬림 벽걸이_1,365,000|슬림핏 벽걸이_1,365,000"
19136108,삼성전자 QLED QN65Q60B 리퍼비시,"벽걸이_1,190,000|방문수령_1,044,990"
13819373,삼성전자 Crystal UHD KU75UA8090FXKR,"스탠드_1,790,000|풀모션 슬림핏 벽걸이_1,890,000"
12724157,삼성전자 LH55QBREBGCXKR,"본체_839,990|키오스크형_2,348,500"
7549489,삼성전자 QLED QN55Q80RAFXKR,스탠드_일시품절|벽걸이_일시품절|미니슬림 벽걸이_일시품절
6551130,삼성전자 HG32NJ579NFXKR,"스탠드_418,950"
19262252,삼성전자 Crystal UHD KU50UC8070FXKR,"스탠드_1,499,990|풀모션 슬림핏 벽걸이_1,599,990|미니슬림 벽걸이_1,729,000|슬림핏 벽걸이_1,729,000"
17372999,삼성전자 네오QLED QN65QN90A 리퍼비시,"스탠드_1,829,990|벽걸이_1,929,990|방문수령_1,752,740"
16736627,삼성전자 더 프레임 KQ85LSA03AFXKR,"스탠드_4,723,870|벽걸이_8,000,000"
13723049,삼성전자 더 프레임 KQ43LSA03AFXKR,"스탠드_1,122,990|벽걸이_1,628,200|미니슬림 벽걸이_1,249,990"
11704127,삼성전자 QLED QN49Q60R 리퍼비시,"스탠드_659,750|벽걸이_687,050|방문수령_641,240"
11245734,삼성전자 LH65QBREBGCXKR,"본체_1,066,030|벽걸이_1,299,000"
7564978,삼성전자 UN65RU7150FXKR,"스탠드_1,364,900|벽걸이_2,314,400|미니슬림 벽걸이_1,365,000"
18576410,삼성전자 더 프레임 QN43LS03A 리퍼비시,"스탠드_1,090,000|벽걸이_1,010,000"
16895447,삼성전자 네오QLED QN75QN90B 해외구매,"관부가세포함_3,879,590"
14078744,삼성전자 Crystal UHD KU65UA7070FXKR,"스탠드_1,046,630|벽걸이_1,339,500"
11690015,삼성전자 QLED KQ50QT67AFXKR,"스탠드_1,754,400|벽걸이_1,754,400"
7540477,삼성전자 QLED QN65Q70RAFXKR,"스탠드_3,027,640"
16720361,삼성전자 QLED QN43Q60A 리퍼비시,"스탠드_1,500,000|벽걸이_656,450|방문수령_521,730"
14671091,삼성전자 네오QLED KQ65QNA83AFXKR,"스탠드_2,584,680|벽걸이_3,499,990|미니슬림 벽걸이_3,499,990"
14449697,삼성전자 더 세리프 KQ50LST01FFXKR,"스탠드_1,290,000"
5042950,삼성전자 UN65MU9500FXKR,"스탠드_2,802,980|벽걸이_2,956,400|스탠드+사운드바, HW-M4501_2,956,400"
19261802,삼성전자 Crystal UHD KU65UC8070FXKR,"스탠드_1,714,010|풀모션 슬림핏 벽걸이_1,878,070|미니슬림 벽걸이_1,911,000|슬림핏 벽걸이_2,010,910"
10720191,삼성전자 QLED QN85Q80T 해외구매,"관부가세포함_4,600,000"
10577943,삼성전자 UN65RU7300 리퍼비시,"스탠드_989,000|벽걸이_1,028,990|방문수령_918,990"
10578840,삼성전자 UN65RU7100 리퍼비시,"스탠드_825,540|벽걸이_934,990|방문수령_759,050"
21466142,삼성전자 Crystal UHD KU65UC8100FXKR + 슬림핏 카메라 VG-STCBU2K/KR,"스탠드+사운드바_1,383,800|벽걸이+사운드바_1,383,800"
20164322,삼성전자 QLED QN75Q70C 해외구매,"관부가세포함_2,329,610|관부가세포함+캘리팩_2,354,180"
20163095,삼성전자 네오QLED QN85QN95C 해외구매,"관부가세포함_6,524,170|관부가세포함+캘리팩_6,707,070"
16081331,삼성전자 LH50QMRBBGCXKR,"본체_798,060|스탠드_864,990|벽걸이_867,360"
16080977,삼성전자 LH50QBRBBGCXKR,"본체_683,450|스탠드_680,680|벽걸이_787,990"
13096847,삼성전자 LH43DCJ2LGA,"본체_499,000|스탠드_619,000|벽걸이_669,000"
9212883,삼성전자 QLED QN65Q75RAFXKR,"스탠드_3,906,040|벽걸이_3,906,040|"
20164733,삼성전자 QLED QN55Q70C 해외구매,"관부가세포함_1,416,860|관부가세포함+캘리팩_1,502,770"
16768976,삼성전자 LH55BETHLGFXGO 리퍼비시,"스탠드_679,680|벽걸이_708,480|방문수령_612,480"
11678402,삼성전자 QLED KQ85QT67AFXKR,"스탠드_3,889,900|벽걸이_4,076,800"
10734213,삼성전자 LH55DCEPLGA,"본체_898,660"
7535581,삼성전자 QLED QN65Q60RAFXKR,"스탠드_1,984,000|벽걸이_2,034,000"
16081058,삼성전자 LH65QBRBBGCXKR,"본체_1,081,000|벽걸이_1,063,790|이동식 스탠드_1,744,000"
17476040,삼성전자 QLED QN75Q60A 리퍼비시,"스탠드_1,390,000|벽걸이_1,440,000|방문수령_1,290,090"
15311993,삼성전자 QLED QN50Q80T 리퍼비시,"스탠드_923,000|벽걸이_943,000|방문수령_715,150"
14078924,삼성전자 Crystal UHD KU50UA7070FXKR,"스탠드_782,790|벽걸이_1,389,990|미니슬림 벽걸이_1,390,000"
11683121,삼성전자 QLED KQ65QT67AFXKR,"스탠드_1,911,000|벽걸이_1,989,990|스탠드+사운드바, HW-T450_일시품절|벽걸이+사운드바, HW-T450_일시품절"
7535512,삼성전자 QLED QN55Q60RAFXKR,"스탠드_1,623,690|벽걸이_1,178,200"
27480152,삼성전자 QLED QN55Q80B 리퍼비시,"스탠드_1,115,270|벽걸이_1,064,700|방문수령_849,990"
20164898,삼성전자 QLED QN65Q70C 해외구매,"관부가세포함_1,713,110|관부가세포함+캘리팩_1,701,560"
17796932,삼성전자 QLED QN70Q60A 해외구매,"리퍼/중고, 방문수령_1,108,990"
17117897,삼성전자 LH55OMNDSGBXKR,"본체_4,973,400"
15295211,삼성전자 QLED QN55Q90T 리퍼비시,"스탠드_1,024,000|벽걸이_1,049,000|방문수령_1,150,150"
2498061,삼성전자 UN40H5020AF,"벽걸이_389,480"
19831424,삼성전자 QLED QN55Q80TA 리퍼비시,"스탠드_810,020|벽걸이_846,430|방문수령_810,030"
13819853,삼성전자 Crystal UHD KU55UA8090FXKR,"스탠드_950,000"
11106771,삼성전자 QLED QN55Q60R 리퍼비시,"스탠드_699,490|벽걸이_739,490|방문수령_607,440"
10790985,삼성전자 Crystal UHD UN50TU7000 해외구매,"관부가세포함_916,890|관부가세별도_일시품절"
7564957,삼성전자 UN49RU7150FXKR,"스탠드_1,047,000"
19315145,삼성전자 QLED QN65Q70 리퍼비시,"스탠드_1,187,550|벽걸이_1,260,350|방문수령_1,017,850"
16740593,삼성전자 QLED QN55Q80A 리퍼비시,"스탠드_1,057,990|벽걸이_1,076,390|방문수령_904,450"
14792945,삼성전자 HG65NT690UFXKR,"스탠드_999,000|벽걸이_1,144,900"
12049562,삼성전자 Crystal UHD KU75UT7050FXKR,"스탠드_1,983,770|벽걸이_1,998,770"
6002488,삼성전자 UN65NU8000FXKR,"스탠드_3,695,100|벽걸이_3,695,100"
17633606,삼성전자 네오QLED QN75QN90A 리퍼비시,"스탠드_3,190,000|벽걸이_3,260,000|방문수령_2,936,400"
13398398,삼성전자 LH85QMREBGCXKR,"본체_3,598,990"
13012802,삼성전자 Crystal UHD KU75UT8180FXKR,"스탠드_2,085,690|벽걸이_2,085,700"
10641222,삼성전자 UN50RU7100 리퍼비시,"스탠드_619,000|벽걸이_649,000|방문수령_516,500"
14078645,삼성전자 Crystal UHD KU70UA7070FXKR,"스탠드_1,407,770|벽걸이_1,496,990"
13681817,삼성전자 LH98QMTEPGCXKR,"본체_11,544,000|벽걸이_12,133,030"
19992146,삼성전자 더 프레임 KQ85LSB03AFXKR + 챔퍼 샌드골드 베젤 + 플랫 화이트 베젤 + 더 세리프 KQ55LSB01AFXKR,"스탠드_6,090,000"
12596009,삼성전자 UN55RU7300 리퍼비시,"스탠드_619,000|벽걸이_806,550|방문수령_579,000"
11319453,삼성전자 LH75QBREBGCXKR,"본체_1,583,000|벽걸이_2,234,120"
10954560,삼성전자 QLED KQ65QT800AFXKR,스탠드_일시품절
10699692,삼성전자 QLED KQ75QT950SFXKR,"스탠드_15,000,000|벽걸이_15,000,000"
8218642,삼성전자 UN82RU8100FXKR,"스탠드_4,014,110|벽걸이_5,021,520"
3096714,삼성전자 UN60JU7000F,"미니슬림 벽걸이_3,257,620"
10559172,삼성전자 UN55RU7100 리퍼비시,"스탠드_632,450|벽걸이_659,750|방문수령_586,950"
19136270,삼성전자 QLED QN50Q60B 리퍼비시,"스탠드_859,000|벽걸이_889,000|방문수령_718,390"
19707986,삼성전자 Crystal UHD 43AU7105 리퍼비시,"스탠드_542,910|벽걸이_671,990|방문수령_493,990"
19136300,삼성전자 QLED QN55Q60B 리퍼비시,"스탠드_859,000|벽걸이_969,000|방문수령_768,550"
16081106,삼성전자 LH55QBRBBGCXKR,"본체_757,590|스탠드_789,880|벽걸이_826,280"
14262455,삼성전자 QLED QN50Q80A 해외구매,"관부가세포함_3,000,000"
13682141,삼성전자 LH50QBREBGCXKR,"본체_688,160|벽걸이_746,270|키오스크형_일시품절"
12741974,삼성전자 QLED KQ65QT85AFXKR,"스탠드_6,000,000|벽걸이_3,600,000"
10824552,삼성전자 Crystal UHD KU43UT7000FXKR,"스탠드_848,760"
10806399,삼성전자 Crystal UHD KU65UT8000FXKR,"스탠드_1,449,990|벽걸이_일시품절|사운드바 패키지, HW-T450_1,560,000"
16081397,삼성전자 LH55QMRBBGCXKR,"본체_1,000,190|스탠드_1,018,990|벽걸이_1,058,990"
13004516,삼성전자 UN32M4500 리퍼비시,"스탠드_일시품절|벽걸이_일시품절|방문수령_299,000"
10993236,삼성전자 QLED KQ65QT95AFXKR,"스탠드_3,008,500|벽걸이_3,650,000|미니슬림 벽걸이_3,159,500"
7527874,삼성전자 QLED QN75Q900R 해외구매,"관부가세포함_6,145,390"
20769071,삼성전자 네오QLED KQ85QNC88AFXKR 더 프리스타일 패키지,"스탠드_7,290,000"
19722053,삼성전자 Crystal UHD 43TU7095 리퍼비시,"스탠드_499,190|벽걸이_559,990|방문수령_379,000"
13514231,삼성전자 Crystal UHD KU43UA8000FXKR,"스탠드_859,000|벽걸이_1,019,000|미니슬림 벽걸이_885,700"
11903731,삼성전자 UN58RU7100 리퍼비시,"스탠드_599,690|벽걸이_626,990|방문수령_601,500"
11003619,삼성전자 QLED KQ65QT90AFXKR,"스탠드_3,699,990|벽걸이_3,776,990|미니슬림 벽걸이_3,549,000"
4076246,삼성전자 UN49KS8500FXKR,"스탠드_2,776,700"
20280689,삼성전자 네오QLED QN75QN95C 해외구매,"관부가세포함_5,092,100|관부가세포함+캘리팩_5,173,060"
13373297,삼성전자 네오QLED QN85QN85A 해외구매,관부가세포함_일시품절
10792095,삼성전자 Crystal UHD UN70TU7000 해외구매,"관부가세포함_1,665,250|관부가세별도_1,456,560"
5118859,삼성전자 UN49MU6500FXKR,"스탠드_1,407,600"
10719540,삼성전자 QLED QN49Q80T 해외구매,관부가세포함_일시품절
16257323,삼성전자 70RU7000 리퍼비시,"스탠드_1,346,800|벽걸이_1,419,600|방문수령_1,264,900"
13045520,삼성전자 Crystal UHD UN55TU8200 리퍼비시,"스탠드_658,000|벽걸이_664,050|방문수령_648,000"
10888635,삼성전자 Crystal UHD KU65UT8500FXKR,"스탠드_1,699,990|벽걸이_1,850,000"
10877418,삼성전자 LH75QMREBGCXKR,"본체_2,015,000"
21635666,삼성전자 QLED QN65Q60A 리퍼비시,"스탠드_일시품절|벽걸이_일시품절|방문수령_848,000"
16081379,삼성전자 LH75QMRBBGCXKR,"본체_1,935,460|벽걸이_2,078,990"
15226934,삼성전자 LH43QMRABGCXKR,"본체_650,470"
15065039,삼성전자 네오QLED KQ75QNA700FXKR,"스탠드_5,054,000|벽걸이_5,063,500"
13398311,삼성전자 LH85QBREBGCXKR,"본체_2,898,990"
13079612,삼성전자 QLED QN49Q80T 리퍼비시,"스탠드_일시품절|벽걸이_일시품절|방문수령_664,200"
5873682,삼성전자 QLED QN55Q7FAMV,"스탠드_2,231,600|벽걸이_2,231,600"
4602397,삼성전자 UN49K5300BFXKR,"스탠드_1,161,000"
20226341,삼성전자 Crystal UHD UN55TU7000 해외구매,"관부가세별도_871,570"
19667132,삼성전자 Crystal UHD UN86TU9000 리퍼비시,"스탠드_2,280,000|벽걸이_2,327,500|방문수령_1,976,400"
14669030,삼성전자 Crystal UHD UN85AU8000 해외구매,"관부가세포함_2,397,900"
13399163,삼성전자 LH50QHREBGCXKR,"본체_969,000|스탠드_927,290|벽걸이_961,870"
13289489,삼성전자 QLED QN75Q70R 리퍼비시,"스탠드_1,592,500|벽걸이_1,665,300|방문수령_1,567,390"
11825269,삼성전자 QLED QN55Q70R 리퍼비시,"스탠드_853,580|벽걸이_880,880|방문수령_887,990"
11348163,삼성전자 QLED KQ65QT88AFXKR,"스탠드_3,840,000|벽걸이_3,840,000"
6445737,삼성전자 UN49N5010AFXKR,"스탠드_716,290"
4987856,삼성전자 UN65MU8500FXKR,"스탠드_4,471,200"
16081349,삼성전자 LH65QMRBBGCXKR,"본체_1,221,990|벽걸이_1,314,990"
13494773,삼성전자 네오QLED KQ85QNA800FXKR,"스탠드_13,649,900|벽걸이_13,649,900|슬림핏 벽걸이_10,500,000"
5046702,삼성전자 UN55MU8500 해외구매,"관부가세포함_1,018,350"
18895460,삼성전자 더 세리프 KQ65LSB01AFXKR + 더 프리스타일 SP-LSBP3LAXKR,"스탠드_2,580,000"
14839241,삼성전자 UN65TU8300 리퍼비시,"스탠드_949,000|벽걸이_1,079,000|방문수령_921,044"
14670713,삼성전자 네오QLED KQ85QNA83AFXKR,"스탠드_6,268,990|벽걸이_6,268,990"
10810413,삼성전자 Crystal UHD KU55UT8000FXKR,"스탠드_1,164,710|벽걸이_일시품절"
7272859,삼성전자 UN50NU7100 리퍼비시,"스탠드_609,000|벽걸이_649,000|방문수령_507,092"
20756822,삼성전자 Crystal UHD KU55UC8100FXKR + 슬림핏 카메라 VG-STCBU2K/KR,"스탠드+사운드바_1,171,520|벽걸이+사운드바_1,171,520"
19908932,삼성전자 네오QLED QN75QN800 리퍼비시,"벽걸이_3,750,000|방문수령_3,715,210"
19721741,삼성전자 Crystal UHD 65TU7125 리퍼비시,"스탠드_998,390|벽걸이_1,139,990"
12611150,삼성전자 Crystal UHD KU70UT7070FXKR,"스탠드_2,088,780|벽걸이_2,398,990"
10712892,삼성전자 QLED KQ75QT800AFXKR,"스탠드_7,639,990"
4216363,삼성전자 UN65KU6500FXKR,"스탠드_3,718,000|벽걸이_3,718,000"
19136063,삼성전자 QLED QN60Q60B 리퍼비시,"스탠드_3,040,000|벽걸이_3,000,000|방문수령_2,935,500"
10994460,삼성전자 Crystal UHD KU43UT8050FXKR,"스탠드_1,399,800|벽걸이_899,990"
10812396,삼성전자 QLED KQ43QT60AFXKR,"스탠드_1,000,000"
7598389,삼성전자 QLED QN82Q950RBFXKR,"스탠드_14,800,000|벽걸이_16,381,680"
7345270,삼성전자 QLED QN65Q80R 해외구매,"관부가세포함_1,589,370"
20027471,삼성전자 네오QLED QN65QN95C 해외구매,"관부가세포함_3,870,210|관부가세포함+캘리팩_3,987,220"
15041108,삼성전자 LH75QMRABGCXKR,"본체_2,025,700|벽걸이_2,140,000"
13533581,삼성전자 QLED QN75Q80A 해외구매,"관부가세포함_4,489,782"
13597346,삼성전자 Crystal UHD UN85TU800D 리퍼비시,"스탠드_2,527,000|벽걸이_2,650,500|방문수령_2,365,500"
19103177,삼성전자 네오QLED KQ65QNC700FXKR + 더 프리스타일 SP-LSBP3LAXKR 풀세트,"스탠드_4,710,000|풀모션 슬림핏 벽걸이_4,810,000"
19096598,삼성전자 네오QLED KQ65QNC85AFXKR + 더 프리스타일 SP-LSBP3LAXKR,"스탠드_3,740,000|풀모션 슬림핏 벽걸이_3,840,000"
13870721,삼성전자 Crystal UHD UN75AU8000 해외구매,"관부가세포함_1,790,390|관부가세별도_일시품절"
12653762,삼성전자 Crystal UHD KU58UT7000FXKR,"스탠드_1,199,000|벽걸이_1,499,800"
11026704,삼성전자 Crystal UHD KU55UT8050FXKR,"스탠드_1,260,000|벽걸이_1,173,800"
4606928,삼성전자 UN49K5100BFXKR,"스탠드_2,000,000"
19840325,삼성전자 Crystal UHD UN65TU7000 해외구매,"관부가세별도_1,093,660"
13013381,삼성전자 Crystal UHD KU55UT8180FXKR,"스탠드_1,401,940|벽걸이_일시품절"
13013063,삼성전자 Crystal UHD KU65UT8180FXKR,"스탠드_1,569,020|벽걸이_일시품절"
12977066,삼성전자 Crystal UHD UN65TU8200 리퍼비시,"스탠드_1,084,800|벽걸이_1,061,400"
12754613,삼성전자 LH82QETELGCXKR,"본체_2,811,760"
11086023,삼성전자 Crystal UHD KU50UT8090FXKR,"스탠드_1,152,400"
7544422,삼성전자 QLED QN75Q70RAFXKR,"스탠드_6,876,060|벽걸이_7,200,060"
10748919,삼성전자 LH65EDEPLGC,"본체_1,804,870|스탠드_1,889,870|벽걸이_1,889,870"
13722326,삼성전자 더 프레임 KQ50LSA03AFXKR,"스탠드_1,871,200|벽걸이_1,932,000"
13367714,삼성전자 네오QLED QN75QN85A 해외구매,"관부가세포함_3,956,290"
6705844,삼성전자 HG49NJ570MFXKR,"스탠드_800,000"
4945884,삼성전자 UN43K5120BFXKR,"벽걸이_772,800"
3162186,삼성전자 UN85JU7000FXKR,"스탠드_12,778,800|벽걸이_12,999,600"
15582806,삼성전자 네오QLED KQ55QNA88AFXKR,"스탠드_2,100,000|벽걸이_2,200,000"
15259922,삼성전자 LH55QMRABGCXKR,"본체_949,400|벽걸이_1,000,200"
13758899,삼성전자 Crystal UHD KU75UA8100FXKR,"스탠드_2,053,880|벽걸이_2,350,000"
13595966,삼성전자 Crystal UHD KU55UA9000FXKR,"스탠드_1,680,000|벽걸이_1,399,000"
12752882,삼성전자 QLED QN75Q90R 해외구매,"리퍼/중고_1,974,700|리퍼/중고, 방문수령_1,883,700"
11582498,삼성전자 Crystal UHD KU65UT7050FXKR,"스탠드_1,400,000|벽걸이_일시품절"
10737204,삼성전자 LH75EDEPLGC,"본체_2,200,000"
8678762,삼성전자 UN65RU6990FXKR,스탠드_일시품절
17107424,삼성전자 올레드 QN65S95B 해외구매,"관부가세포함_3,262,040"
16175336,삼성전자 QLED QN60Q60A 리퍼비시,"방문수령_912,576"
10876527,삼성전자 LH46OMNSLGB,"본체_1,685,000"
5866000,삼성전자 UN65MU6190V,"스탠드_1,594,290"
5117191,삼성전자 UN65MU6250FXKR,"스탠드_2,346,000|벽걸이_2,359,800"
11001027,삼성전자 QLED KQ85QT90AFXKR,"스탠드_15,000,000|벽걸이_15,000,000"
16938443,삼성전자 네오QLED QN65QN900B 해외구매,"관부가세포함_5,178,940"
10966005,삼성전자 QLED KQ65QT900SFXKR,"스탠드_일시품절|벽걸이_10,000,000"
4986765,삼성전자 QLED QN55Q8CAMFXKR,"스탠드_4,595,400"
16763150,삼성전자 네오QLED KQ55QNB88AFXKR,"스탠드_2,500,000|벽걸이_2,700,000"
14558384,삼성전자 Crystal UHD UN82TU6950 리퍼비시,"스탠드_1,749,000|방문수령_2,490,000"
13312895,삼성전자 더 세리프 KQ55LST01FFXKR,"스탠드_2,301,100"
8065552,삼성전자 UN43RU7190FXKR,"벽걸이_698,000"
8028346,삼성전자 UN55RU7470FXKR,"스탠드_1,154,160"
7552828,삼성전자 QLED QN75Q950RBFXKR,"스탠드_8,629,790"
6567070,삼성전자 QLED QN65Q8FNAFXKR,"스탠드_2,159,350|벽걸이_2,273,000"
17841941,삼성전자 더 세리프 QN65LS01B 해외구매,관부가세포함_일시품절
11219766,삼성전자 Crystal UHD KU65UT8100FXKR,"스탠드_1,780,000|벽걸이_1,780,000"
10998189,삼성전자 QLED KQ85QT95AFXKR,"스탠드_8,589,990|벽걸이_15,000,000"
10737759,삼성전자 LH55QHREBGCXKR,"본체_1,119,000"
7540471,삼성전자 QLED QN75Q90RAFXKR,"스탠드_6,747,900"
5137385,삼성전자 UN49M5550AFXKR,"벽걸이_1,159,200"
13595402,삼성전자 Crystal UHD KU65UA9000FXKR,"스탠드_1,839,000|벽걸이_3,115,000"
12829142,삼성전자 QLED KQ55QT89AFXKR,"스탠드_1,868,690|벽걸이_1,413,230"
10815591,삼성전자 QLED KQ55QT60AFXKR,"벽걸이_2,876,130"
4987611,삼성전자 UN49MU8000FXKR,"스탠드_1,669,800"
4248268,삼성전자 UN60KU6350FXKR,"스탠드_2,112,000|벽걸이_3,141,550"
26034185,삼성전자 QLED KQ55QC60AFXKR 사운드바 패키지,"스탠드+사운드바, HW-B650+갤럭시워치4_1,540,000|벽걸이+사운드바, HW-B650+갤럭시워치4_1,540,000"
17619494,삼성전자 더 테라스 KQ65LSTT7AFXKR,"스탠드_6,795,700|벽걸이_6,849,500"
15259988,삼성전자 LH65QMRABGCXKR,"본체_1,266,550|벽걸이_1,299,000"
13495538,삼성전자 네오QLED KQ75QNA900FXKR,"스탠드_14,227,000"
13264730,삼성전자 더 세리프 KQ43LST01EFXKR,"스탠드_1,889,990"
11322150,삼성전자 QLED KQ75QT65AFXKR,스탠드_일시품절|벽걸이_일시품절
7814224,삼성전자 더 세리프 QN43LS01RAFXKR,스탠드_일시품절
2576428,삼성전자 UN60H6550AF,"스탠드_2,509,000"
2489170,삼성전자 UN65HU8500F,"스탠드_3,000,000|벽걸이_3,000,000"
16693049,삼성전자 UN32N5300 리퍼비시,스탠드_일시품절|벽걸이_일시품절|방문수령_일시품절
16306184,삼성전자 LT24H315HKDXKR,"스탠드_789,000"
13534586,삼성전자 QLED QN85Q60A 해외구매,"관부가세포함_2,483,100"
21434693,삼성전자 QLED 70Q6DA 리퍼비시,"스탠드_1,269,980|벽걸이_일시품절|방문수령_일시품절"
11849656,삼성전자 LH49QBREBGCXKR,"본체_698,990"
10892631,삼성전자 QLED KQ82QT800AFXKR,"스탠드_6,000,000"
4920725,삼성전자 UN32K4110AFXKR,벽걸이_일시품절
4606915,삼성전자 UN55K5110BFXKR,"벽걸이_1,357,000"
12698243,삼성전자 UN32M4500 해외구매,"관부가세포함_386,520"
13073096,삼성전자 UN75RU7100 리퍼비시,"스탠드_일시품절|벽걸이_일시품절|방문수령_1,111,630"
10718757,삼성전자 Crystal UHD UN55TU8000 해외구매,"관부가세포함_947,510"
10714518,삼성전자 QLED KQ85QT950SFXKR,"스탠드_15,000,000"
7552825,삼성전자 QLED QN65Q950RBFXKR,"스탠드_5,629,990|미니슬림 벽걸이_일시품절"
16806698,삼성전자 더 프레임 QN85LS03B 해외구매,"관부가세포함_5,245,640"
13534400,삼성전자 QLED QN75Q70A 해외구매,"관부가세별도_3,159,240"
11806726,삼성전자 LH85QMNEBGCKR,"본체_4,850,000"
10888659,삼성전자 QLED QN85Q90T 해외구매,"관부가세포함_5,400,000"
5840711,삼성전자 UN55MU6190V,"미니슬림 벽걸이_1,014,690"
4816877,삼성전자 QLED QN75Q8CAMFXKR,"스탠드_7,000,000"
3095464,삼성전자 UN60JU6800F,"스탠드_3,300,000"
19388714,삼성전자 QM65R,"본체_1,384,000"
17265011,삼성전자 더 프레임 QN32LS03B 해외구매,"관부가세포함_1,117,560"
13312601,삼성전자 더 세리프 KQ43LST01FFXKR,"스탠드_1,664,700"
11073336,삼성전자 Crystal UHD KU75UT8090FXKR,"스탠드_2,720,570"
6108041,삼성전자 UN55NU7150FXKR,벽걸이_일시품절
20223245,삼성전자 Crystal UHD UN65TU8000 해외구매,"관부가세별도_1,416,050"
14802788,삼성전자 LH75QETELGCXKR,"본체_1,169,900"
11321073,삼성전자 LH49QMREBGCXKR,"본체_1,110,000"
7322314,삼성전자 HG55NJ690UFXKR,스탠드_일시품절
6715588,삼성전자 UN65NU7470FXKR,"벽걸이_2,170,200"
6069189,삼성전자 UN82NU8000 해외구매,"관부가세포함_3,789,550"
18895433,삼성전자 더 세리프 KQ65LSB01BFXKR + 더 프리스타일 SP-LSBP3LAXKR,"스탠드_2,150,000"
16959575,삼성전자 QLED QN75Q60B 해외구매,"관부가세포함_2,090,000"
13873736,삼성전자 Crystal UHD UN65AU8000 해외구매,"관부가세포함_1,413,500"
8679140,삼성전자 UN55RU6990FXKR,스탠드_일시품절|벽걸이_일시품절
17268962,삼성전자 네오QLED QN43QN90B 해외구매,"관부가세포함_1,984,300"
20470043,삼성전자 QLED QN82Q60T 리퍼비시 (1년 보증),"스탠드_일시품절|벽걸이_일시품절|방문수령_2,062,540"
19722473,삼성전자 QLED QN55Q6DA 리퍼비시,"방문수령_886,280"
17107670,삼성전자 올레드 QN55S95B 해외구매,"관부가세포함_2,501,520"
16939721,삼성전자 QLED QN75Q80B 해외구매,"관부가세포함_3,017,900"
16807451,삼성전자 네오QLED QN75QN800B 해외구매,"관부가세포함_4,804,570"
13373456,삼성전자 네오QLED QN75QN90A 해외구매,"관부가세포함_3,364,000"
12558002,삼성전자 Crystal UHD KU75UT7080FXKR,스탠드_일시품절
12099380,삼성전자 QLED QN65Q87RAFXKR,스탠드_일시품절
11583134,삼성전자 Crystal UHD KU55UT7050FXKR,스탠드_일시품절|벽걸이_일시품절
10877187,삼성전자 LH82QEREBGCXKR,"본체_4,158,000"
8675852,삼성전자 UN75RU6990FXKR,스탠드_일시품절|벽걸이_일시품절
7044484,삼성전자 LH49DCJPLGA,"스탠드_688,990|벽걸이_일시품절"
14449955,삼성전자 더 세리프 KQ50LST01EFXKR,"스탠드_1,980,600"
6436203,삼성전자 UN75NU7050FXKR,"스탠드_2,880,000"
2489318,삼성전자 UN65H8000AF,"스탠드_4,000,000"
11849473,삼성전자 LH98QMNEBGCKR,"본체_19,614,000"
10877268,삼성전자 LH98QBREBGCXKR,"본체_19,000,000"
7540507,삼성전자 QLED QN55Q70RAFXKR,"스탠드_1,540,000"
17269295,삼성전자 QLED QN50Q80B 해외구매,"관부가세포함_1,645,770"
12828668,삼성전자 QLED KQ55QT85AFXKR,"스탠드_일시품절|벽걸이_1,997,450"
10953471,삼성전자 QLED KQ75QT900SFXKR,"스탠드_7,968,000"
20218637,삼성전자 Crystal UHD UN85TU7000 해외구매,관부가세별도_일시품절
17468873,삼성전자 QLED QN65Q80A 리퍼비시,"스탠드_일시품절|벽걸이_일시품절|방문수령_1,570,680"
18895352,삼성전자 더 세리프 KQ55LSB01AFXKR + 더 프리스타일 SP-LSBP3LAXKR,스탠드_일시품절
9201834,삼성전자 QLED QN65Q65RAFXKR,스탠드_일시품절|벽걸이_일시품절
7812289,삼성전자 더 프레임 QN49LS03RAFXKR,스탠드_일시품절
16833074,삼성전자 LH015IERKLS,본체_일시품절
15354857,삼성전자 더 세리프 KQ65LST01FFXKR,"스탠드_2,631,400"
13312829,삼성전자 더 세리프 KQ49LST01FFXKR,"스탠드_2,812,300"
10734837,삼성전자 LH75QBNEBGC,"본체_2,352,000"
15436403,삼성전자 LH46VMTUBGBXKR,"본체_10,999,000"
7769167,삼성전자 QLED QN82Q90RAFXKR,스탠드_일시품절
6116375,삼성전자 UN49NU7150FXKR,미니슬림 벽걸이_일시품절
27521354,삼성전자 QLED KQ75QC65AFXKR 사운드바 패키지,"벽걸이+HW-Q600C_3,245,700"
23627516,삼성전자 더 테라스 QN65LST9T 해외구매,관부가세별도_일시품절
20324831,삼성전자 Crystal UHD UN86TU9010 해외구매,"관부가세별도_3,265,160"
20315207,삼성전자 Crystal UHD UN55TU850D 리퍼비시,"방문수령_800,730"
20227688,삼성전자 Crystal UHD UN60TU7000 해외구매,"관부가세별도_1,071,670"
20226206,삼성전자 Crystal UHD UN50AU8000 해외구매,"관부가세별도_828,240"
17470916,삼성전자 QLED QN55Q70A 리퍼비시,"벽걸이_일시품절|방문수령_744,990"
19723832,삼성전자 QLED QN43Q6DAA 리퍼비시,"방문수령_520,800"
19722347,삼성전자 QLED QN55Q7DAA 리퍼비시,"방문수령_860,990"
19722134,삼성전자 Crystal UHD 43TU7105 리퍼비시,방문수령_일시품절
19721828,삼성전자 Crystal UHD 65TU7105 리퍼비시,"스탠드_1,040,000"
18895487,삼성전자 더 세리프 KQ55LSB01PFXKR + 더 프리스타일 SP-LSBP3LAXKR,스탠드_일시품절
18698864,삼성전자 Crystal UHD UA85AU7000 리퍼비시,"방문수령_2,100,000"
18000377,삼성전자 호텔TV HG75BU800NFXKR,"스탠드_2,875,000"
18000302,삼성전자 호텔TV HG65BU800NFXKR,"스탠드_1,799,000|벽걸이_일시품절"
18000209,삼성전자 호텔TV HG55BU800NFXKR,"스탠드_1,505,000|벽걸이_일시품절"
18000137,삼성전자 호텔TV HG50BU800NFXKR,"스탠드_1,200,000"
18000041,삼성전자 호텔TV HG43BU800NFXKR,"스탠드_1,099,000|벽걸이_일시품절"
17841908,삼성전자 더 세리프 QN43LS01B 해외구매,관부가세포함_일시품절
17841785,삼성전자 더 세리프 QN55LS01B 해외구매,관부가세포함_일시품절
17765009,삼성전자 HG75NJ690YFXKR,"스탠드_3,169,000"
17598359,삼성전자 네오QLED QN65QN95B 해외구매,"관부가세포함_3,353,000"
17552561,삼성전자 LH85QMBEBGCXKR,"본체_3,449,000"
17552489,삼성전자 LH85QBBEBGCXKR,"본체_2,759,000"
17354420,삼성전자 네오QLED QN75QN84 리퍼비시,"방문수령_2,471,990"
17268752,삼성전자 네오QLED QN50QN90B 해외구매,"관부가세포함_2,366,470"
17268191,삼성전자 QLED QN43Q60B 해외구매,"관부가세포함_1,169,500"
17265641,삼성전자 QLED QN50Q60B 해외구매,"관부가세포함_1,328,300"
17265140,삼성전자 더 프레임 QN50LS03B 해외구매,"관부가세포함_1,918,270"
17264843,삼성전자 더 프레임 QN43LS03B 해외구매,"관부가세포함_1,755,730"
17120702,삼성전자 LH7QHBEBGCXKR,"본체_2,309,200"
17073119,삼성전자 LH75QBHPLGC,본체_일시품절
16961069,삼성전자 QLED QN55Q60B 해외구매,"관부가세포함_1,588,640"
16960787,삼성전자 QLED QN60Q60B 해외구매,"관부가세포함_1,664,460"
16960526,삼성전자 QLED QN65Q60B 해외구매,"관부가세포함_1,892,110"
16940120,삼성전자 QLED QN55Q80B 해외구매,"관부가세포함_1,825,430"
16939496,삼성전자 더 프레임 QN55LS03B 해외구매,"관부가세포함_2,068,400"
16939199,삼성전자 더 프레임 QN65LS03B 해외구매,"관부가세포함_2,978,180"
16938671,삼성전자 QLED QN65Q80B 해외구매,"관부가세포함_2,131,590"
16938098,삼성전자 네오QLED QN65QN800B 해외구매,"관부가세포함_4,243,580"
16767401,삼성전자 HG65NJ690YFXKR,"스탠드_1,041,050"
16371107,삼성전자 QLED QN50Q60A 리퍼비시,"방문수령_799,790"
15436565,삼성전자 LH55VMTUBGBXKR,"본체_2,119,000"
15259811,삼성전자 LH50QMRABGCXKR,"본체_766,320"
14385545,삼성전자 네오QLED QN50QN90A 해외구매,"관부가세포함_3,000,000"
14078378,삼성전자 Crystal UHD KU85UA7070FXKR,"스탠드_2,363,090"
13534649,삼성전자 QLED QN75Q60A 해외구매,"관부가세포함_2,414,900"
13533611,삼성전자 QLED QN65Q80A 해외구매,"관부가세포함_2,774,173"
13531709,삼성전자 더 프레임 QN75LS03A 해외구매,관부가세포함_일시품절
13398194,삼성전자 LH43QBREBGCXKR,"본체_597,110"
13098116,삼성전자 LH50QMREBGCXKR,"본체_838,990"
13097669,삼성전자 LH55UMHHLBB,"본체_6,288,700"
11849197,삼성전자 LH65QMREBGCXKR,"본체_1,308,000"
11321265,삼성전자 LH43QHREBGCXKR,"본체_806,990"
11320449,삼성전자 LH49QHREBGCXKR,"본체_1,299,000"
11301297,삼성전자 QLED QN65Q8FN 리퍼비시,"방문수령_1,980,000"
10876461,삼성전자 LH55OMNSLGB,"본체_2,449,000"
10737327,삼성전자 LH55OMNDPGB,"본체_4,734,000"
10734558,삼성전자 LH65QBNEBGC,"본체_1,350,000"
10734366,삼성전자 LH55DCEPLGC,"본체_2,728,000"
10720857,삼성전자 QLED QN50Q60T 해외구매,"관부가세포함_1,001,880"
10719033,삼성전자 Crystal UHD UN50TU8000 해외구매,"관부가세별도_1,053,680"
10718199,삼성전자 QLED QN65Q90T 해외구매,"관부가세포함_2,293,580"
10714464,삼성전자 QLED QN65Q800T 해외구매,"관부가세포함_3,211,280"
10113609,삼성전자 더 세리프 QN43LS01RDFXKR,"스탠드_1,754,400"
9448635,삼성전자 HG49NJ670UFXKR,스탠드_일시품절
9202134,삼성전자 QLED QN55Q65RAFXKR,스탠드_일시품절|벽걸이_일시품절
9218316,삼성전자 QLED QN55Q75RAFXKR,"스탠드_2,081,630"
8683538,삼성전자 UN49RU6990FXKR,"스탠드_906,650"
7864351,삼성전자 UN55RU7300 해외구매,"관부가세포함_1,044,290"
7783837,삼성전자 더 세리프 QN49LS01RAFXKR,스탠드_일시품절
7638154,삼성전자 UN65RU8100FXKR,미니슬림 벽걸이_일시품절
7602091,삼성전자 UN55RU7150FXKR,벽걸이_일시품절
7322779,삼성전자 HG55NJ670UFXKR,스탠드_일시품절
7202920,삼성전자 QLED QN75Q7FNAFVKR,벽걸이_일시품절
6996976,삼성전자 UN75NU7010FXKR,벽걸이_일시품절
6473790,삼성전자 QLED QN75Q6FNKFXKR,스탠드_일시품절
6253976,삼성전자 UN43MU6300FXKR,리퍼/중고_일시품절
6120797,삼성전자 UN75NU7150FXKR,스탠드_일시품절|벽걸이_일시품절
6116367,삼성전자 UN49NU7170FXKR,"벽걸이_1,049,500"
6108137,삼성전자 UN65NU7400FXKR,"벽걸이_2,156,100"
5294481,삼성전자 UN49MU6350FXKR,"벽걸이_1,277,000"
5137148,삼성전자 UN75MU6300FXKR,"벽걸이_4,795,960"
